ISO-10303-21;
HEADER;
/* Generated by software containing ST-Developer
 * from STEP Tools, Inc. (www.steptools.com) 
 */
/* OPTION: using custom renumber hook */

FILE_DESCRIPTION(
/* description */ ('STEP AP242 Edition 2',
'CAx-IF Rec.Pracs.---Representation and Presentation of Product Manufa
cturing Information (PMI)---4.0---2014-10-13',
'CAx-IF Rec.Pracs.---3D Tessellated Geometry---0.4---2014-09-14','2;1',
'CAx-IF Rec.Pracs.---User Defined Attributes---1.5---2016-08-15'),
/* implementation_level */ '2;1');

FILE_NAME(
/* name */ 'Part Studio top & bottom',
/* time_stamp */ '2026-05-17T12:23:56Z',
/* author */ (''),
/* organization */ (''),
/* preprocessor_version */ 'ST-DEVELOPER v20',
/* originating_system */ 'ONSHAPE BY PTC INC, 1.215',
/* authorisation */ '  ');

FILE_SCHEMA (('AP242_MANAGED_MODEL_BASED_3D_ENGINEERING_MIM_LF { 1 0 10303 442 3 1 4 }'));
ENDSEC;

DATA;
#10=B_SPLINE_CURVE_WITH_KNOTS('',3,(#9840,#9841,#9842,#9843),
 .UNSPECIFIED.,.F.,.F.,(4,4),(-6.33160955876175E-6,5.97081809683004E-5),
 .UNSPECIFIED.);
#11=B_SPLINE_CURVE_WITH_KNOTS('',3,(#9847,#9848,#9849,#9850),
 .UNSPECIFIED.,.F.,.F.,(4,4),(4.51067085076887E-5,0.000570238206122482),
 .UNSPECIFIED.);
#12=ELLIPSE('',#6677,0.00141421356237309,0.001);
#13=ELLIPSE('',#6679,0.00141421356237309,0.001);
#14=ELLIPSE('',#6681,0.00141421356237309,0.001);
#15=ELLIPSE('',#6684,0.00141421356237309,0.001);
#16=SPHERICAL_SURFACE('',#6446,0.001);
#17=SPHERICAL_SURFACE('',#6456,0.001);
#18=SPHERICAL_SURFACE('',#6458,0.001);
#19=SPHERICAL_SURFACE('',#6486,0.001);
#20=SPHERICAL_SURFACE('',#6488,0.001);
#21=SPHERICAL_SURFACE('',#6688,0.001);
#22=SPHERICAL_SURFACE('',#6712,0.001);
#23=SPHERICAL_SURFACE('',#6718,0.001);
#24=TOROIDAL_SURFACE('',#6444,0.002,0.001);
#25=TOROIDAL_SURFACE('',#6470,0.002,0.001);
#26=TOROIDAL_SURFACE('',#6472,0.003,0.001);
#27=TOROIDAL_SURFACE('',#6474,0.003,0.001);
#28=TOROIDAL_SURFACE('',#6476,0.002,0.001);
#29=TOROIDAL_SURFACE('',#6672,0.0015,0.001);
#30=TOROIDAL_SURFACE('',#6674,0.0015,0.001);
#31=TOROIDAL_SURFACE('',#6682,0.003,0.001);
#32=TOROIDAL_SURFACE('',#6697,0.003,0.001);
#33=TOROIDAL_SURFACE('',#6700,0.002,0.001);
#34=TOROIDAL_SURFACE('',#6709,0.003,0.001);
#35=CYLINDRICAL_SURFACE('',#6397,0.004);
#36=CYLINDRICAL_SURFACE('',#6400,0.004);
#37=CYLINDRICAL_SURFACE('',#6413,0.0025);
#38=CYLINDRICAL_SURFACE('',#6415,0.0025);
#39=CYLINDRICAL_SURFACE('',#6433,0.001);
#40=CYLINDRICAL_SURFACE('',#6434,0.001);
#41=CYLINDRICAL_SURFACE('',#6435,0.001);
#42=CYLINDRICAL_SURFACE('',#6436,0.001);
#43=CYLINDRICAL_SURFACE('',#6437,0.001);
#44=CYLINDRICAL_SURFACE('',#6439,0.001);
#45=CYLINDRICAL_SURFACE('',#6441,0.001);
#46=CYLINDRICAL_SURFACE('',#6448,0.001);
#47=CYLINDRICAL_SURFACE('',#6450,0.001);
#48=CYLINDRICAL_SURFACE('',#6452,0.001);
#49=CYLINDRICAL_SURFACE('',#6454,0.001);
#50=CYLINDRICAL_SURFACE('',#6460,0.001);
#51=CYLINDRICAL_SURFACE('',#6462,0.001);
#52=CYLINDRICAL_SURFACE('',#6465,0.001);
#53=CYLINDRICAL_SURFACE('',#6467,0.001);
#54=CYLINDRICAL_SURFACE('',#6478,0.001);
#55=CYLINDRICAL_SURFACE('',#6480,0.001);
#56=CYLINDRICAL_SURFACE('',#6482,0.001);
#57=CYLINDRICAL_SURFACE('',#6484,0.001);
#58=CYLINDRICAL_SURFACE('',#6490,0.001);
#59=CYLINDRICAL_SURFACE('',#6491,0.001);
#60=CYLINDRICAL_SURFACE('',#6492,0.001);
#61=CYLINDRICAL_SURFACE('',#6506,0.00276);
#62=CYLINDRICAL_SURFACE('',#6509,0.00196);
#63=CYLINDRICAL_SURFACE('',#6576,0.0025);
#64=CYLINDRICAL_SURFACE('',#6580,0.0025);
#65=CYLINDRICAL_SURFACE('',#6592,0.0032);
#66=CYLINDRICAL_SURFACE('',#6596,0.0032);
#67=CYLINDRICAL_SURFACE('',#6604,0.001);
#68=CYLINDRICAL_SURFACE('',#6627,0.004);
#69=CYLINDRICAL_SURFACE('',#6629,0.004);
#70=CYLINDRICAL_SURFACE('',#6638,0.0033);
#71=CYLINDRICAL_SURFACE('',#6641,0.0033);
#72=CYLINDRICAL_SURFACE('',#6655,0.0025);
#73=CYLINDRICAL_SURFACE('',#6658,0.0025);
#74=CYLINDRICAL_SURFACE('',#6661,0.00146);
#75=CYLINDRICAL_SURFACE('',#6667,0.002);
#76=CYLINDRICAL_SURFACE('',#6669,0.001);
#77=CYLINDRICAL_SURFACE('',#6676,0.001);
#78=CYLINDRICAL_SURFACE('',#6678,0.001);
#79=CYLINDRICAL_SURFACE('',#6680,0.001);
#80=CYLINDRICAL_SURFACE('',#6683,0.001);
#81=CYLINDRICAL_SURFACE('',#6685,0.001);
#82=CYLINDRICAL_SURFACE('',#6686,0.001);
#83=CYLINDRICAL_SURFACE('',#6691,0.001);
#84=CYLINDRICAL_SURFACE('',#6693,0.001);
#85=CYLINDRICAL_SURFACE('',#6695,0.001);
#86=CYLINDRICAL_SURFACE('',#6703,0.001);
#87=CYLINDRICAL_SURFACE('',#6705,0.001);
#88=CYLINDRICAL_SURFACE('',#6707,0.001);
#89=CYLINDRICAL_SURFACE('',#6714,0.001);
#90=CYLINDRICAL_SURFACE('',#6716,0.001);
#91=CYLINDRICAL_SURFACE('',#6720,0.001);
#92=CYLINDRICAL_SURFACE('',#6728,0.003);
#93=CYLINDRICAL_SURFACE('',#6729,0.002);
#94=CYLINDRICAL_SURFACE('',#6731,0.002);
#95=CYLINDRICAL_SURFACE('',#6735,0.003);
#96=CYLINDRICAL_SURFACE('',#6740,0.002);
#97=CYLINDRICAL_SURFACE('',#6744,0.003);
#98=CYLINDRICAL_SURFACE('',#6749,0.00276);
#99=CYLINDRICAL_SURFACE('',#6750,0.00196);
#100=CYLINDRICAL_SURFACE('',#6832,0.002);
#101=CYLINDRICAL_SURFACE('',#6837,0.003);
#102=CYLINDRICAL_SURFACE('',#6843,0.002);
#103=CYLINDRICAL_SURFACE('',#6847,0.003);
#104=CYLINDRICAL_SURFACE('',#6853,0.002);
#105=CYLINDRICAL_SURFACE('',#6858,0.003);
#106=CIRCLE('',#6376,0.001);
#107=CIRCLE('',#6377,0.0025);
#108=CIRCLE('',#6378,0.0025);
#109=CIRCLE('',#6379,0.001);
#110=CIRCLE('',#6383,0.001);
#111=CIRCLE('',#6384,0.004);
#112=CIRCLE('',#6385,0.004);
#113=CIRCLE('',#6386,0.001);
#114=CIRCLE('',#6387,0.001);
#115=CIRCLE('',#6388,0.001);
#116=CIRCLE('',#6389,0.001);
#117=CIRCLE('',#6390,0.001);
#118=CIRCLE('',#6391,0.0025);
#119=CIRCLE('',#6392,0.0025);
#120=CIRCLE('',#6393,0.001);
#121=CIRCLE('',#6396,0.002);
#122=CIRCLE('',#6398,0.004);
#123=CIRCLE('',#6401,0.004);
#124=CIRCLE('',#6403,0.002);
#125=CIRCLE('',#6407,0.003);
#126=CIRCLE('',#6408,0.003);
#127=CIRCLE('',#6411,0.002);
#128=CIRCLE('',#6419,0.001);
#129=CIRCLE('',#6421,0.001);
#130=CIRCLE('',#6423,0.001);
#131=CIRCLE('',#6424,0.001);
#132=CIRCLE('',#6426,0.001);
#133=CIRCLE('',#6428,0.001);
#134=CIRCLE('',#6429,0.001);
#135=CIRCLE('',#6438,0.001);
#136=CIRCLE('',#6440,0.001);
#137=CIRCLE('',#6442,0.001);
#138=CIRCLE('',#6443,0.001);
#139=CIRCLE('',#6445,0.001);
#140=CIRCLE('',#6447,0.001);
#141=CIRCLE('',#6449,0.001);
#142=CIRCLE('',#6451,0.001);
#143=CIRCLE('',#6453,0.001);
#144=CIRCLE('',#6455,0.001);
#145=CIRCLE('',#6457,0.001);
#146=CIRCLE('',#6459,0.001);
#147=CIRCLE('',#6461,0.001);
#148=CIRCLE('',#6463,0.001);
#149=CIRCLE('',#6464,0.001);
#150=CIRCLE('',#6466,0.001);
#151=CIRCLE('',#6468,0.001);
#152=CIRCLE('',#6469,0.001);
#153=CIRCLE('',#6471,0.001);
#154=CIRCLE('',#6473,0.001);
#155=CIRCLE('',#6475,0.001);
#156=CIRCLE('',#6477,0.001);
#157=CIRCLE('',#6479,0.001);
#158=CIRCLE('',#6481,0.001);
#159=CIRCLE('',#6483,0.001);
#160=CIRCLE('',#6485,0.001);
#161=CIRCLE('',#6487,0.001);
#162=CIRCLE('',#6489,0.001);
#163=CIRCLE('',#6507,0.00276);
#164=CIRCLE('',#6508,0.00276);
#165=CIRCLE('',#6510,0.00196);
#166=CIRCLE('',#6511,0.00196);
#167=CIRCLE('',#6577,0.0025);
#168=CIRCLE('',#6578,0.0025);
#169=CIRCLE('',#6581,0.0025);
#170=CIRCLE('',#6582,0.0025);
#171=CIRCLE('',#6593,0.0032);
#172=CIRCLE('',#6594,0.0032);
#173=CIRCLE('',#6597,0.0032);
#174=CIRCLE('',#6598,0.0032);
#175=CIRCLE('',#6601,0.001);
#176=CIRCLE('',#6603,0.001);
#177=CIRCLE('',#6609,0.00276);
#178=CIRCLE('',#6610,0.002);
#179=CIRCLE('',#6611,0.002);
#180=CIRCLE('',#6612,0.003);
#181=CIRCLE('',#6614,0.00146);
#182=CIRCLE('',#6615,0.00196);
#183=CIRCLE('',#6618,0.001);
#184=CIRCLE('',#6619,0.004);
#185=CIRCLE('',#6620,0.0033);
#186=CIRCLE('',#6621,0.0033);
#187=CIRCLE('',#6622,0.004);
#188=CIRCLE('',#6623,0.001);
#189=CIRCLE('',#6624,0.001);
#190=CIRCLE('',#6625,0.001);
#191=CIRCLE('',#6628,0.004);
#192=CIRCLE('',#6630,0.004);
#193=CIRCLE('',#6639,0.0033);
#194=CIRCLE('',#6642,0.0033);
#195=CIRCLE('',#6644,0.0025);
#196=CIRCLE('',#6645,0.0025);
#197=CIRCLE('',#6647,0.0015);
#198=CIRCLE('',#6648,0.0015);
#199=CIRCLE('',#6649,0.003);
#200=CIRCLE('',#6650,0.00146);
#201=CIRCLE('',#6656,0.0025);
#202=CIRCLE('',#6659,0.0025);
#203=CIRCLE('',#6666,0.002);
#204=CIRCLE('',#6668,0.002);
#205=CIRCLE('',#6670,0.001);
#206=CIRCLE('',#6671,0.001);
#207=CIRCLE('',#6673,0.001);
#208=CIRCLE('',#6675,0.001);
#209=CIRCLE('',#6687,0.001);
#210=CIRCLE('',#6689,0.001);
#211=CIRCLE('',#6690,0.001);
#212=CIRCLE('',#6692,0.001);
#213=CIRCLE('',#6694,0.001);
#214=CIRCLE('',#6696,0.001);
#215=CIRCLE('',#6698,0.001);
#216=CIRCLE('',#6699,0.003);
#217=CIRCLE('',#6701,0.002);
#218=CIRCLE('',#6702,0.001);
#219=CIRCLE('',#6704,0.001);
#220=CIRCLE('',#6706,0.001);
#221=CIRCLE('',#6708,0.001);
#222=CIRCLE('',#6710,0.001);
#223=CIRCLE('',#6711,0.003);
#224=CIRCLE('',#6713,0.001);
#225=CIRCLE('',#6715,0.001);
#226=CIRCLE('',#6717,0.001);
#227=CIRCLE('',#6719,0.001);
#228=CIRCLE('',#6722,0.003);
#229=CIRCLE('',#6723,0.002);
#230=CIRCLE('',#6724,0.003);
#231=CIRCLE('',#6725,0.002);
#232=CIRCLE('',#6726,0.003);
#233=CIRCLE('',#6727,0.002);
#234=CIRCLE('',#6747,0.00276);
#235=CIRCLE('',#6748,0.00196);
#236=CIRCLE('',#6833,0.002);
#237=CIRCLE('',#6834,0.002);
#238=CIRCLE('',#6838,0.003);
#239=CIRCLE('',#6839,0.003);
#240=CIRCLE('',#6844,0.002);
#241=CIRCLE('',#6845,0.002);
#242=CIRCLE('',#6848,0.003);
#243=CIRCLE('',#6849,0.003);
#244=CIRCLE('',#6854,0.002);
#245=CIRCLE('',#6855,0.002);
#246=CIRCLE('',#6859,0.003);
#247=CIRCLE('',#6860,0.003);
#248=SHAPE_REPRESENTATION_RELATIONSHIP('','',#6349,#259);
#249=SHAPE_REPRESENTATION_RELATIONSHIP('','',#6350,#260);
#250=SHAPE_REPRESENTATION_RELATIONSHIP('','',#6351,#261);
#251=SHAPE_REPRESENTATION_RELATIONSHIP('','',#6352,#262);
#252=SHAPE_REPRESENTATION_RELATIONSHIP('','',#6353,#263);
#253=SHAPE_REPRESENTATION_RELATIONSHIP('','',#6354,#264);
#254=SHAPE_REPRESENTATION_RELATIONSHIP('','',#6355,#265);
#255=SHAPE_REPRESENTATION_RELATIONSHIP('','',#6356,#266);
#256=SHAPE_REPRESENTATION_RELATIONSHIP('','',#6357,#267);
#257=SHAPE_REPRESENTATION_RELATIONSHIP('','',#6358,#268);
#258=SHAPE_REPRESENTATION_RELATIONSHIP('','',#6359,#269);
#259=ADVANCED_BREP_SHAPE_REPRESENTATION('',(#6327),#10396);
#260=ADVANCED_BREP_SHAPE_REPRESENTATION('',(#6328),#10397);
#261=ADVANCED_BREP_SHAPE_REPRESENTATION('',(#6329),#10398);
#262=ADVANCED_BREP_SHAPE_REPRESENTATION('',(#6330),#10399);
#263=ADVANCED_BREP_SHAPE_REPRESENTATION('',(#6331),#10400);
#264=ADVANCED_BREP_SHAPE_REPRESENTATION('',(#6332),#10401);
#265=ADVANCED_BREP_SHAPE_REPRESENTATION('',(#6333),#10402);
#266=ADVANCED_BREP_SHAPE_REPRESENTATION('',(#6334),#10403);
#267=ADVANCED_BREP_SHAPE_REPRESENTATION('',(#6335),#10404);
#268=ADVANCED_BREP_SHAPE_REPRESENTATION('',(#6336),#10405);
#269=ADVANCED_BREP_SHAPE_REPRESENTATION('',(#6337),#10406);
#270=ORIENTED_EDGE('',*,*,#2006,.F.);
#271=ORIENTED_EDGE('',*,*,#2007,.T.);
#272=ORIENTED_EDGE('',*,*,#2008,.T.);
#273=ORIENTED_EDGE('',*,*,#2009,.F.);
#274=ORIENTED_EDGE('',*,*,#2010,.F.);
#275=ORIENTED_EDGE('',*,*,#2011,.T.);
#276=ORIENTED_EDGE('',*,*,#2006,.T.);
#277=ORIENTED_EDGE('',*,*,#2012,.F.);
#278=ORIENTED_EDGE('',*,*,#2013,.F.);
#279=ORIENTED_EDGE('',*,*,#2014,.T.);
#280=ORIENTED_EDGE('',*,*,#2010,.T.);
#281=ORIENTED_EDGE('',*,*,#2015,.F.);
#282=ORIENTED_EDGE('',*,*,#2016,.F.);
#283=ORIENTED_EDGE('',*,*,#2017,.T.);
#284=ORIENTED_EDGE('',*,*,#2013,.T.);
#285=ORIENTED_EDGE('',*,*,#2018,.F.);
#286=ORIENTED_EDGE('',*,*,#2019,.F.);
#287=ORIENTED_EDGE('',*,*,#2020,.T.);
#288=ORIENTED_EDGE('',*,*,#2016,.T.);
#289=ORIENTED_EDGE('',*,*,#2021,.F.);
#290=ORIENTED_EDGE('',*,*,#2022,.T.);
#291=ORIENTED_EDGE('',*,*,#2023,.T.);
#292=ORIENTED_EDGE('',*,*,#2024,.T.);
#293=ORIENTED_EDGE('',*,*,#2021,.T.);
#294=ORIENTED_EDGE('',*,*,#2018,.T.);
#295=ORIENTED_EDGE('',*,*,#2015,.T.);
#296=ORIENTED_EDGE('',*,*,#2012,.T.);
#297=ORIENTED_EDGE('',*,*,#2009,.T.);
#298=ORIENTED_EDGE('',*,*,#2025,.F.);
#299=ORIENTED_EDGE('',*,*,#2026,.T.);
#300=ORIENTED_EDGE('',*,*,#2019,.T.);
#301=ORIENTED_EDGE('',*,*,#2024,.F.);
#302=ORIENTED_EDGE('',*,*,#2008,.F.);
#303=ORIENTED_EDGE('',*,*,#2027,.T.);
#304=ORIENTED_EDGE('',*,*,#2028,.T.);
#305=ORIENTED_EDGE('',*,*,#2022,.F.);
#306=ORIENTED_EDGE('',*,*,#2028,.F.);
#307=ORIENTED_EDGE('',*,*,#2029,.T.);
#308=ORIENTED_EDGE('',*,*,#2025,.T.);
#309=ORIENTED_EDGE('',*,*,#2023,.F.);
#310=ORIENTED_EDGE('',*,*,#2027,.F.);
#311=ORIENTED_EDGE('',*,*,#2007,.F.);
#312=ORIENTED_EDGE('',*,*,#2011,.F.);
#313=ORIENTED_EDGE('',*,*,#2014,.F.);
#314=ORIENTED_EDGE('',*,*,#2017,.F.);
#315=ORIENTED_EDGE('',*,*,#2020,.F.);
#316=ORIENTED_EDGE('',*,*,#2026,.F.);
#317=ORIENTED_EDGE('',*,*,#2029,.F.);
#318=ORIENTED_EDGE('',*,*,#2030,.T.);
#319=ORIENTED_EDGE('',*,*,#2031,.T.);
#320=ORIENTED_EDGE('',*,*,#2032,.F.);
#321=ORIENTED_EDGE('',*,*,#2033,.T.);
#322=ORIENTED_EDGE('',*,*,#2034,.T.);
#323=ORIENTED_EDGE('',*,*,#2035,.T.);
#324=ORIENTED_EDGE('',*,*,#2036,.T.);
#325=ORIENTED_EDGE('',*,*,#2037,.T.);
#326=ORIENTED_EDGE('',*,*,#2038,.T.);
#327=ORIENTED_EDGE('',*,*,#2039,.T.);
#328=ORIENTED_EDGE('',*,*,#2040,.T.);
#329=ORIENTED_EDGE('',*,*,#2041,.F.);
#330=ORIENTED_EDGE('',*,*,#2042,.F.);
#331=ORIENTED_EDGE('',*,*,#2043,.T.);
#332=ORIENTED_EDGE('',*,*,#2044,.F.);
#333=ORIENTED_EDGE('',*,*,#2045,.T.);
#334=ORIENTED_EDGE('',*,*,#2038,.F.);
#335=ORIENTED_EDGE('',*,*,#2046,.T.);
#336=ORIENTED_EDGE('',*,*,#2047,.F.);
#337=ORIENTED_EDGE('',*,*,#2048,.T.);
#338=ORIENTED_EDGE('',*,*,#2036,.F.);
#339=ORIENTED_EDGE('',*,*,#2049,.T.);
#340=ORIENTED_EDGE('',*,*,#2050,.F.);
#341=ORIENTED_EDGE('',*,*,#2051,.T.);
#342=ORIENTED_EDGE('',*,*,#2052,.F.);
#343=ORIENTED_EDGE('',*,*,#2053,.T.);
#344=ORIENTED_EDGE('',*,*,#2054,.T.);
#345=ORIENTED_EDGE('',*,*,#2055,.F.);
#346=ORIENTED_EDGE('',*,*,#2056,.T.);
#347=ORIENTED_EDGE('',*,*,#2057,.T.);
#348=ORIENTED_EDGE('',*,*,#2058,.T.);
#349=ORIENTED_EDGE('',*,*,#2059,.T.);
#350=ORIENTED_EDGE('',*,*,#2060,.T.);
#351=ORIENTED_EDGE('',*,*,#2061,.T.);
#352=ORIENTED_EDGE('',*,*,#2062,.T.);
#353=ORIENTED_EDGE('',*,*,#2063,.F.);
#354=ORIENTED_EDGE('',*,*,#2064,.T.);
#355=ORIENTED_EDGE('',*,*,#2065,.F.);
#356=ORIENTED_EDGE('',*,*,#2066,.T.);
#357=ORIENTED_EDGE('',*,*,#2067,.T.);
#358=ORIENTED_EDGE('',*,*,#2068,.T.);
#359=ORIENTED_EDGE('',*,*,#2069,.T.);
#360=ORIENTED_EDGE('',*,*,#2070,.T.);
#361=ORIENTED_EDGE('',*,*,#2071,.T.);
#362=ORIENTED_EDGE('',*,*,#2072,.F.);
#363=ORIENTED_EDGE('',*,*,#2073,.T.);
#364=ORIENTED_EDGE('',*,*,#2074,.F.);
#365=ORIENTED_EDGE('',*,*,#2075,.F.);
#366=ORIENTED_EDGE('',*,*,#2051,.F.);
#367=ORIENTED_EDGE('',*,*,#2076,.T.);
#368=ORIENTED_EDGE('',*,*,#2077,.F.);
#369=ORIENTED_EDGE('',*,*,#2078,.T.);
#370=ORIENTED_EDGE('',*,*,#2034,.F.);
#371=ORIENTED_EDGE('',*,*,#2079,.T.);
#372=ORIENTED_EDGE('',*,*,#2080,.F.);
#373=ORIENTED_EDGE('',*,*,#2081,.T.);
#374=ORIENTED_EDGE('',*,*,#2040,.F.);
#375=ORIENTED_EDGE('',*,*,#2082,.T.);
#376=ORIENTED_EDGE('',*,*,#2083,.F.);
#377=ORIENTED_EDGE('',*,*,#2084,.T.);
#378=ORIENTED_EDGE('',*,*,#2030,.F.);
#379=ORIENTED_EDGE('',*,*,#2085,.F.);
#380=ORIENTED_EDGE('',*,*,#2086,.F.);
#381=ORIENTED_EDGE('',*,*,#2087,.T.);
#382=ORIENTED_EDGE('',*,*,#2088,.T.);
#383=ORIENTED_EDGE('',*,*,#2089,.T.);
#384=ORIENTED_EDGE('',*,*,#2090,.F.);
#385=ORIENTED_EDGE('',*,*,#2091,.F.);
#386=ORIENTED_EDGE('',*,*,#2092,.T.);
#387=ORIENTED_EDGE('',*,*,#2093,.F.);
#388=ORIENTED_EDGE('',*,*,#2094,.F.);
#389=ORIENTED_EDGE('',*,*,#2095,.T.);
#390=ORIENTED_EDGE('',*,*,#2096,.T.);
#391=ORIENTED_EDGE('',*,*,#2068,.F.);
#392=ORIENTED_EDGE('',*,*,#2097,.T.);
#393=ORIENTED_EDGE('',*,*,#2098,.T.);
#394=ORIENTED_EDGE('',*,*,#2099,.T.);
#395=ORIENTED_EDGE('',*,*,#2100,.T.);
#396=ORIENTED_EDGE('',*,*,#2101,.T.);
#397=ORIENTED_EDGE('',*,*,#2102,.T.);
#398=ORIENTED_EDGE('',*,*,#2062,.F.);
#399=ORIENTED_EDGE('',*,*,#2103,.T.);
#400=ORIENTED_EDGE('',*,*,#2104,.T.);
#401=ORIENTED_EDGE('',*,*,#2105,.F.);
#402=ORIENTED_EDGE('',*,*,#2102,.F.);
#403=ORIENTED_EDGE('',*,*,#2106,.T.);
#404=ORIENTED_EDGE('',*,*,#2107,.T.);
#405=ORIENTED_EDGE('',*,*,#2063,.T.);
#406=ORIENTED_EDGE('',*,*,#2107,.F.);
#407=ORIENTED_EDGE('',*,*,#2108,.T.);
#408=ORIENTED_EDGE('',*,*,#2109,.T.);
#409=ORIENTED_EDGE('',*,*,#2064,.F.);
#410=ORIENTED_EDGE('',*,*,#2109,.F.);
#411=ORIENTED_EDGE('',*,*,#2110,.T.);
#412=ORIENTED_EDGE('',*,*,#2111,.T.);
#413=ORIENTED_EDGE('',*,*,#2065,.T.);
#414=ORIENTED_EDGE('',*,*,#2111,.F.);
#415=ORIENTED_EDGE('',*,*,#2112,.T.);
#416=ORIENTED_EDGE('',*,*,#2113,.T.);
#417=ORIENTED_EDGE('',*,*,#2114,.F.);
#418=ORIENTED_EDGE('',*,*,#2115,.T.);
#419=ORIENTED_EDGE('',*,*,#2116,.T.);
#420=ORIENTED_EDGE('',*,*,#2066,.F.);
#421=ORIENTED_EDGE('',*,*,#2117,.T.);
#422=ORIENTED_EDGE('',*,*,#2118,.T.);
#423=ORIENTED_EDGE('',*,*,#2070,.F.);
#424=ORIENTED_EDGE('',*,*,#2119,.T.);
#425=ORIENTED_EDGE('',*,*,#2120,.T.);
#426=ORIENTED_EDGE('',*,*,#2121,.T.);
#427=ORIENTED_EDGE('',*,*,#2060,.F.);
#428=ORIENTED_EDGE('',*,*,#2122,.T.);
#429=ORIENTED_EDGE('',*,*,#2123,.T.);
#430=ORIENTED_EDGE('',*,*,#2124,.T.);
#431=ORIENTED_EDGE('',*,*,#2125,.T.);
#432=ORIENTED_EDGE('',*,*,#2126,.T.);
#433=ORIENTED_EDGE('',*,*,#2127,.T.);
#434=ORIENTED_EDGE('',*,*,#2128,.T.);
#435=ORIENTED_EDGE('',*,*,#2129,.T.);
#436=ORIENTED_EDGE('',*,*,#2130,.T.);
#437=ORIENTED_EDGE('',*,*,#2131,.T.);
#438=ORIENTED_EDGE('',*,*,#2132,.T.);
#439=ORIENTED_EDGE('',*,*,#2133,.T.);
#440=ORIENTED_EDGE('',*,*,#2134,.T.);
#441=ORIENTED_EDGE('',*,*,#2135,.F.);
#442=ORIENTED_EDGE('',*,*,#2136,.T.);
#443=ORIENTED_EDGE('',*,*,#2137,.T.);
#444=ORIENTED_EDGE('',*,*,#2138,.T.);
#445=ORIENTED_EDGE('',*,*,#2139,.T.);
#446=ORIENTED_EDGE('',*,*,#2140,.T.);
#447=ORIENTED_EDGE('',*,*,#2141,.T.);
#448=ORIENTED_EDGE('',*,*,#2142,.F.);
#449=ORIENTED_EDGE('',*,*,#2143,.F.);
#450=ORIENTED_EDGE('',*,*,#2144,.T.);
#451=ORIENTED_EDGE('',*,*,#2145,.F.);
#452=ORIENTED_EDGE('',*,*,#2146,.F.);
#453=ORIENTED_EDGE('',*,*,#2147,.T.);
#454=ORIENTED_EDGE('',*,*,#2148,.T.);
#455=ORIENTED_EDGE('',*,*,#2149,.T.);
#456=ORIENTED_EDGE('',*,*,#2150,.F.);
#457=ORIENTED_EDGE('',*,*,#2151,.F.);
#458=ORIENTED_EDGE('',*,*,#2075,.T.);
#459=ORIENTED_EDGE('',*,*,#2152,.F.);
#460=ORIENTED_EDGE('',*,*,#2153,.T.);
#461=ORIENTED_EDGE('',*,*,#2052,.T.);
#462=ORIENTED_EDGE('',*,*,#2154,.F.);
#463=ORIENTED_EDGE('',*,*,#2046,.F.);
#464=ORIENTED_EDGE('',*,*,#2041,.T.);
#465=ORIENTED_EDGE('',*,*,#2081,.F.);
#466=ORIENTED_EDGE('',*,*,#2080,.T.);
#467=ORIENTED_EDGE('',*,*,#2155,.F.);
#468=ORIENTED_EDGE('',*,*,#2047,.T.);
#469=ORIENTED_EDGE('',*,*,#2154,.T.);
#470=ORIENTED_EDGE('',*,*,#2037,.F.);
#471=ORIENTED_EDGE('',*,*,#2048,.F.);
#472=ORIENTED_EDGE('',*,*,#2155,.T.);
#473=ORIENTED_EDGE('',*,*,#2079,.F.);
#474=ORIENTED_EDGE('',*,*,#2074,.T.);
#475=ORIENTED_EDGE('',*,*,#2156,.T.);
#476=ORIENTED_EDGE('',*,*,#2157,.T.);
#477=ORIENTED_EDGE('',*,*,#2158,.F.);
#478=ORIENTED_EDGE('',*,*,#2159,.T.);
#479=ORIENTED_EDGE('',*,*,#2152,.T.);
#480=ORIENTED_EDGE('',*,*,#2160,.F.);
#481=ORIENTED_EDGE('',*,*,#2161,.T.);
#482=ORIENTED_EDGE('',*,*,#2072,.T.);
#483=ORIENTED_EDGE('',*,*,#2033,.F.);
#484=ORIENTED_EDGE('',*,*,#2162,.F.);
#485=ORIENTED_EDGE('',*,*,#2163,.T.);
#486=ORIENTED_EDGE('',*,*,#2164,.F.);
#487=ORIENTED_EDGE('',*,*,#2165,.T.);
#488=ORIENTED_EDGE('',*,*,#2053,.F.);
#489=ORIENTED_EDGE('',*,*,#2153,.F.);
#490=ORIENTED_EDGE('',*,*,#2159,.F.);
#491=ORIENTED_EDGE('',*,*,#2166,.F.);
#492=ORIENTED_EDGE('',*,*,#2055,.T.);
#493=ORIENTED_EDGE('',*,*,#2167,.T.);
#494=ORIENTED_EDGE('',*,*,#2168,.F.);
#495=ORIENTED_EDGE('',*,*,#2169,.F.);
#496=ORIENTED_EDGE('',*,*,#2042,.T.);
#497=ORIENTED_EDGE('',*,*,#2170,.T.);
#498=ORIENTED_EDGE('',*,*,#2077,.T.);
#499=ORIENTED_EDGE('',*,*,#2171,.T.);
#500=ORIENTED_EDGE('',*,*,#2168,.T.);
#501=ORIENTED_EDGE('',*,*,#2172,.T.);
#502=ORIENTED_EDGE('',*,*,#2164,.T.);
#503=ORIENTED_EDGE('',*,*,#2173,.T.);
#504=ORIENTED_EDGE('',*,*,#2056,.F.);
#505=ORIENTED_EDGE('',*,*,#2174,.T.);
#506=ORIENTED_EDGE('',*,*,#2175,.F.);
#507=ORIENTED_EDGE('',*,*,#2176,.F.);
#508=ORIENTED_EDGE('',*,*,#2177,.F.);
#509=ORIENTED_EDGE('',*,*,#2157,.F.);
#510=ORIENTED_EDGE('',*,*,#2178,.T.);
#511=ORIENTED_EDGE('',*,*,#2160,.T.);
#512=ORIENTED_EDGE('',*,*,#2032,.T.);
#513=ORIENTED_EDGE('',*,*,#2083,.T.);
#514=ORIENTED_EDGE('',*,*,#2179,.T.);
#515=ORIENTED_EDGE('',*,*,#2044,.T.);
#516=ORIENTED_EDGE('',*,*,#2180,.T.);
#517=ORIENTED_EDGE('',*,*,#2058,.F.);
#518=ORIENTED_EDGE('',*,*,#2181,.T.);
#519=ORIENTED_EDGE('',*,*,#2162,.T.);
#520=ORIENTED_EDGE('',*,*,#2182,.T.);
#521=ORIENTED_EDGE('',*,*,#2176,.T.);
#522=ORIENTED_EDGE('',*,*,#2183,.F.);
#523=ORIENTED_EDGE('',*,*,#2182,.F.);
#524=ORIENTED_EDGE('',*,*,#2166,.T.);
#525=ORIENTED_EDGE('',*,*,#2158,.T.);
#526=ORIENTED_EDGE('',*,*,#2177,.T.);
#527=ORIENTED_EDGE('',*,*,#2084,.F.);
#528=ORIENTED_EDGE('',*,*,#2183,.T.);
#529=ORIENTED_EDGE('',*,*,#2175,.T.);
#530=ORIENTED_EDGE('',*,*,#2031,.F.);
#531=ORIENTED_EDGE('',*,*,#2076,.F.);
#532=ORIENTED_EDGE('',*,*,#2050,.T.);
#533=ORIENTED_EDGE('',*,*,#2169,.T.);
#534=ORIENTED_EDGE('',*,*,#2171,.F.);
#535=ORIENTED_EDGE('',*,*,#2178,.F.);
#536=ORIENTED_EDGE('',*,*,#2156,.F.);
#537=ORIENTED_EDGE('',*,*,#2073,.F.);
#538=ORIENTED_EDGE('',*,*,#2161,.F.);
#539=ORIENTED_EDGE('',*,*,#2045,.F.);
#540=ORIENTED_EDGE('',*,*,#2179,.F.);
#541=ORIENTED_EDGE('',*,*,#2082,.F.);
#542=ORIENTED_EDGE('',*,*,#2039,.F.);
#543=ORIENTED_EDGE('',*,*,#2049,.F.);
#544=ORIENTED_EDGE('',*,*,#2035,.F.);
#545=ORIENTED_EDGE('',*,*,#2078,.F.);
#546=ORIENTED_EDGE('',*,*,#2170,.F.);
#547=ORIENTED_EDGE('',*,*,#2165,.F.);
#548=ORIENTED_EDGE('',*,*,#2172,.F.);
#549=ORIENTED_EDGE('',*,*,#2167,.F.);
#550=ORIENTED_EDGE('',*,*,#2054,.F.);
#551=ORIENTED_EDGE('',*,*,#2071,.F.);
#552=ORIENTED_EDGE('',*,*,#2118,.F.);
#553=ORIENTED_EDGE('',*,*,#2184,.F.);
#554=ORIENTED_EDGE('',*,*,#2122,.F.);
#555=ORIENTED_EDGE('',*,*,#2069,.F.);
#556=ORIENTED_EDGE('',*,*,#2099,.F.);
#557=ORIENTED_EDGE('',*,*,#2185,.F.);
#558=ORIENTED_EDGE('',*,*,#2119,.F.);
#559=ORIENTED_EDGE('',*,*,#2186,.F.);
#560=ORIENTED_EDGE('',*,*,#2136,.F.);
#561=ORIENTED_EDGE('',*,*,#2187,.F.);
#562=ORIENTED_EDGE('',*,*,#2117,.F.);
#563=ORIENTED_EDGE('',*,*,#2187,.T.);
#564=ORIENTED_EDGE('',*,*,#2135,.T.);
#565=ORIENTED_EDGE('',*,*,#2188,.F.);
#566=ORIENTED_EDGE('',*,*,#2184,.T.);
#567=ORIENTED_EDGE('',*,*,#2186,.T.);
#568=ORIENTED_EDGE('',*,*,#2185,.T.);
#569=ORIENTED_EDGE('',*,*,#2189,.F.);
#570=ORIENTED_EDGE('',*,*,#2188,.T.);
#571=ORIENTED_EDGE('',*,*,#2134,.F.);
#572=ORIENTED_EDGE('',*,*,#2190,.F.);
#573=ORIENTED_EDGE('',*,*,#2120,.F.);
#574=ORIENTED_EDGE('',*,*,#2061,.F.);
#575=ORIENTED_EDGE('',*,*,#2121,.F.);
#576=ORIENTED_EDGE('',*,*,#2191,.F.);
#577=ORIENTED_EDGE('',*,*,#2103,.F.);
#578=ORIENTED_EDGE('',*,*,#2067,.F.);
#579=ORIENTED_EDGE('',*,*,#2116,.F.);
#580=ORIENTED_EDGE('',*,*,#2192,.F.);
#581=ORIENTED_EDGE('',*,*,#2097,.F.);
#582=ORIENTED_EDGE('',*,*,#2189,.T.);
#583=ORIENTED_EDGE('',*,*,#2098,.F.);
#584=ORIENTED_EDGE('',*,*,#2193,.F.);
#585=ORIENTED_EDGE('',*,*,#2137,.F.);
#586=ORIENTED_EDGE('',*,*,#2191,.T.);
#587=ORIENTED_EDGE('',*,*,#2190,.T.);
#588=ORIENTED_EDGE('',*,*,#2194,.F.);
#589=ORIENTED_EDGE('',*,*,#2193,.T.);
#590=ORIENTED_EDGE('',*,*,#2192,.T.);
#591=ORIENTED_EDGE('',*,*,#2195,.F.);
#592=ORIENTED_EDGE('',*,*,#2194,.T.);
#593=ORIENTED_EDGE('',*,*,#2133,.F.);
#594=ORIENTED_EDGE('',*,*,#2196,.F.);
#595=ORIENTED_EDGE('',*,*,#2104,.F.);
#596=ORIENTED_EDGE('',*,*,#2197,.F.);
#597=ORIENTED_EDGE('',*,*,#2108,.F.);
#598=ORIENTED_EDGE('',*,*,#2198,.F.);
#599=ORIENTED_EDGE('',*,*,#2127,.F.);
#600=ORIENTED_EDGE('',*,*,#2195,.T.);
#601=ORIENTED_EDGE('',*,*,#2115,.F.);
#602=ORIENTED_EDGE('',*,*,#2199,.F.);
#603=ORIENTED_EDGE('',*,*,#2138,.F.);
#604=ORIENTED_EDGE('',*,*,#2200,.F.);
#605=ORIENTED_EDGE('',*,*,#2139,.F.);
#606=ORIENTED_EDGE('',*,*,#2201,.F.);
#607=ORIENTED_EDGE('',*,*,#2132,.F.);
#608=ORIENTED_EDGE('',*,*,#2196,.T.);
#609=ORIENTED_EDGE('',*,*,#2200,.T.);
#610=ORIENTED_EDGE('',*,*,#2202,.F.);
#611=ORIENTED_EDGE('',*,*,#2105,.T.);
#612=ORIENTED_EDGE('',*,*,#2198,.T.);
#613=ORIENTED_EDGE('',*,*,#2106,.F.);
#614=ORIENTED_EDGE('',*,*,#2203,.F.);
#615=ORIENTED_EDGE('',*,*,#2128,.F.);
#616=ORIENTED_EDGE('',*,*,#2197,.T.);
#617=ORIENTED_EDGE('',*,*,#2126,.F.);
#618=ORIENTED_EDGE('',*,*,#2204,.F.);
#619=ORIENTED_EDGE('',*,*,#2110,.F.);
#620=ORIENTED_EDGE('',*,*,#2199,.T.);
#621=ORIENTED_EDGE('',*,*,#2114,.T.);
#622=ORIENTED_EDGE('',*,*,#2205,.F.);
#623=ORIENTED_EDGE('',*,*,#2201,.T.);
#624=ORIENTED_EDGE('',*,*,#2202,.T.);
#625=ORIENTED_EDGE('',*,*,#2131,.F.);
#626=ORIENTED_EDGE('',*,*,#2206,.F.);
#627=ORIENTED_EDGE('',*,*,#2100,.F.);
#628=ORIENTED_EDGE('',*,*,#2203,.T.);
#629=ORIENTED_EDGE('',*,*,#2101,.F.);
#630=ORIENTED_EDGE('',*,*,#2207,.F.);
#631=ORIENTED_EDGE('',*,*,#2123,.F.);
#632=ORIENTED_EDGE('',*,*,#2204,.T.);
#633=ORIENTED_EDGE('',*,*,#2125,.F.);
#634=ORIENTED_EDGE('',*,*,#2208,.F.);
#635=ORIENTED_EDGE('',*,*,#2112,.F.);
#636=ORIENTED_EDGE('',*,*,#2205,.T.);
#637=ORIENTED_EDGE('',*,*,#2113,.F.);
#638=ORIENTED_EDGE('',*,*,#2209,.F.);
#639=ORIENTED_EDGE('',*,*,#2129,.F.);
#640=ORIENTED_EDGE('',*,*,#2207,.T.);
#641=ORIENTED_EDGE('',*,*,#2206,.T.);
#642=ORIENTED_EDGE('',*,*,#2210,.F.);
#643=ORIENTED_EDGE('',*,*,#2209,.T.);
#644=ORIENTED_EDGE('',*,*,#2208,.T.);
#645=ORIENTED_EDGE('',*,*,#2211,.F.);
#646=ORIENTED_EDGE('',*,*,#2210,.T.);
#647=ORIENTED_EDGE('',*,*,#2130,.F.);
#648=ORIENTED_EDGE('',*,*,#2211,.T.);
#649=ORIENTED_EDGE('',*,*,#2124,.F.);
#650=ORIENTED_EDGE('',*,*,#2181,.F.);
#651=ORIENTED_EDGE('',*,*,#2057,.F.);
#652=ORIENTED_EDGE('',*,*,#2173,.F.);
#653=ORIENTED_EDGE('',*,*,#2163,.F.);
#654=ORIENTED_EDGE('',*,*,#2180,.F.);
#655=ORIENTED_EDGE('',*,*,#2043,.F.);
#656=ORIENTED_EDGE('',*,*,#2174,.F.);
#657=ORIENTED_EDGE('',*,*,#2059,.F.);
#658=ORIENTED_EDGE('',*,*,#2212,.T.);
#659=ORIENTED_EDGE('',*,*,#2094,.T.);
#660=ORIENTED_EDGE('',*,*,#2213,.F.);
#661=ORIENTED_EDGE('',*,*,#2148,.F.);
#662=ORIENTED_EDGE('',*,*,#2213,.T.);
#663=ORIENTED_EDGE('',*,*,#2093,.T.);
#664=ORIENTED_EDGE('',*,*,#2214,.F.);
#665=ORIENTED_EDGE('',*,*,#2149,.F.);
#666=ORIENTED_EDGE('',*,*,#2151,.T.);
#667=ORIENTED_EDGE('',*,*,#2215,.T.);
#668=ORIENTED_EDGE('',*,*,#2095,.F.);
#669=ORIENTED_EDGE('',*,*,#2212,.F.);
#670=ORIENTED_EDGE('',*,*,#2150,.T.);
#671=ORIENTED_EDGE('',*,*,#2214,.T.);
#672=ORIENTED_EDGE('',*,*,#2096,.F.);
#673=ORIENTED_EDGE('',*,*,#2215,.F.);
#674=ORIENTED_EDGE('',*,*,#2216,.T.);
#675=ORIENTED_EDGE('',*,*,#2090,.T.);
#676=ORIENTED_EDGE('',*,*,#2217,.F.);
#677=ORIENTED_EDGE('',*,*,#2144,.F.);
#678=ORIENTED_EDGE('',*,*,#2145,.T.);
#679=ORIENTED_EDGE('',*,*,#2217,.T.);
#680=ORIENTED_EDGE('',*,*,#2089,.F.);
#681=ORIENTED_EDGE('',*,*,#2218,.F.);
#682=ORIENTED_EDGE('',*,*,#2219,.T.);
#683=ORIENTED_EDGE('',*,*,#2091,.T.);
#684=ORIENTED_EDGE('',*,*,#2216,.F.);
#685=ORIENTED_EDGE('',*,*,#2147,.F.);
#686=ORIENTED_EDGE('',*,*,#2146,.T.);
#687=ORIENTED_EDGE('',*,*,#2218,.T.);
#688=ORIENTED_EDGE('',*,*,#2092,.F.);
#689=ORIENTED_EDGE('',*,*,#2219,.F.);
#690=ORIENTED_EDGE('',*,*,#2220,.T.);
#691=ORIENTED_EDGE('',*,*,#2086,.T.);
#692=ORIENTED_EDGE('',*,*,#2221,.F.);
#693=ORIENTED_EDGE('',*,*,#2140,.F.);
#694=ORIENTED_EDGE('',*,*,#2221,.T.);
#695=ORIENTED_EDGE('',*,*,#2085,.T.);
#696=ORIENTED_EDGE('',*,*,#2222,.F.);
#697=ORIENTED_EDGE('',*,*,#2141,.F.);
#698=ORIENTED_EDGE('',*,*,#2143,.T.);
#699=ORIENTED_EDGE('',*,*,#2223,.T.);
#700=ORIENTED_EDGE('',*,*,#2087,.F.);
#701=ORIENTED_EDGE('',*,*,#2220,.F.);
#702=ORIENTED_EDGE('',*,*,#2142,.T.);
#703=ORIENTED_EDGE('',*,*,#2222,.T.);
#704=ORIENTED_EDGE('',*,*,#2088,.F.);
#705=ORIENTED_EDGE('',*,*,#2223,.F.);
#706=ORIENTED_EDGE('',*,*,#2224,.F.);
#707=ORIENTED_EDGE('',*,*,#2225,.T.);
#708=ORIENTED_EDGE('',*,*,#2226,.T.);
#709=ORIENTED_EDGE('',*,*,#2227,.F.);
#710=ORIENTED_EDGE('',*,*,#2224,.T.);
#711=ORIENTED_EDGE('',*,*,#2226,.F.);
#712=ORIENTED_EDGE('',*,*,#2227,.T.);
#713=ORIENTED_EDGE('',*,*,#2225,.F.);
#714=ORIENTED_EDGE('',*,*,#2228,.F.);
#715=ORIENTED_EDGE('',*,*,#2229,.T.);
#716=ORIENTED_EDGE('',*,*,#2230,.T.);
#717=ORIENTED_EDGE('',*,*,#2231,.F.);
#718=ORIENTED_EDGE('',*,*,#2232,.F.);
#719=ORIENTED_EDGE('',*,*,#2233,.T.);
#720=ORIENTED_EDGE('',*,*,#2231,.T.);
#721=ORIENTED_EDGE('',*,*,#2234,.F.);
#722=ORIENTED_EDGE('',*,*,#2235,.F.);
#723=ORIENTED_EDGE('',*,*,#2236,.T.);
#724=ORIENTED_EDGE('',*,*,#2232,.T.);
#725=ORIENTED_EDGE('',*,*,#2237,.F.);
#726=ORIENTED_EDGE('',*,*,#2238,.F.);
#727=ORIENTED_EDGE('',*,*,#2239,.T.);
#728=ORIENTED_EDGE('',*,*,#2235,.T.);
#729=ORIENTED_EDGE('',*,*,#2240,.F.);
#730=ORIENTED_EDGE('',*,*,#2241,.F.);
#731=ORIENTED_EDGE('',*,*,#2238,.T.);
#732=ORIENTED_EDGE('',*,*,#2242,.T.);
#733=ORIENTED_EDGE('',*,*,#2243,.F.);
#734=ORIENTED_EDGE('',*,*,#2244,.F.);
#735=ORIENTED_EDGE('',*,*,#2243,.T.);
#736=ORIENTED_EDGE('',*,*,#2245,.T.);
#737=ORIENTED_EDGE('',*,*,#2246,.F.);
#738=ORIENTED_EDGE('',*,*,#2247,.F.);
#739=ORIENTED_EDGE('',*,*,#2246,.T.);
#740=ORIENTED_EDGE('',*,*,#2248,.T.);
#741=ORIENTED_EDGE('',*,*,#2249,.F.);
#742=ORIENTED_EDGE('',*,*,#2250,.F.);
#743=ORIENTED_EDGE('',*,*,#2249,.T.);
#744=ORIENTED_EDGE('',*,*,#2251,.T.);
#745=ORIENTED_EDGE('',*,*,#2252,.F.);
#746=ORIENTED_EDGE('',*,*,#2253,.F.);
#747=ORIENTED_EDGE('',*,*,#2252,.T.);
#748=ORIENTED_EDGE('',*,*,#2254,.T.);
#749=ORIENTED_EDGE('',*,*,#2255,.F.);
#750=ORIENTED_EDGE('',*,*,#2256,.F.);
#751=ORIENTED_EDGE('',*,*,#2255,.T.);
#752=ORIENTED_EDGE('',*,*,#2257,.T.);
#753=ORIENTED_EDGE('',*,*,#2258,.F.);
#754=ORIENTED_EDGE('',*,*,#2259,.F.);
#755=ORIENTED_EDGE('',*,*,#2258,.T.);
#756=ORIENTED_EDGE('',*,*,#2260,.T.);
#757=ORIENTED_EDGE('',*,*,#2261,.F.);
#758=ORIENTED_EDGE('',*,*,#2262,.F.);
#759=ORIENTED_EDGE('',*,*,#2261,.T.);
#760=ORIENTED_EDGE('',*,*,#2263,.T.);
#761=ORIENTED_EDGE('',*,*,#2264,.F.);
#762=ORIENTED_EDGE('',*,*,#2265,.F.);
#763=ORIENTED_EDGE('',*,*,#2264,.T.);
#764=ORIENTED_EDGE('',*,*,#2266,.T.);
#765=ORIENTED_EDGE('',*,*,#2229,.F.);
#766=ORIENTED_EDGE('',*,*,#2230,.F.);
#767=ORIENTED_EDGE('',*,*,#2266,.F.);
#768=ORIENTED_EDGE('',*,*,#2263,.F.);
#769=ORIENTED_EDGE('',*,*,#2260,.F.);
#770=ORIENTED_EDGE('',*,*,#2257,.F.);
#771=ORIENTED_EDGE('',*,*,#2254,.F.);
#772=ORIENTED_EDGE('',*,*,#2251,.F.);
#773=ORIENTED_EDGE('',*,*,#2248,.F.);
#774=ORIENTED_EDGE('',*,*,#2245,.F.);
#775=ORIENTED_EDGE('',*,*,#2242,.F.);
#776=ORIENTED_EDGE('',*,*,#2240,.T.);
#777=ORIENTED_EDGE('',*,*,#2237,.T.);
#778=ORIENTED_EDGE('',*,*,#2234,.T.);
#779=ORIENTED_EDGE('',*,*,#2265,.T.);
#780=ORIENTED_EDGE('',*,*,#2228,.T.);
#781=ORIENTED_EDGE('',*,*,#2233,.F.);
#782=ORIENTED_EDGE('',*,*,#2236,.F.);
#783=ORIENTED_EDGE('',*,*,#2239,.F.);
#784=ORIENTED_EDGE('',*,*,#2241,.T.);
#785=ORIENTED_EDGE('',*,*,#2244,.T.);
#786=ORIENTED_EDGE('',*,*,#2247,.T.);
#787=ORIENTED_EDGE('',*,*,#2250,.T.);
#788=ORIENTED_EDGE('',*,*,#2253,.T.);
#789=ORIENTED_EDGE('',*,*,#2256,.T.);
#790=ORIENTED_EDGE('',*,*,#2259,.T.);
#791=ORIENTED_EDGE('',*,*,#2262,.T.);
#792=ORIENTED_EDGE('',*,*,#2267,.F.);
#793=ORIENTED_EDGE('',*,*,#2268,.T.);
#794=ORIENTED_EDGE('',*,*,#2269,.T.);
#795=ORIENTED_EDGE('',*,*,#2270,.F.);
#796=ORIENTED_EDGE('',*,*,#2271,.F.);
#797=ORIENTED_EDGE('',*,*,#2270,.T.);
#798=ORIENTED_EDGE('',*,*,#2272,.T.);
#799=ORIENTED_EDGE('',*,*,#2273,.F.);
#800=ORIENTED_EDGE('',*,*,#2274,.F.);
#801=ORIENTED_EDGE('',*,*,#2273,.T.);
#802=ORIENTED_EDGE('',*,*,#2275,.T.);
#803=ORIENTED_EDGE('',*,*,#2276,.F.);
#804=ORIENTED_EDGE('',*,*,#2277,.F.);
#805=ORIENTED_EDGE('',*,*,#2276,.T.);
#806=ORIENTED_EDGE('',*,*,#2278,.T.);
#807=ORIENTED_EDGE('',*,*,#2279,.F.);
#808=ORIENTED_EDGE('',*,*,#2280,.F.);
#809=ORIENTED_EDGE('',*,*,#2279,.T.);
#810=ORIENTED_EDGE('',*,*,#2281,.T.);
#811=ORIENTED_EDGE('',*,*,#2282,.F.);
#812=ORIENTED_EDGE('',*,*,#2283,.F.);
#813=ORIENTED_EDGE('',*,*,#2282,.T.);
#814=ORIENTED_EDGE('',*,*,#2284,.T.);
#815=ORIENTED_EDGE('',*,*,#2268,.F.);
#816=ORIENTED_EDGE('',*,*,#2269,.F.);
#817=ORIENTED_EDGE('',*,*,#2284,.F.);
#818=ORIENTED_EDGE('',*,*,#2281,.F.);
#819=ORIENTED_EDGE('',*,*,#2278,.F.);
#820=ORIENTED_EDGE('',*,*,#2275,.F.);
#821=ORIENTED_EDGE('',*,*,#2272,.F.);
#822=ORIENTED_EDGE('',*,*,#2283,.T.);
#823=ORIENTED_EDGE('',*,*,#2267,.T.);
#824=ORIENTED_EDGE('',*,*,#2271,.T.);
#825=ORIENTED_EDGE('',*,*,#2274,.T.);
#826=ORIENTED_EDGE('',*,*,#2277,.T.);
#827=ORIENTED_EDGE('',*,*,#2280,.T.);
#828=ORIENTED_EDGE('',*,*,#2285,.F.);
#829=ORIENTED_EDGE('',*,*,#2286,.T.);
#830=ORIENTED_EDGE('',*,*,#2287,.T.);
#831=ORIENTED_EDGE('',*,*,#2288,.F.);
#832=ORIENTED_EDGE('',*,*,#2289,.F.);
#833=ORIENTED_EDGE('',*,*,#2288,.T.);
#834=ORIENTED_EDGE('',*,*,#2290,.T.);
#835=ORIENTED_EDGE('',*,*,#2291,.F.);
#836=ORIENTED_EDGE('',*,*,#2292,.F.);
#837=ORIENTED_EDGE('',*,*,#2291,.T.);
#838=ORIENTED_EDGE('',*,*,#2293,.T.);
#839=ORIENTED_EDGE('',*,*,#2294,.F.);
#840=ORIENTED_EDGE('',*,*,#2295,.F.);
#841=ORIENTED_EDGE('',*,*,#2294,.T.);
#842=ORIENTED_EDGE('',*,*,#2296,.T.);
#843=ORIENTED_EDGE('',*,*,#2297,.F.);
#844=ORIENTED_EDGE('',*,*,#2298,.F.);
#845=ORIENTED_EDGE('',*,*,#2297,.T.);
#846=ORIENTED_EDGE('',*,*,#2299,.T.);
#847=ORIENTED_EDGE('',*,*,#2300,.F.);
#848=ORIENTED_EDGE('',*,*,#2301,.F.);
#849=ORIENTED_EDGE('',*,*,#2300,.T.);
#850=ORIENTED_EDGE('',*,*,#2302,.T.);
#851=ORIENTED_EDGE('',*,*,#2303,.F.);
#852=ORIENTED_EDGE('',*,*,#2304,.F.);
#853=ORIENTED_EDGE('',*,*,#2303,.T.);
#854=ORIENTED_EDGE('',*,*,#2305,.T.);
#855=ORIENTED_EDGE('',*,*,#2306,.F.);
#856=ORIENTED_EDGE('',*,*,#2307,.F.);
#857=ORIENTED_EDGE('',*,*,#2306,.T.);
#858=ORIENTED_EDGE('',*,*,#2308,.T.);
#859=ORIENTED_EDGE('',*,*,#2309,.F.);
#860=ORIENTED_EDGE('',*,*,#2310,.F.);
#861=ORIENTED_EDGE('',*,*,#2311,.T.);
#862=ORIENTED_EDGE('',*,*,#2309,.T.);
#863=ORIENTED_EDGE('',*,*,#2312,.F.);
#864=ORIENTED_EDGE('',*,*,#2313,.F.);
#865=ORIENTED_EDGE('',*,*,#2310,.T.);
#866=ORIENTED_EDGE('',*,*,#2314,.T.);
#867=ORIENTED_EDGE('',*,*,#2315,.F.);
#868=ORIENTED_EDGE('',*,*,#2316,.F.);
#869=ORIENTED_EDGE('',*,*,#2315,.T.);
#870=ORIENTED_EDGE('',*,*,#2317,.T.);
#871=ORIENTED_EDGE('',*,*,#2318,.F.);
#872=ORIENTED_EDGE('',*,*,#2319,.F.);
#873=ORIENTED_EDGE('',*,*,#2318,.T.);
#874=ORIENTED_EDGE('',*,*,#2320,.T.);
#875=ORIENTED_EDGE('',*,*,#2286,.F.);
#876=ORIENTED_EDGE('',*,*,#2287,.F.);
#877=ORIENTED_EDGE('',*,*,#2320,.F.);
#878=ORIENTED_EDGE('',*,*,#2317,.F.);
#879=ORIENTED_EDGE('',*,*,#2314,.F.);
#880=ORIENTED_EDGE('',*,*,#2312,.T.);
#881=ORIENTED_EDGE('',*,*,#2308,.F.);
#882=ORIENTED_EDGE('',*,*,#2305,.F.);
#883=ORIENTED_EDGE('',*,*,#2302,.F.);
#884=ORIENTED_EDGE('',*,*,#2299,.F.);
#885=ORIENTED_EDGE('',*,*,#2296,.F.);
#886=ORIENTED_EDGE('',*,*,#2293,.F.);
#887=ORIENTED_EDGE('',*,*,#2290,.F.);
#888=ORIENTED_EDGE('',*,*,#2319,.T.);
#889=ORIENTED_EDGE('',*,*,#2285,.T.);
#890=ORIENTED_EDGE('',*,*,#2289,.T.);
#891=ORIENTED_EDGE('',*,*,#2292,.T.);
#892=ORIENTED_EDGE('',*,*,#2295,.T.);
#893=ORIENTED_EDGE('',*,*,#2298,.T.);
#894=ORIENTED_EDGE('',*,*,#2301,.T.);
#895=ORIENTED_EDGE('',*,*,#2304,.T.);
#896=ORIENTED_EDGE('',*,*,#2307,.T.);
#897=ORIENTED_EDGE('',*,*,#2311,.F.);
#898=ORIENTED_EDGE('',*,*,#2313,.T.);
#899=ORIENTED_EDGE('',*,*,#2316,.T.);
#900=ORIENTED_EDGE('',*,*,#2321,.F.);
#901=ORIENTED_EDGE('',*,*,#2322,.T.);
#902=ORIENTED_EDGE('',*,*,#2323,.T.);
#903=ORIENTED_EDGE('',*,*,#2324,.F.);
#904=ORIENTED_EDGE('',*,*,#2325,.F.);
#905=ORIENTED_EDGE('',*,*,#2324,.T.);
#906=ORIENTED_EDGE('',*,*,#2326,.T.);
#907=ORIENTED_EDGE('',*,*,#2327,.F.);
#908=ORIENTED_EDGE('',*,*,#2328,.F.);
#909=ORIENTED_EDGE('',*,*,#2327,.T.);
#910=ORIENTED_EDGE('',*,*,#2329,.T.);
#911=ORIENTED_EDGE('',*,*,#2330,.F.);
#912=ORIENTED_EDGE('',*,*,#2331,.F.);
#913=ORIENTED_EDGE('',*,*,#2330,.T.);
#914=ORIENTED_EDGE('',*,*,#2332,.T.);
#915=ORIENTED_EDGE('',*,*,#2322,.F.);
#916=ORIENTED_EDGE('',*,*,#2323,.F.);
#917=ORIENTED_EDGE('',*,*,#2332,.F.);
#918=ORIENTED_EDGE('',*,*,#2329,.F.);
#919=ORIENTED_EDGE('',*,*,#2326,.F.);
#920=ORIENTED_EDGE('',*,*,#2331,.T.);
#921=ORIENTED_EDGE('',*,*,#2321,.T.);
#922=ORIENTED_EDGE('',*,*,#2325,.T.);
#923=ORIENTED_EDGE('',*,*,#2328,.T.);
#924=ORIENTED_EDGE('',*,*,#2333,.F.);
#925=ORIENTED_EDGE('',*,*,#2334,.T.);
#926=ORIENTED_EDGE('',*,*,#2335,.T.);
#927=ORIENTED_EDGE('',*,*,#2336,.F.);
#928=ORIENTED_EDGE('',*,*,#2337,.F.);
#929=ORIENTED_EDGE('',*,*,#2338,.T.);
#930=ORIENTED_EDGE('',*,*,#2333,.T.);
#931=ORIENTED_EDGE('',*,*,#2339,.F.);
#932=ORIENTED_EDGE('',*,*,#2340,.F.);
#933=ORIENTED_EDGE('',*,*,#2341,.T.);
#934=ORIENTED_EDGE('',*,*,#2337,.T.);
#935=ORIENTED_EDGE('',*,*,#2342,.F.);
#936=ORIENTED_EDGE('',*,*,#2343,.F.);
#937=ORIENTED_EDGE('',*,*,#2344,.T.);
#938=ORIENTED_EDGE('',*,*,#2340,.T.);
#939=ORIENTED_EDGE('',*,*,#2345,.F.);
#940=ORIENTED_EDGE('',*,*,#2346,.F.);
#941=ORIENTED_EDGE('',*,*,#2347,.T.);
#942=ORIENTED_EDGE('',*,*,#2343,.T.);
#943=ORIENTED_EDGE('',*,*,#2348,.F.);
#944=ORIENTED_EDGE('',*,*,#2349,.F.);
#945=ORIENTED_EDGE('',*,*,#2350,.T.);
#946=ORIENTED_EDGE('',*,*,#2346,.T.);
#947=ORIENTED_EDGE('',*,*,#2351,.F.);
#948=ORIENTED_EDGE('',*,*,#2352,.F.);
#949=ORIENTED_EDGE('',*,*,#2353,.T.);
#950=ORIENTED_EDGE('',*,*,#2349,.T.);
#951=ORIENTED_EDGE('',*,*,#2354,.F.);
#952=ORIENTED_EDGE('',*,*,#2355,.F.);
#953=ORIENTED_EDGE('',*,*,#2356,.T.);
#954=ORIENTED_EDGE('',*,*,#2352,.T.);
#955=ORIENTED_EDGE('',*,*,#2357,.F.);
#956=ORIENTED_EDGE('',*,*,#2358,.T.);
#957=ORIENTED_EDGE('',*,*,#2359,.T.);
#958=ORIENTED_EDGE('',*,*,#2360,.T.);
#959=ORIENTED_EDGE('',*,*,#2357,.T.);
#960=ORIENTED_EDGE('',*,*,#2354,.T.);
#961=ORIENTED_EDGE('',*,*,#2351,.T.);
#962=ORIENTED_EDGE('',*,*,#2348,.T.);
#963=ORIENTED_EDGE('',*,*,#2345,.T.);
#964=ORIENTED_EDGE('',*,*,#2342,.T.);
#965=ORIENTED_EDGE('',*,*,#2339,.T.);
#966=ORIENTED_EDGE('',*,*,#2336,.T.);
#967=ORIENTED_EDGE('',*,*,#2361,.F.);
#968=ORIENTED_EDGE('',*,*,#2362,.T.);
#969=ORIENTED_EDGE('',*,*,#2355,.T.);
#970=ORIENTED_EDGE('',*,*,#2360,.F.);
#971=ORIENTED_EDGE('',*,*,#2335,.F.);
#972=ORIENTED_EDGE('',*,*,#2363,.T.);
#973=ORIENTED_EDGE('',*,*,#2364,.T.);
#974=ORIENTED_EDGE('',*,*,#2358,.F.);
#975=ORIENTED_EDGE('',*,*,#2364,.F.);
#976=ORIENTED_EDGE('',*,*,#2365,.T.);
#977=ORIENTED_EDGE('',*,*,#2361,.T.);
#978=ORIENTED_EDGE('',*,*,#2359,.F.);
#979=ORIENTED_EDGE('',*,*,#2363,.F.);
#980=ORIENTED_EDGE('',*,*,#2334,.F.);
#981=ORIENTED_EDGE('',*,*,#2338,.F.);
#982=ORIENTED_EDGE('',*,*,#2341,.F.);
#983=ORIENTED_EDGE('',*,*,#2344,.F.);
#984=ORIENTED_EDGE('',*,*,#2347,.F.);
#985=ORIENTED_EDGE('',*,*,#2350,.F.);
#986=ORIENTED_EDGE('',*,*,#2353,.F.);
#987=ORIENTED_EDGE('',*,*,#2356,.F.);
#988=ORIENTED_EDGE('',*,*,#2362,.F.);
#989=ORIENTED_EDGE('',*,*,#2365,.F.);
#990=ORIENTED_EDGE('',*,*,#2366,.T.);
#991=ORIENTED_EDGE('',*,*,#2367,.F.);
#992=ORIENTED_EDGE('',*,*,#2368,.F.);
#993=ORIENTED_EDGE('',*,*,#2369,.T.);
#994=ORIENTED_EDGE('',*,*,#2370,.F.);
#995=ORIENTED_EDGE('',*,*,#2369,.F.);
#996=ORIENTED_EDGE('',*,*,#2371,.T.);
#997=ORIENTED_EDGE('',*,*,#2372,.T.);
#998=ORIENTED_EDGE('',*,*,#2373,.T.);
#999=ORIENTED_EDGE('',*,*,#2372,.F.);
#1000=ORIENTED_EDGE('',*,*,#2374,.F.);
#1001=ORIENTED_EDGE('',*,*,#2375,.T.);
#1002=ORIENTED_EDGE('',*,*,#2376,.F.);
#1003=ORIENTED_EDGE('',*,*,#2375,.F.);
#1004=ORIENTED_EDGE('',*,*,#2377,.T.);
#1005=ORIENTED_EDGE('',*,*,#2378,.T.);
#1006=ORIENTED_EDGE('',*,*,#2379,.F.);
#1007=ORIENTED_EDGE('',*,*,#2378,.F.);
#1008=ORIENTED_EDGE('',*,*,#2380,.T.);
#1009=ORIENTED_EDGE('',*,*,#2381,.T.);
#1010=ORIENTED_EDGE('',*,*,#2382,.T.);
#1011=ORIENTED_EDGE('',*,*,#2383,.T.);
#1012=ORIENTED_EDGE('',*,*,#2384,.F.);
#1013=ORIENTED_EDGE('',*,*,#2381,.F.);
#1014=ORIENTED_EDGE('',*,*,#2385,.F.);
#1015=ORIENTED_EDGE('',*,*,#2386,.T.);
#1016=ORIENTED_EDGE('',*,*,#2387,.T.);
#1017=ORIENTED_EDGE('',*,*,#2388,.T.);
#1018=ORIENTED_EDGE('',*,*,#2389,.T.);
#1019=ORIENTED_EDGE('',*,*,#2390,.F.);
#1020=ORIENTED_EDGE('',*,*,#2391,.F.);
#1021=ORIENTED_EDGE('',*,*,#2392,.T.);
#1022=ORIENTED_EDGE('',*,*,#2393,.T.);
#1023=ORIENTED_EDGE('',*,*,#2392,.F.);
#1024=ORIENTED_EDGE('',*,*,#2394,.F.);
#1025=ORIENTED_EDGE('',*,*,#2395,.T.);
#1026=ORIENTED_EDGE('',*,*,#2396,.T.);
#1027=ORIENTED_EDGE('',*,*,#2395,.F.);
#1028=ORIENTED_EDGE('',*,*,#2397,.F.);
#1029=ORIENTED_EDGE('',*,*,#2398,.T.);
#1030=ORIENTED_EDGE('',*,*,#2399,.T.);
#1031=ORIENTED_EDGE('',*,*,#2398,.F.);
#1032=ORIENTED_EDGE('',*,*,#2400,.F.);
#1033=ORIENTED_EDGE('',*,*,#2401,.T.);
#1034=ORIENTED_EDGE('',*,*,#2402,.T.);
#1035=ORIENTED_EDGE('',*,*,#2401,.F.);
#1036=ORIENTED_EDGE('',*,*,#2403,.F.);
#1037=ORIENTED_EDGE('',*,*,#2404,.T.);
#1038=ORIENTED_EDGE('',*,*,#2405,.F.);
#1039=ORIENTED_EDGE('',*,*,#2404,.F.);
#1040=ORIENTED_EDGE('',*,*,#2406,.T.);
#1041=ORIENTED_EDGE('',*,*,#2407,.T.);
#1042=ORIENTED_EDGE('',*,*,#2408,.T.);
#1043=ORIENTED_EDGE('',*,*,#2407,.F.);
#1044=ORIENTED_EDGE('',*,*,#2409,.F.);
#1045=ORIENTED_EDGE('',*,*,#2410,.T.);
#1046=ORIENTED_EDGE('',*,*,#2411,.F.);
#1047=ORIENTED_EDGE('',*,*,#2410,.F.);
#1048=ORIENTED_EDGE('',*,*,#2412,.T.);
#1049=ORIENTED_EDGE('',*,*,#2390,.T.);
#1050=ORIENTED_EDGE('',*,*,#2413,.F.);
#1051=ORIENTED_EDGE('',*,*,#2388,.F.);
#1052=ORIENTED_EDGE('',*,*,#2414,.T.);
#1053=ORIENTED_EDGE('',*,*,#2367,.T.);
#1054=ORIENTED_EDGE('',*,*,#2391,.T.);
#1055=ORIENTED_EDGE('',*,*,#2412,.F.);
#1056=ORIENTED_EDGE('',*,*,#2409,.T.);
#1057=ORIENTED_EDGE('',*,*,#2406,.F.);
#1058=ORIENTED_EDGE('',*,*,#2403,.T.);
#1059=ORIENTED_EDGE('',*,*,#2400,.T.);
#1060=ORIENTED_EDGE('',*,*,#2397,.T.);
#1061=ORIENTED_EDGE('',*,*,#2394,.T.);
#1062=ORIENTED_EDGE('',*,*,#2387,.F.);
#1063=ORIENTED_EDGE('',*,*,#2415,.T.);
#1064=ORIENTED_EDGE('',*,*,#2382,.F.);
#1065=ORIENTED_EDGE('',*,*,#2380,.F.);
#1066=ORIENTED_EDGE('',*,*,#2377,.F.);
#1067=ORIENTED_EDGE('',*,*,#2374,.T.);
#1068=ORIENTED_EDGE('',*,*,#2371,.F.);
#1069=ORIENTED_EDGE('',*,*,#2368,.T.);
#1070=ORIENTED_EDGE('',*,*,#2414,.F.);
#1071=ORIENTED_EDGE('',*,*,#2389,.F.);
#1072=ORIENTED_EDGE('',*,*,#2393,.F.);
#1073=ORIENTED_EDGE('',*,*,#2396,.F.);
#1074=ORIENTED_EDGE('',*,*,#2399,.F.);
#1075=ORIENTED_EDGE('',*,*,#2402,.F.);
#1076=ORIENTED_EDGE('',*,*,#2405,.T.);
#1077=ORIENTED_EDGE('',*,*,#2408,.F.);
#1078=ORIENTED_EDGE('',*,*,#2411,.T.);
#1079=ORIENTED_EDGE('',*,*,#2384,.T.);
#1080=ORIENTED_EDGE('',*,*,#2416,.T.);
#1081=ORIENTED_EDGE('',*,*,#2385,.T.);
#1082=ORIENTED_EDGE('',*,*,#2413,.T.);
#1083=ORIENTED_EDGE('',*,*,#2366,.F.);
#1084=ORIENTED_EDGE('',*,*,#2370,.T.);
#1085=ORIENTED_EDGE('',*,*,#2373,.F.);
#1086=ORIENTED_EDGE('',*,*,#2376,.T.);
#1087=ORIENTED_EDGE('',*,*,#2379,.T.);
#1088=ORIENTED_EDGE('',*,*,#2415,.F.);
#1089=ORIENTED_EDGE('',*,*,#2386,.F.);
#1090=ORIENTED_EDGE('',*,*,#2416,.F.);
#1091=ORIENTED_EDGE('',*,*,#2383,.F.);
#1092=ORIENTED_EDGE('',*,*,#2417,.F.);
#1093=ORIENTED_EDGE('',*,*,#2418,.F.);
#1094=ORIENTED_EDGE('',*,*,#2419,.T.);
#1095=ORIENTED_EDGE('',*,*,#2420,.F.);
#1096=ORIENTED_EDGE('',*,*,#2421,.F.);
#1097=ORIENTED_EDGE('',*,*,#2422,.F.);
#1098=ORIENTED_EDGE('',*,*,#2423,.F.);
#1099=ORIENTED_EDGE('',*,*,#2424,.T.);
#1100=ORIENTED_EDGE('',*,*,#2425,.T.);
#1101=ORIENTED_EDGE('',*,*,#2426,.F.);
#1102=ORIENTED_EDGE('',*,*,#2427,.T.);
#1103=ORIENTED_EDGE('',*,*,#2428,.T.);
#1104=ORIENTED_EDGE('',*,*,#2429,.F.);
#1105=ORIENTED_EDGE('',*,*,#2430,.T.);
#1106=ORIENTED_EDGE('',*,*,#2431,.F.);
#1107=ORIENTED_EDGE('',*,*,#2432,.F.);
#1108=ORIENTED_EDGE('',*,*,#2433,.F.);
#1109=ORIENTED_EDGE('',*,*,#2434,.F.);
#1110=ORIENTED_EDGE('',*,*,#2435,.T.);
#1111=ORIENTED_EDGE('',*,*,#2436,.T.);
#1112=ORIENTED_EDGE('',*,*,#2437,.F.);
#1113=ORIENTED_EDGE('',*,*,#2438,.T.);
#1114=ORIENTED_EDGE('',*,*,#2439,.T.);
#1115=ORIENTED_EDGE('',*,*,#2440,.F.);
#1116=ORIENTED_EDGE('',*,*,#2441,.F.);
#1117=ORIENTED_EDGE('',*,*,#2442,.F.);
#1118=ORIENTED_EDGE('',*,*,#2443,.F.);
#1119=ORIENTED_EDGE('',*,*,#2444,.F.);
#1120=ORIENTED_EDGE('',*,*,#2445,.F.);
#1121=ORIENTED_EDGE('',*,*,#2446,.F.);
#1122=ORIENTED_EDGE('',*,*,#2447,.F.);
#1123=ORIENTED_EDGE('',*,*,#2448,.F.);
#1124=ORIENTED_EDGE('',*,*,#2449,.F.);
#1125=ORIENTED_EDGE('',*,*,#2450,.T.);
#1126=ORIENTED_EDGE('',*,*,#2451,.T.);
#1127=ORIENTED_EDGE('',*,*,#2452,.T.);
#1128=ORIENTED_EDGE('',*,*,#2453,.T.);
#1129=ORIENTED_EDGE('',*,*,#2454,.T.);
#1130=ORIENTED_EDGE('',*,*,#2455,.T.);
#1131=ORIENTED_EDGE('',*,*,#2456,.T.);
#1132=ORIENTED_EDGE('',*,*,#2457,.T.);
#1133=ORIENTED_EDGE('',*,*,#2458,.T.);
#1134=ORIENTED_EDGE('',*,*,#2459,.T.);
#1135=ORIENTED_EDGE('',*,*,#2460,.F.);
#1136=ORIENTED_EDGE('',*,*,#2461,.F.);
#1137=ORIENTED_EDGE('',*,*,#2462,.F.);
#1138=ORIENTED_EDGE('',*,*,#2463,.F.);
#1139=ORIENTED_EDGE('',*,*,#2464,.F.);
#1140=ORIENTED_EDGE('',*,*,#2465,.F.);
#1141=ORIENTED_EDGE('',*,*,#2466,.F.);
#1142=ORIENTED_EDGE('',*,*,#2467,.F.);
#1143=ORIENTED_EDGE('',*,*,#2468,.F.);
#1144=ORIENTED_EDGE('',*,*,#2469,.F.);
#1145=ORIENTED_EDGE('',*,*,#2470,.F.);
#1146=ORIENTED_EDGE('',*,*,#2471,.F.);
#1147=ORIENTED_EDGE('',*,*,#2472,.F.);
#1148=ORIENTED_EDGE('',*,*,#2473,.F.);
#1149=ORIENTED_EDGE('',*,*,#2474,.T.);
#1150=ORIENTED_EDGE('',*,*,#2475,.T.);
#1151=ORIENTED_EDGE('',*,*,#2476,.T.);
#1152=ORIENTED_EDGE('',*,*,#2477,.T.);
#1153=ORIENTED_EDGE('',*,*,#2478,.T.);
#1154=ORIENTED_EDGE('',*,*,#2479,.T.);
#1155=ORIENTED_EDGE('',*,*,#2480,.T.);
#1156=ORIENTED_EDGE('',*,*,#2481,.T.);
#1157=ORIENTED_EDGE('',*,*,#2482,.F.);
#1158=ORIENTED_EDGE('',*,*,#2483,.T.);
#1159=ORIENTED_EDGE('',*,*,#2484,.T.);
#1160=ORIENTED_EDGE('',*,*,#2485,.T.);
#1161=ORIENTED_EDGE('',*,*,#2486,.T.);
#1162=ORIENTED_EDGE('',*,*,#2487,.T.);
#1163=ORIENTED_EDGE('',*,*,#2488,.T.);
#1164=ORIENTED_EDGE('',*,*,#2489,.F.);
#1165=ORIENTED_EDGE('',*,*,#2490,.T.);
#1166=ORIENTED_EDGE('',*,*,#2491,.T.);
#1167=ORIENTED_EDGE('',*,*,#2492,.T.);
#1168=ORIENTED_EDGE('',*,*,#2493,.T.);
#1169=ORIENTED_EDGE('',*,*,#2494,.T.);
#1170=ORIENTED_EDGE('',*,*,#2495,.T.);
#1171=ORIENTED_EDGE('',*,*,#2496,.T.);
#1172=ORIENTED_EDGE('',*,*,#2497,.T.);
#1173=ORIENTED_EDGE('',*,*,#2498,.T.);
#1174=ORIENTED_EDGE('',*,*,#2499,.T.);
#1175=ORIENTED_EDGE('',*,*,#2500,.T.);
#1176=ORIENTED_EDGE('',*,*,#2501,.T.);
#1177=ORIENTED_EDGE('',*,*,#2502,.T.);
#1178=ORIENTED_EDGE('',*,*,#2503,.T.);
#1179=ORIENTED_EDGE('',*,*,#2504,.T.);
#1180=ORIENTED_EDGE('',*,*,#2505,.F.);
#1181=ORIENTED_EDGE('',*,*,#2506,.T.);
#1182=ORIENTED_EDGE('',*,*,#2507,.T.);
#1183=ORIENTED_EDGE('',*,*,#2508,.T.);
#1184=ORIENTED_EDGE('',*,*,#2509,.F.);
#1185=ORIENTED_EDGE('',*,*,#2510,.T.);
#1186=ORIENTED_EDGE('',*,*,#2511,.T.);
#1187=ORIENTED_EDGE('',*,*,#2512,.F.);
#1188=ORIENTED_EDGE('',*,*,#2513,.F.);
#1189=ORIENTED_EDGE('',*,*,#2514,.T.);
#1190=ORIENTED_EDGE('',*,*,#2515,.F.);
#1191=ORIENTED_EDGE('',*,*,#2516,.T.);
#1192=ORIENTED_EDGE('',*,*,#2517,.F.);
#1193=ORIENTED_EDGE('',*,*,#2518,.T.);
#1194=ORIENTED_EDGE('',*,*,#2514,.F.);
#1195=ORIENTED_EDGE('',*,*,#2519,.F.);
#1196=ORIENTED_EDGE('',*,*,#2520,.T.);
#1197=ORIENTED_EDGE('',*,*,#2521,.F.);
#1198=ORIENTED_EDGE('',*,*,#2433,.T.);
#1199=ORIENTED_EDGE('',*,*,#2522,.T.);
#1200=ORIENTED_EDGE('',*,*,#2429,.T.);
#1201=ORIENTED_EDGE('',*,*,#2523,.F.);
#1202=ORIENTED_EDGE('',*,*,#2437,.T.);
#1203=ORIENTED_EDGE('',*,*,#2524,.T.);
#1204=ORIENTED_EDGE('',*,*,#2525,.T.);
#1205=ORIENTED_EDGE('',*,*,#2526,.T.);
#1206=ORIENTED_EDGE('',*,*,#2422,.T.);
#1207=ORIENTED_EDGE('',*,*,#2527,.T.);
#1208=ORIENTED_EDGE('',*,*,#2418,.T.);
#1209=ORIENTED_EDGE('',*,*,#2528,.F.);
#1210=ORIENTED_EDGE('',*,*,#2426,.T.);
#1211=ORIENTED_EDGE('',*,*,#2529,.F.);
#1212=ORIENTED_EDGE('',*,*,#2530,.T.);
#1213=ORIENTED_EDGE('',*,*,#2531,.T.);
#1214=ORIENTED_EDGE('',*,*,#2510,.F.);
#1215=ORIENTED_EDGE('',*,*,#2532,.T.);
#1216=ORIENTED_EDGE('',*,*,#2533,.F.);
#1217=ORIENTED_EDGE('',*,*,#2534,.T.);
#1218=ORIENTED_EDGE('',*,*,#2535,.F.);
#1219=ORIENTED_EDGE('',*,*,#2536,.T.);
#1220=ORIENTED_EDGE('',*,*,#2537,.F.);
#1221=ORIENTED_EDGE('',*,*,#2538,.T.);
#1222=ORIENTED_EDGE('',*,*,#2517,.T.);
#1223=ORIENTED_EDGE('',*,*,#2539,.T.);
#1224=ORIENTED_EDGE('',*,*,#2540,.T.);
#1225=ORIENTED_EDGE('',*,*,#2541,.F.);
#1226=ORIENTED_EDGE('',*,*,#2541,.T.);
#1227=ORIENTED_EDGE('',*,*,#2542,.T.);
#1228=ORIENTED_EDGE('',*,*,#2507,.F.);
#1229=ORIENTED_EDGE('',*,*,#2518,.F.);
#1230=ORIENTED_EDGE('',*,*,#2509,.T.);
#1231=ORIENTED_EDGE('',*,*,#2543,.T.);
#1232=ORIENTED_EDGE('',*,*,#2544,.F.);
#1233=ORIENTED_EDGE('',*,*,#2532,.F.);
#1234=ORIENTED_EDGE('',*,*,#2535,.T.);
#1235=ORIENTED_EDGE('',*,*,#2545,.T.);
#1236=ORIENTED_EDGE('',*,*,#2546,.T.);
#1237=ORIENTED_EDGE('',*,*,#2547,.T.);
#1238=ORIENTED_EDGE('',*,*,#2548,.T.);
#1239=ORIENTED_EDGE('',*,*,#2549,.T.);
#1240=ORIENTED_EDGE('',*,*,#2537,.T.);
#1241=ORIENTED_EDGE('',*,*,#2550,.T.);
#1242=ORIENTED_EDGE('',*,*,#2551,.T.);
#1243=ORIENTED_EDGE('',*,*,#2552,.T.);
#1244=ORIENTED_EDGE('',*,*,#2533,.T.);
#1245=ORIENTED_EDGE('',*,*,#2544,.T.);
#1246=ORIENTED_EDGE('',*,*,#2553,.T.);
#1247=ORIENTED_EDGE('',*,*,#2554,.T.);
#1248=ORIENTED_EDGE('',*,*,#2515,.T.);
#1249=ORIENTED_EDGE('',*,*,#2555,.T.);
#1250=ORIENTED_EDGE('',*,*,#2526,.F.);
#1251=ORIENTED_EDGE('',*,*,#2556,.F.);
#1252=ORIENTED_EDGE('',*,*,#2557,.T.);
#1253=ORIENTED_EDGE('',*,*,#2423,.T.);
#1254=ORIENTED_EDGE('',*,*,#2525,.F.);
#1255=ORIENTED_EDGE('',*,*,#2558,.F.);
#1256=ORIENTED_EDGE('',*,*,#2559,.T.);
#1257=ORIENTED_EDGE('',*,*,#2556,.T.);
#1258=ORIENTED_EDGE('',*,*,#2524,.F.);
#1259=ORIENTED_EDGE('',*,*,#2436,.F.);
#1260=ORIENTED_EDGE('',*,*,#2560,.T.);
#1261=ORIENTED_EDGE('',*,*,#2558,.T.);
#1262=ORIENTED_EDGE('',*,*,#2521,.T.);
#1263=ORIENTED_EDGE('',*,*,#2561,.F.);
#1264=ORIENTED_EDGE('',*,*,#2562,.F.);
#1265=ORIENTED_EDGE('',*,*,#2434,.T.);
#1266=ORIENTED_EDGE('',*,*,#2563,.F.);
#1267=ORIENTED_EDGE('',*,*,#2564,.F.);
#1268=ORIENTED_EDGE('',*,*,#2565,.T.);
#1269=ORIENTED_EDGE('',*,*,#2530,.F.);
#1270=ORIENTED_EDGE('',*,*,#2566,.F.);
#1271=ORIENTED_EDGE('',*,*,#2567,.T.);
#1272=ORIENTED_EDGE('',*,*,#2561,.T.);
#1273=ORIENTED_EDGE('',*,*,#2520,.F.);
#1274=ORIENTED_EDGE('',*,*,#2529,.T.);
#1275=ORIENTED_EDGE('',*,*,#2425,.F.);
#1276=ORIENTED_EDGE('',*,*,#2568,.F.);
#1277=ORIENTED_EDGE('',*,*,#2566,.T.);
#1278=ORIENTED_EDGE('',*,*,#2424,.F.);
#1279=ORIENTED_EDGE('',*,*,#2557,.F.);
#1280=ORIENTED_EDGE('',*,*,#2559,.F.);
#1281=ORIENTED_EDGE('',*,*,#2560,.F.);
#1282=ORIENTED_EDGE('',*,*,#2435,.F.);
#1283=ORIENTED_EDGE('',*,*,#2562,.T.);
#1284=ORIENTED_EDGE('',*,*,#2567,.F.);
#1285=ORIENTED_EDGE('',*,*,#2568,.T.);
#1286=ORIENTED_EDGE('',*,*,#2569,.F.);
#1287=ORIENTED_EDGE('',*,*,#2570,.T.);
#1288=ORIENTED_EDGE('',*,*,#2571,.F.);
#1289=ORIENTED_EDGE('',*,*,#2572,.T.);
#1290=ORIENTED_EDGE('',*,*,#2573,.T.);
#1291=ORIENTED_EDGE('',*,*,#2574,.T.);
#1292=ORIENTED_EDGE('',*,*,#2575,.T.);
#1293=ORIENTED_EDGE('',*,*,#2576,.T.);
#1294=ORIENTED_EDGE('',*,*,#2577,.T.);
#1295=ORIENTED_EDGE('',*,*,#2578,.T.);
#1296=ORIENTED_EDGE('',*,*,#2579,.T.);
#1297=ORIENTED_EDGE('',*,*,#2580,.T.);
#1298=ORIENTED_EDGE('',*,*,#2581,.T.);
#1299=ORIENTED_EDGE('',*,*,#2582,.T.);
#1300=ORIENTED_EDGE('',*,*,#2583,.T.);
#1301=ORIENTED_EDGE('',*,*,#2584,.T.);
#1302=ORIENTED_EDGE('',*,*,#2585,.T.);
#1303=ORIENTED_EDGE('',*,*,#2586,.F.);
#1304=ORIENTED_EDGE('',*,*,#2587,.T.);
#1305=ORIENTED_EDGE('',*,*,#2588,.T.);
#1306=ORIENTED_EDGE('',*,*,#2589,.F.);
#1307=ORIENTED_EDGE('',*,*,#2573,.F.);
#1308=ORIENTED_EDGE('',*,*,#2589,.T.);
#1309=ORIENTED_EDGE('',*,*,#2590,.T.);
#1310=ORIENTED_EDGE('',*,*,#2591,.F.);
#1311=ORIENTED_EDGE('',*,*,#2574,.F.);
#1312=ORIENTED_EDGE('',*,*,#2592,.T.);
#1313=ORIENTED_EDGE('',*,*,#2593,.T.);
#1314=ORIENTED_EDGE('',*,*,#2594,.F.);
#1315=ORIENTED_EDGE('',*,*,#2576,.F.);
#1316=ORIENTED_EDGE('',*,*,#2591,.T.);
#1317=ORIENTED_EDGE('',*,*,#2595,.T.);
#1318=ORIENTED_EDGE('',*,*,#2592,.F.);
#1319=ORIENTED_EDGE('',*,*,#2575,.F.);
#1320=ORIENTED_EDGE('',*,*,#2594,.T.);
#1321=ORIENTED_EDGE('',*,*,#2596,.T.);
#1322=ORIENTED_EDGE('',*,*,#2597,.F.);
#1323=ORIENTED_EDGE('',*,*,#2569,.T.);
#1324=ORIENTED_EDGE('',*,*,#2597,.T.);
#1325=ORIENTED_EDGE('',*,*,#2598,.T.);
#1326=ORIENTED_EDGE('',*,*,#2599,.F.);
#1327=ORIENTED_EDGE('',*,*,#2570,.F.);
#1328=ORIENTED_EDGE('',*,*,#2599,.T.);
#1329=ORIENTED_EDGE('',*,*,#2600,.T.);
#1330=ORIENTED_EDGE('',*,*,#2601,.F.);
#1331=ORIENTED_EDGE('',*,*,#2571,.T.);
#1332=ORIENTED_EDGE('',*,*,#2601,.T.);
#1333=ORIENTED_EDGE('',*,*,#2602,.T.);
#1334=ORIENTED_EDGE('',*,*,#2587,.F.);
#1335=ORIENTED_EDGE('',*,*,#2572,.F.);
#1336=ORIENTED_EDGE('',*,*,#2586,.T.);
#1337=ORIENTED_EDGE('',*,*,#2505,.T.);
#1338=ORIENTED_EDGE('',*,*,#2563,.T.);
#1339=ORIENTED_EDGE('',*,*,#2519,.T.);
#1340=ORIENTED_EDGE('',*,*,#2513,.T.);
#1341=ORIENTED_EDGE('',*,*,#2603,.F.);
#1342=ORIENTED_EDGE('',*,*,#2564,.T.);
#1343=ORIENTED_EDGE('',*,*,#2603,.T.);
#1344=ORIENTED_EDGE('',*,*,#2512,.T.);
#1345=ORIENTED_EDGE('',*,*,#2604,.F.);
#1346=ORIENTED_EDGE('',*,*,#2604,.T.);
#1347=ORIENTED_EDGE('',*,*,#2511,.F.);
#1348=ORIENTED_EDGE('',*,*,#2531,.F.);
#1349=ORIENTED_EDGE('',*,*,#2565,.F.);
#1350=ORIENTED_EDGE('',*,*,#2605,.F.);
#1351=ORIENTED_EDGE('',*,*,#2606,.T.);
#1352=ORIENTED_EDGE('',*,*,#2605,.T.);
#1353=ORIENTED_EDGE('',*,*,#2607,.F.);
#1354=ORIENTED_EDGE('',*,*,#2598,.F.);
#1355=ORIENTED_EDGE('',*,*,#2608,.F.);
#1356=ORIENTED_EDGE('',*,*,#2580,.F.);
#1357=ORIENTED_EDGE('',*,*,#2608,.T.);
#1358=ORIENTED_EDGE('',*,*,#2596,.F.);
#1359=ORIENTED_EDGE('',*,*,#2609,.F.);
#1360=ORIENTED_EDGE('',*,*,#2581,.F.);
#1361=ORIENTED_EDGE('',*,*,#2607,.T.);
#1362=ORIENTED_EDGE('',*,*,#2579,.F.);
#1363=ORIENTED_EDGE('',*,*,#2610,.F.);
#1364=ORIENTED_EDGE('',*,*,#2600,.F.);
#1365=ORIENTED_EDGE('',*,*,#2609,.T.);
#1366=ORIENTED_EDGE('',*,*,#2593,.F.);
#1367=ORIENTED_EDGE('',*,*,#2611,.F.);
#1368=ORIENTED_EDGE('',*,*,#2582,.F.);
#1369=ORIENTED_EDGE('',*,*,#2610,.T.);
#1370=ORIENTED_EDGE('',*,*,#2578,.F.);
#1371=ORIENTED_EDGE('',*,*,#2612,.F.);
#1372=ORIENTED_EDGE('',*,*,#2602,.F.);
#1373=ORIENTED_EDGE('',*,*,#2613,.F.);
#1374=ORIENTED_EDGE('',*,*,#2583,.F.);
#1375=ORIENTED_EDGE('',*,*,#2611,.T.);
#1376=ORIENTED_EDGE('',*,*,#2595,.F.);
#1377=ORIENTED_EDGE('',*,*,#2614,.F.);
#1378=ORIENTED_EDGE('',*,*,#2606,.F.);
#1379=ORIENTED_EDGE('',*,*,#2584,.F.);
#1380=ORIENTED_EDGE('',*,*,#2613,.T.);
#1381=ORIENTED_EDGE('',*,*,#2615,.F.);
#1382=ORIENTED_EDGE('',*,*,#2612,.T.);
#1383=ORIENTED_EDGE('',*,*,#2577,.F.);
#1384=ORIENTED_EDGE('',*,*,#2616,.F.);
#1385=ORIENTED_EDGE('',*,*,#2588,.F.);
#1386=ORIENTED_EDGE('',*,*,#2614,.T.);
#1387=ORIENTED_EDGE('',*,*,#2590,.F.);
#1388=ORIENTED_EDGE('',*,*,#2616,.T.);
#1389=ORIENTED_EDGE('',*,*,#2585,.F.);
#1390=ORIENTED_EDGE('',*,*,#2615,.T.);
#1391=ORIENTED_EDGE('',*,*,#2617,.F.);
#1392=ORIENTED_EDGE('',*,*,#2545,.F.);
#1393=ORIENTED_EDGE('',*,*,#2534,.F.);
#1394=ORIENTED_EDGE('',*,*,#2552,.F.);
#1395=ORIENTED_EDGE('',*,*,#2618,.F.);
#1396=ORIENTED_EDGE('',*,*,#2617,.T.);
#1397=ORIENTED_EDGE('',*,*,#2619,.F.);
#1398=ORIENTED_EDGE('',*,*,#2619,.T.);
#1399=ORIENTED_EDGE('',*,*,#2551,.F.);
#1400=ORIENTED_EDGE('',*,*,#2620,.F.);
#1401=ORIENTED_EDGE('',*,*,#2621,.F.);
#1402=ORIENTED_EDGE('',*,*,#2618,.T.);
#1403=ORIENTED_EDGE('',*,*,#2622,.F.);
#1404=ORIENTED_EDGE('',*,*,#2623,.F.);
#1405=ORIENTED_EDGE('',*,*,#2546,.F.);
#1406=ORIENTED_EDGE('',*,*,#2536,.F.);
#1407=ORIENTED_EDGE('',*,*,#2547,.F.);
#1408=ORIENTED_EDGE('',*,*,#2624,.F.);
#1409=ORIENTED_EDGE('',*,*,#2550,.F.);
#1410=ORIENTED_EDGE('',*,*,#2620,.T.);
#1411=ORIENTED_EDGE('',*,*,#2543,.F.);
#1412=ORIENTED_EDGE('',*,*,#2625,.F.);
#1413=ORIENTED_EDGE('',*,*,#2626,.F.);
#1414=ORIENTED_EDGE('',*,*,#2623,.T.);
#1415=ORIENTED_EDGE('',*,*,#2627,.T.);
#1416=ORIENTED_EDGE('',*,*,#2628,.F.);
#1417=ORIENTED_EDGE('',*,*,#2624,.T.);
#1418=ORIENTED_EDGE('',*,*,#2625,.T.);
#1419=ORIENTED_EDGE('',*,*,#2508,.F.);
#1420=ORIENTED_EDGE('',*,*,#2629,.F.);
#1421=ORIENTED_EDGE('',*,*,#2630,.F.);
#1422=ORIENTED_EDGE('',*,*,#2628,.T.);
#1423=ORIENTED_EDGE('',*,*,#2631,.F.);
#1424=ORIENTED_EDGE('',*,*,#2632,.F.);
#1425=ORIENTED_EDGE('',*,*,#2548,.F.);
#1426=ORIENTED_EDGE('',*,*,#2538,.F.);
#1427=ORIENTED_EDGE('',*,*,#2549,.F.);
#1428=ORIENTED_EDGE('',*,*,#2633,.F.);
#1429=ORIENTED_EDGE('',*,*,#2555,.F.);
#1430=ORIENTED_EDGE('',*,*,#2629,.T.);
#1431=ORIENTED_EDGE('',*,*,#2542,.F.);
#1432=ORIENTED_EDGE('',*,*,#2634,.F.);
#1433=ORIENTED_EDGE('',*,*,#2635,.F.);
#1434=ORIENTED_EDGE('',*,*,#2633,.T.);
#1435=ORIENTED_EDGE('',*,*,#2632,.T.);
#1436=ORIENTED_EDGE('',*,*,#2636,.F.);
#1437=ORIENTED_EDGE('',*,*,#2634,.T.);
#1438=ORIENTED_EDGE('',*,*,#2540,.F.);
#1439=ORIENTED_EDGE('',*,*,#2637,.F.);
#1440=ORIENTED_EDGE('',*,*,#2638,.F.);
#1441=ORIENTED_EDGE('',*,*,#2636,.T.);
#1442=ORIENTED_EDGE('',*,*,#2639,.F.);
#1443=ORIENTED_EDGE('',*,*,#2640,.F.);
#1444=ORIENTED_EDGE('',*,*,#2553,.F.);
#1445=ORIENTED_EDGE('',*,*,#2640,.T.);
#1446=ORIENTED_EDGE('',*,*,#2637,.T.);
#1447=ORIENTED_EDGE('',*,*,#2641,.F.);
#1448=ORIENTED_EDGE('',*,*,#2516,.F.);
#1449=ORIENTED_EDGE('',*,*,#2554,.F.);
#1450=ORIENTED_EDGE('',*,*,#2641,.T.);
#1451=ORIENTED_EDGE('',*,*,#2539,.F.);
#1452=ORIENTED_EDGE('',*,*,#2642,.F.);
#1453=ORIENTED_EDGE('',*,*,#2643,.F.);
#1454=ORIENTED_EDGE('',*,*,#2644,.F.);
#1455=ORIENTED_EDGE('',*,*,#2645,.F.);
#1456=ORIENTED_EDGE('',*,*,#2646,.F.);
#1457=ORIENTED_EDGE('',*,*,#2647,.T.);
#1458=ORIENTED_EDGE('',*,*,#2648,.F.);
#1459=ORIENTED_EDGE('',*,*,#2649,.F.);
#1460=ORIENTED_EDGE('',*,*,#2650,.F.);
#1461=ORIENTED_EDGE('',*,*,#2651,.T.);
#1462=ORIENTED_EDGE('',*,*,#2652,.T.);
#1463=ORIENTED_EDGE('',*,*,#2653,.T.);
#1464=ORIENTED_EDGE('',*,*,#2654,.F.);
#1465=ORIENTED_EDGE('',*,*,#2655,.T.);
#1466=ORIENTED_EDGE('',*,*,#2656,.T.);
#1467=ORIENTED_EDGE('',*,*,#2657,.T.);
#1468=ORIENTED_EDGE('',*,*,#2658,.T.);
#1469=ORIENTED_EDGE('',*,*,#2659,.T.);
#1470=ORIENTED_EDGE('',*,*,#2650,.T.);
#1471=ORIENTED_EDGE('',*,*,#2660,.T.);
#1472=ORIENTED_EDGE('',*,*,#2626,.T.);
#1473=ORIENTED_EDGE('',*,*,#2661,.F.);
#1474=ORIENTED_EDGE('',*,*,#2662,.T.);
#1475=ORIENTED_EDGE('',*,*,#2476,.F.);
#1476=ORIENTED_EDGE('',*,*,#2663,.F.);
#1477=ORIENTED_EDGE('',*,*,#2651,.F.);
#1478=ORIENTED_EDGE('',*,*,#2664,.T.);
#1479=ORIENTED_EDGE('',*,*,#2477,.F.);
#1480=ORIENTED_EDGE('',*,*,#2662,.F.);
#1481=ORIENTED_EDGE('',*,*,#2659,.F.);
#1482=ORIENTED_EDGE('',*,*,#2665,.T.);
#1483=ORIENTED_EDGE('',*,*,#2478,.F.);
#1484=ORIENTED_EDGE('',*,*,#2664,.F.);
#1485=ORIENTED_EDGE('',*,*,#2658,.F.);
#1486=ORIENTED_EDGE('',*,*,#2666,.T.);
#1487=ORIENTED_EDGE('',*,*,#2479,.F.);
#1488=ORIENTED_EDGE('',*,*,#2665,.F.);
#1489=ORIENTED_EDGE('',*,*,#2657,.F.);
#1490=ORIENTED_EDGE('',*,*,#2667,.T.);
#1491=ORIENTED_EDGE('',*,*,#2480,.F.);
#1492=ORIENTED_EDGE('',*,*,#2666,.F.);
#1493=ORIENTED_EDGE('',*,*,#2656,.F.);
#1494=ORIENTED_EDGE('',*,*,#2668,.T.);
#1495=ORIENTED_EDGE('',*,*,#2481,.F.);
#1496=ORIENTED_EDGE('',*,*,#2667,.F.);
#1497=ORIENTED_EDGE('',*,*,#2655,.F.);
#1498=ORIENTED_EDGE('',*,*,#2654,.T.);
#1499=ORIENTED_EDGE('',*,*,#2669,.T.);
#1500=ORIENTED_EDGE('',*,*,#2482,.T.);
#1501=ORIENTED_EDGE('',*,*,#2668,.F.);
#1502=ORIENTED_EDGE('',*,*,#2670,.T.);
#1503=ORIENTED_EDGE('',*,*,#2474,.F.);
#1504=ORIENTED_EDGE('',*,*,#2669,.F.);
#1505=ORIENTED_EDGE('',*,*,#2653,.F.);
#1506=ORIENTED_EDGE('',*,*,#2663,.T.);
#1507=ORIENTED_EDGE('',*,*,#2475,.F.);
#1508=ORIENTED_EDGE('',*,*,#2670,.F.);
#1509=ORIENTED_EDGE('',*,*,#2652,.F.);
#1510=ORIENTED_EDGE('',*,*,#2649,.T.);
#1511=ORIENTED_EDGE('',*,*,#2671,.T.);
#1512=ORIENTED_EDGE('',*,*,#2621,.T.);
#1513=ORIENTED_EDGE('',*,*,#2660,.F.);
#1514=ORIENTED_EDGE('',*,*,#2648,.T.);
#1515=ORIENTED_EDGE('',*,*,#2672,.T.);
#1516=ORIENTED_EDGE('',*,*,#2622,.T.);
#1517=ORIENTED_EDGE('',*,*,#2671,.F.);
#1518=ORIENTED_EDGE('',*,*,#2673,.T.);
#1519=ORIENTED_EDGE('',*,*,#2627,.F.);
#1520=ORIENTED_EDGE('',*,*,#2672,.F.);
#1521=ORIENTED_EDGE('',*,*,#2647,.F.);
#1522=ORIENTED_EDGE('',*,*,#2646,.T.);
#1523=ORIENTED_EDGE('',*,*,#2674,.T.);
#1524=ORIENTED_EDGE('',*,*,#2631,.T.);
#1525=ORIENTED_EDGE('',*,*,#2673,.F.);
#1526=ORIENTED_EDGE('',*,*,#2645,.T.);
#1527=ORIENTED_EDGE('',*,*,#2675,.T.);
#1528=ORIENTED_EDGE('',*,*,#2639,.T.);
#1529=ORIENTED_EDGE('',*,*,#2674,.F.);
#1530=ORIENTED_EDGE('',*,*,#2644,.T.);
#1531=ORIENTED_EDGE('',*,*,#2676,.T.);
#1532=ORIENTED_EDGE('',*,*,#2638,.T.);
#1533=ORIENTED_EDGE('',*,*,#2675,.F.);
#1534=ORIENTED_EDGE('',*,*,#2643,.T.);
#1535=ORIENTED_EDGE('',*,*,#2677,.T.);
#1536=ORIENTED_EDGE('',*,*,#2635,.T.);
#1537=ORIENTED_EDGE('',*,*,#2676,.F.);
#1538=ORIENTED_EDGE('',*,*,#2642,.T.);
#1539=ORIENTED_EDGE('',*,*,#2661,.T.);
#1540=ORIENTED_EDGE('',*,*,#2630,.T.);
#1541=ORIENTED_EDGE('',*,*,#2677,.F.);
#1542=ORIENTED_EDGE('',*,*,#2678,.F.);
#1543=ORIENTED_EDGE('',*,*,#2679,.T.);
#1544=ORIENTED_EDGE('',*,*,#2678,.T.);
#1545=ORIENTED_EDGE('',*,*,#2473,.T.);
#1546=ORIENTED_EDGE('',*,*,#2679,.F.);
#1547=ORIENTED_EDGE('',*,*,#2506,.F.);
#1548=ORIENTED_EDGE('',*,*,#2680,.T.);
#1549=ORIENTED_EDGE('',*,*,#2681,.T.);
#1550=ORIENTED_EDGE('',*,*,#2462,.T.);
#1551=ORIENTED_EDGE('',*,*,#2682,.F.);
#1552=ORIENTED_EDGE('',*,*,#2683,.T.);
#1553=ORIENTED_EDGE('',*,*,#2682,.T.);
#1554=ORIENTED_EDGE('',*,*,#2472,.T.);
#1555=ORIENTED_EDGE('',*,*,#2684,.F.);
#1556=ORIENTED_EDGE('',*,*,#2685,.T.);
#1557=ORIENTED_EDGE('',*,*,#2684,.T.);
#1558=ORIENTED_EDGE('',*,*,#2471,.T.);
#1559=ORIENTED_EDGE('',*,*,#2686,.F.);
#1560=ORIENTED_EDGE('',*,*,#2687,.T.);
#1561=ORIENTED_EDGE('',*,*,#2686,.T.);
#1562=ORIENTED_EDGE('',*,*,#2470,.T.);
#1563=ORIENTED_EDGE('',*,*,#2688,.F.);
#1564=ORIENTED_EDGE('',*,*,#2689,.T.);
#1565=ORIENTED_EDGE('',*,*,#2688,.T.);
#1566=ORIENTED_EDGE('',*,*,#2469,.T.);
#1567=ORIENTED_EDGE('',*,*,#2690,.F.);
#1568=ORIENTED_EDGE('',*,*,#2691,.T.);
#1569=ORIENTED_EDGE('',*,*,#2690,.T.);
#1570=ORIENTED_EDGE('',*,*,#2468,.T.);
#1571=ORIENTED_EDGE('',*,*,#2692,.F.);
#1572=ORIENTED_EDGE('',*,*,#2693,.T.);
#1573=ORIENTED_EDGE('',*,*,#2692,.T.);
#1574=ORIENTED_EDGE('',*,*,#2467,.T.);
#1575=ORIENTED_EDGE('',*,*,#2694,.F.);
#1576=ORIENTED_EDGE('',*,*,#2695,.T.);
#1577=ORIENTED_EDGE('',*,*,#2694,.T.);
#1578=ORIENTED_EDGE('',*,*,#2466,.T.);
#1579=ORIENTED_EDGE('',*,*,#2696,.F.);
#1580=ORIENTED_EDGE('',*,*,#2697,.T.);
#1581=ORIENTED_EDGE('',*,*,#2696,.T.);
#1582=ORIENTED_EDGE('',*,*,#2465,.T.);
#1583=ORIENTED_EDGE('',*,*,#2698,.F.);
#1584=ORIENTED_EDGE('',*,*,#2699,.T.);
#1585=ORIENTED_EDGE('',*,*,#2698,.T.);
#1586=ORIENTED_EDGE('',*,*,#2464,.T.);
#1587=ORIENTED_EDGE('',*,*,#2700,.F.);
#1588=ORIENTED_EDGE('',*,*,#2701,.T.);
#1589=ORIENTED_EDGE('',*,*,#2700,.T.);
#1590=ORIENTED_EDGE('',*,*,#2463,.T.);
#1591=ORIENTED_EDGE('',*,*,#2681,.F.);
#1592=ORIENTED_EDGE('',*,*,#2683,.F.);
#1593=ORIENTED_EDGE('',*,*,#2685,.F.);
#1594=ORIENTED_EDGE('',*,*,#2687,.F.);
#1595=ORIENTED_EDGE('',*,*,#2689,.F.);
#1596=ORIENTED_EDGE('',*,*,#2691,.F.);
#1597=ORIENTED_EDGE('',*,*,#2693,.F.);
#1598=ORIENTED_EDGE('',*,*,#2695,.F.);
#1599=ORIENTED_EDGE('',*,*,#2697,.F.);
#1600=ORIENTED_EDGE('',*,*,#2699,.F.);
#1601=ORIENTED_EDGE('',*,*,#2701,.F.);
#1602=ORIENTED_EDGE('',*,*,#2680,.F.);
#1603=ORIENTED_EDGE('',*,*,#2702,.T.);
#1604=ORIENTED_EDGE('',*,*,#2484,.F.);
#1605=ORIENTED_EDGE('',*,*,#2703,.F.);
#1606=ORIENTED_EDGE('',*,*,#2704,.F.);
#1607=ORIENTED_EDGE('',*,*,#2703,.T.);
#1608=ORIENTED_EDGE('',*,*,#2483,.F.);
#1609=ORIENTED_EDGE('',*,*,#2705,.F.);
#1610=ORIENTED_EDGE('',*,*,#2706,.F.);
#1611=ORIENTED_EDGE('',*,*,#2705,.T.);
#1612=ORIENTED_EDGE('',*,*,#2494,.F.);
#1613=ORIENTED_EDGE('',*,*,#2707,.F.);
#1614=ORIENTED_EDGE('',*,*,#2708,.F.);
#1615=ORIENTED_EDGE('',*,*,#2707,.T.);
#1616=ORIENTED_EDGE('',*,*,#2493,.F.);
#1617=ORIENTED_EDGE('',*,*,#2709,.F.);
#1618=ORIENTED_EDGE('',*,*,#2710,.F.);
#1619=ORIENTED_EDGE('',*,*,#2709,.T.);
#1620=ORIENTED_EDGE('',*,*,#2492,.F.);
#1621=ORIENTED_EDGE('',*,*,#2711,.F.);
#1622=ORIENTED_EDGE('',*,*,#2712,.F.);
#1623=ORIENTED_EDGE('',*,*,#2711,.T.);
#1624=ORIENTED_EDGE('',*,*,#2491,.F.);
#1625=ORIENTED_EDGE('',*,*,#2713,.F.);
#1626=ORIENTED_EDGE('',*,*,#2714,.F.);
#1627=ORIENTED_EDGE('',*,*,#2713,.T.);
#1628=ORIENTED_EDGE('',*,*,#2490,.F.);
#1629=ORIENTED_EDGE('',*,*,#2715,.F.);
#1630=ORIENTED_EDGE('',*,*,#2716,.F.);
#1631=ORIENTED_EDGE('',*,*,#2717,.T.);
#1632=ORIENTED_EDGE('',*,*,#2715,.T.);
#1633=ORIENTED_EDGE('',*,*,#2489,.T.);
#1634=ORIENTED_EDGE('',*,*,#2718,.F.);
#1635=ORIENTED_EDGE('',*,*,#2718,.T.);
#1636=ORIENTED_EDGE('',*,*,#2488,.F.);
#1637=ORIENTED_EDGE('',*,*,#2719,.F.);
#1638=ORIENTED_EDGE('',*,*,#2720,.F.);
#1639=ORIENTED_EDGE('',*,*,#2721,.T.);
#1640=ORIENTED_EDGE('',*,*,#2485,.F.);
#1641=ORIENTED_EDGE('',*,*,#2702,.F.);
#1642=ORIENTED_EDGE('',*,*,#2722,.F.);
#1643=ORIENTED_EDGE('',*,*,#2719,.T.);
#1644=ORIENTED_EDGE('',*,*,#2487,.F.);
#1645=ORIENTED_EDGE('',*,*,#2723,.F.);
#1646=ORIENTED_EDGE('',*,*,#2724,.F.);
#1647=ORIENTED_EDGE('',*,*,#2723,.T.);
#1648=ORIENTED_EDGE('',*,*,#2486,.F.);
#1649=ORIENTED_EDGE('',*,*,#2721,.F.);
#1650=ORIENTED_EDGE('',*,*,#2725,.F.);
#1651=ORIENTED_EDGE('',*,*,#2722,.T.);
#1652=ORIENTED_EDGE('',*,*,#2704,.T.);
#1653=ORIENTED_EDGE('',*,*,#2706,.T.);
#1654=ORIENTED_EDGE('',*,*,#2708,.T.);
#1655=ORIENTED_EDGE('',*,*,#2710,.T.);
#1656=ORIENTED_EDGE('',*,*,#2712,.T.);
#1657=ORIENTED_EDGE('',*,*,#2714,.T.);
#1658=ORIENTED_EDGE('',*,*,#2716,.T.);
#1659=ORIENTED_EDGE('',*,*,#2717,.F.);
#1660=ORIENTED_EDGE('',*,*,#2720,.T.);
#1661=ORIENTED_EDGE('',*,*,#2724,.T.);
#1662=ORIENTED_EDGE('',*,*,#2725,.T.);
#1663=ORIENTED_EDGE('',*,*,#2726,.T.);
#1664=ORIENTED_EDGE('',*,*,#2727,.T.);
#1665=ORIENTED_EDGE('',*,*,#2449,.T.);
#1666=ORIENTED_EDGE('',*,*,#2728,.F.);
#1667=ORIENTED_EDGE('',*,*,#2729,.T.);
#1668=ORIENTED_EDGE('',*,*,#2728,.T.);
#1669=ORIENTED_EDGE('',*,*,#2461,.T.);
#1670=ORIENTED_EDGE('',*,*,#2730,.F.);
#1671=ORIENTED_EDGE('',*,*,#2731,.T.);
#1672=ORIENTED_EDGE('',*,*,#2730,.T.);
#1673=ORIENTED_EDGE('',*,*,#2460,.T.);
#1674=ORIENTED_EDGE('',*,*,#2732,.F.);
#1675=ORIENTED_EDGE('',*,*,#2732,.T.);
#1676=ORIENTED_EDGE('',*,*,#2459,.F.);
#1677=ORIENTED_EDGE('',*,*,#2733,.F.);
#1678=ORIENTED_EDGE('',*,*,#2734,.F.);
#1679=ORIENTED_EDGE('',*,*,#2733,.T.);
#1680=ORIENTED_EDGE('',*,*,#2458,.F.);
#1681=ORIENTED_EDGE('',*,*,#2735,.F.);
#1682=ORIENTED_EDGE('',*,*,#2736,.F.);
#1683=ORIENTED_EDGE('',*,*,#2735,.T.);
#1684=ORIENTED_EDGE('',*,*,#2457,.F.);
#1685=ORIENTED_EDGE('',*,*,#2737,.F.);
#1686=ORIENTED_EDGE('',*,*,#2738,.F.);
#1687=ORIENTED_EDGE('',*,*,#2737,.T.);
#1688=ORIENTED_EDGE('',*,*,#2456,.F.);
#1689=ORIENTED_EDGE('',*,*,#2739,.F.);
#1690=ORIENTED_EDGE('',*,*,#2740,.F.);
#1691=ORIENTED_EDGE('',*,*,#2739,.T.);
#1692=ORIENTED_EDGE('',*,*,#2455,.F.);
#1693=ORIENTED_EDGE('',*,*,#2741,.F.);
#1694=ORIENTED_EDGE('',*,*,#2742,.F.);
#1695=ORIENTED_EDGE('',*,*,#2741,.T.);
#1696=ORIENTED_EDGE('',*,*,#2454,.F.);
#1697=ORIENTED_EDGE('',*,*,#2743,.F.);
#1698=ORIENTED_EDGE('',*,*,#2744,.F.);
#1699=ORIENTED_EDGE('',*,*,#2743,.T.);
#1700=ORIENTED_EDGE('',*,*,#2453,.F.);
#1701=ORIENTED_EDGE('',*,*,#2745,.F.);
#1702=ORIENTED_EDGE('',*,*,#2746,.F.);
#1703=ORIENTED_EDGE('',*,*,#2747,.T.);
#1704=ORIENTED_EDGE('',*,*,#2450,.F.);
#1705=ORIENTED_EDGE('',*,*,#2727,.F.);
#1706=ORIENTED_EDGE('',*,*,#2748,.F.);
#1707=ORIENTED_EDGE('',*,*,#2745,.T.);
#1708=ORIENTED_EDGE('',*,*,#2452,.F.);
#1709=ORIENTED_EDGE('',*,*,#2749,.F.);
#1710=ORIENTED_EDGE('',*,*,#2750,.F.);
#1711=ORIENTED_EDGE('',*,*,#2749,.T.);
#1712=ORIENTED_EDGE('',*,*,#2451,.F.);
#1713=ORIENTED_EDGE('',*,*,#2747,.F.);
#1714=ORIENTED_EDGE('',*,*,#2751,.F.);
#1715=ORIENTED_EDGE('',*,*,#2748,.T.);
#1716=ORIENTED_EDGE('',*,*,#2726,.F.);
#1717=ORIENTED_EDGE('',*,*,#2729,.F.);
#1718=ORIENTED_EDGE('',*,*,#2731,.F.);
#1719=ORIENTED_EDGE('',*,*,#2734,.T.);
#1720=ORIENTED_EDGE('',*,*,#2736,.T.);
#1721=ORIENTED_EDGE('',*,*,#2738,.T.);
#1722=ORIENTED_EDGE('',*,*,#2740,.T.);
#1723=ORIENTED_EDGE('',*,*,#2742,.T.);
#1724=ORIENTED_EDGE('',*,*,#2744,.T.);
#1725=ORIENTED_EDGE('',*,*,#2746,.T.);
#1726=ORIENTED_EDGE('',*,*,#2750,.T.);
#1727=ORIENTED_EDGE('',*,*,#2751,.T.);
#1728=ORIENTED_EDGE('',*,*,#2752,.T.);
#1729=ORIENTED_EDGE('',*,*,#2753,.T.);
#1730=ORIENTED_EDGE('',*,*,#2441,.T.);
#1731=ORIENTED_EDGE('',*,*,#2754,.F.);
#1732=ORIENTED_EDGE('',*,*,#2755,.T.);
#1733=ORIENTED_EDGE('',*,*,#2754,.T.);
#1734=ORIENTED_EDGE('',*,*,#2448,.T.);
#1735=ORIENTED_EDGE('',*,*,#2756,.F.);
#1736=ORIENTED_EDGE('',*,*,#2757,.T.);
#1737=ORIENTED_EDGE('',*,*,#2756,.T.);
#1738=ORIENTED_EDGE('',*,*,#2447,.T.);
#1739=ORIENTED_EDGE('',*,*,#2758,.F.);
#1740=ORIENTED_EDGE('',*,*,#2759,.T.);
#1741=ORIENTED_EDGE('',*,*,#2758,.T.);
#1742=ORIENTED_EDGE('',*,*,#2446,.T.);
#1743=ORIENTED_EDGE('',*,*,#2760,.F.);
#1744=ORIENTED_EDGE('',*,*,#2761,.T.);
#1745=ORIENTED_EDGE('',*,*,#2760,.T.);
#1746=ORIENTED_EDGE('',*,*,#2445,.T.);
#1747=ORIENTED_EDGE('',*,*,#2762,.F.);
#1748=ORIENTED_EDGE('',*,*,#2763,.T.);
#1749=ORIENTED_EDGE('',*,*,#2762,.T.);
#1750=ORIENTED_EDGE('',*,*,#2444,.T.);
#1751=ORIENTED_EDGE('',*,*,#2764,.F.);
#1752=ORIENTED_EDGE('',*,*,#2765,.T.);
#1753=ORIENTED_EDGE('',*,*,#2764,.T.);
#1754=ORIENTED_EDGE('',*,*,#2443,.T.);
#1755=ORIENTED_EDGE('',*,*,#2766,.F.);
#1756=ORIENTED_EDGE('',*,*,#2767,.T.);
#1757=ORIENTED_EDGE('',*,*,#2766,.T.);
#1758=ORIENTED_EDGE('',*,*,#2442,.T.);
#1759=ORIENTED_EDGE('',*,*,#2753,.F.);
#1760=ORIENTED_EDGE('',*,*,#2755,.F.);
#1761=ORIENTED_EDGE('',*,*,#2757,.F.);
#1762=ORIENTED_EDGE('',*,*,#2759,.F.);
#1763=ORIENTED_EDGE('',*,*,#2761,.F.);
#1764=ORIENTED_EDGE('',*,*,#2763,.F.);
#1765=ORIENTED_EDGE('',*,*,#2765,.F.);
#1766=ORIENTED_EDGE('',*,*,#2767,.F.);
#1767=ORIENTED_EDGE('',*,*,#2752,.F.);
#1768=ORIENTED_EDGE('',*,*,#2768,.T.);
#1769=ORIENTED_EDGE('',*,*,#2496,.F.);
#1770=ORIENTED_EDGE('',*,*,#2769,.F.);
#1771=ORIENTED_EDGE('',*,*,#2770,.F.);
#1772=ORIENTED_EDGE('',*,*,#2771,.T.);
#1773=ORIENTED_EDGE('',*,*,#2497,.F.);
#1774=ORIENTED_EDGE('',*,*,#2768,.F.);
#1775=ORIENTED_EDGE('',*,*,#2772,.F.);
#1776=ORIENTED_EDGE('',*,*,#2769,.T.);
#1777=ORIENTED_EDGE('',*,*,#2495,.F.);
#1778=ORIENTED_EDGE('',*,*,#2773,.F.);
#1779=ORIENTED_EDGE('',*,*,#2774,.F.);
#1780=ORIENTED_EDGE('',*,*,#2773,.T.);
#1781=ORIENTED_EDGE('',*,*,#2498,.F.);
#1782=ORIENTED_EDGE('',*,*,#2771,.F.);
#1783=ORIENTED_EDGE('',*,*,#2775,.F.);
#1784=ORIENTED_EDGE('',*,*,#2772,.T.);
#1785=ORIENTED_EDGE('',*,*,#2770,.T.);
#1786=ORIENTED_EDGE('',*,*,#2774,.T.);
#1787=ORIENTED_EDGE('',*,*,#2775,.T.);
#1788=ORIENTED_EDGE('',*,*,#2776,.T.);
#1789=ORIENTED_EDGE('',*,*,#2500,.F.);
#1790=ORIENTED_EDGE('',*,*,#2777,.F.);
#1791=ORIENTED_EDGE('',*,*,#2778,.F.);
#1792=ORIENTED_EDGE('',*,*,#2777,.T.);
#1793=ORIENTED_EDGE('',*,*,#2499,.F.);
#1794=ORIENTED_EDGE('',*,*,#2779,.F.);
#1795=ORIENTED_EDGE('',*,*,#2780,.F.);
#1796=ORIENTED_EDGE('',*,*,#2779,.T.);
#1797=ORIENTED_EDGE('',*,*,#2504,.F.);
#1798=ORIENTED_EDGE('',*,*,#2781,.F.);
#1799=ORIENTED_EDGE('',*,*,#2782,.F.);
#1800=ORIENTED_EDGE('',*,*,#2783,.T.);
#1801=ORIENTED_EDGE('',*,*,#2501,.F.);
#1802=ORIENTED_EDGE('',*,*,#2776,.F.);
#1803=ORIENTED_EDGE('',*,*,#2784,.F.);
#1804=ORIENTED_EDGE('',*,*,#2781,.T.);
#1805=ORIENTED_EDGE('',*,*,#2503,.F.);
#1806=ORIENTED_EDGE('',*,*,#2785,.F.);
#1807=ORIENTED_EDGE('',*,*,#2786,.F.);
#1808=ORIENTED_EDGE('',*,*,#2785,.T.);
#1809=ORIENTED_EDGE('',*,*,#2502,.F.);
#1810=ORIENTED_EDGE('',*,*,#2783,.F.);
#1811=ORIENTED_EDGE('',*,*,#2787,.F.);
#1812=ORIENTED_EDGE('',*,*,#2784,.T.);
#1813=ORIENTED_EDGE('',*,*,#2778,.T.);
#1814=ORIENTED_EDGE('',*,*,#2780,.T.);
#1815=ORIENTED_EDGE('',*,*,#2782,.T.);
#1816=ORIENTED_EDGE('',*,*,#2786,.T.);
#1817=ORIENTED_EDGE('',*,*,#2787,.T.);
#1818=ORIENTED_EDGE('',*,*,#2788,.F.);
#1819=ORIENTED_EDGE('',*,*,#2789,.F.);
#1820=ORIENTED_EDGE('',*,*,#2790,.T.);
#1821=ORIENTED_EDGE('',*,*,#2523,.T.);
#1822=ORIENTED_EDGE('',*,*,#2791,.F.);
#1823=ORIENTED_EDGE('',*,*,#2792,.F.);
#1824=ORIENTED_EDGE('',*,*,#2793,.T.);
#1825=ORIENTED_EDGE('',*,*,#2789,.T.);
#1826=ORIENTED_EDGE('',*,*,#2794,.T.);
#1827=ORIENTED_EDGE('',*,*,#2439,.F.);
#1828=ORIENTED_EDGE('',*,*,#2795,.F.);
#1829=ORIENTED_EDGE('',*,*,#2792,.T.);
#1830=ORIENTED_EDGE('',*,*,#2438,.F.);
#1831=ORIENTED_EDGE('',*,*,#2790,.F.);
#1832=ORIENTED_EDGE('',*,*,#2793,.F.);
#1833=ORIENTED_EDGE('',*,*,#2795,.T.);
#1834=ORIENTED_EDGE('',*,*,#2440,.T.);
#1835=ORIENTED_EDGE('',*,*,#2794,.F.);
#1836=ORIENTED_EDGE('',*,*,#2791,.T.);
#1837=ORIENTED_EDGE('',*,*,#2788,.T.);
#1838=ORIENTED_EDGE('',*,*,#2796,.F.);
#1839=ORIENTED_EDGE('',*,*,#2797,.F.);
#1840=ORIENTED_EDGE('',*,*,#2798,.T.);
#1841=ORIENTED_EDGE('',*,*,#2431,.T.);
#1842=ORIENTED_EDGE('',*,*,#2799,.T.);
#1843=ORIENTED_EDGE('',*,*,#2800,.F.);
#1844=ORIENTED_EDGE('',*,*,#2801,.F.);
#1845=ORIENTED_EDGE('',*,*,#2797,.T.);
#1846=ORIENTED_EDGE('',*,*,#2802,.T.);
#1847=ORIENTED_EDGE('',*,*,#2522,.F.);
#1848=ORIENTED_EDGE('',*,*,#2803,.F.);
#1849=ORIENTED_EDGE('',*,*,#2800,.T.);
#1850=ORIENTED_EDGE('',*,*,#2432,.T.);
#1851=ORIENTED_EDGE('',*,*,#2798,.F.);
#1852=ORIENTED_EDGE('',*,*,#2801,.T.);
#1853=ORIENTED_EDGE('',*,*,#2803,.T.);
#1854=ORIENTED_EDGE('',*,*,#2430,.F.);
#1855=ORIENTED_EDGE('',*,*,#2802,.F.);
#1856=ORIENTED_EDGE('',*,*,#2799,.F.);
#1857=ORIENTED_EDGE('',*,*,#2796,.T.);
#1858=ORIENTED_EDGE('',*,*,#2804,.F.);
#1859=ORIENTED_EDGE('',*,*,#2805,.F.);
#1860=ORIENTED_EDGE('',*,*,#2806,.T.);
#1861=ORIENTED_EDGE('',*,*,#2420,.T.);
#1862=ORIENTED_EDGE('',*,*,#2807,.T.);
#1863=ORIENTED_EDGE('',*,*,#2808,.F.);
#1864=ORIENTED_EDGE('',*,*,#2809,.F.);
#1865=ORIENTED_EDGE('',*,*,#2805,.T.);
#1866=ORIENTED_EDGE('',*,*,#2810,.T.);
#1867=ORIENTED_EDGE('',*,*,#2527,.F.);
#1868=ORIENTED_EDGE('',*,*,#2811,.F.);
#1869=ORIENTED_EDGE('',*,*,#2808,.T.);
#1870=ORIENTED_EDGE('',*,*,#2421,.T.);
#1871=ORIENTED_EDGE('',*,*,#2806,.F.);
#1872=ORIENTED_EDGE('',*,*,#2809,.T.);
#1873=ORIENTED_EDGE('',*,*,#2811,.T.);
#1874=ORIENTED_EDGE('',*,*,#2419,.F.);
#1875=ORIENTED_EDGE('',*,*,#2810,.F.);
#1876=ORIENTED_EDGE('',*,*,#2807,.F.);
#1877=ORIENTED_EDGE('',*,*,#2804,.T.);
#1878=ORIENTED_EDGE('',*,*,#2812,.F.);
#1879=ORIENTED_EDGE('',*,*,#2813,.F.);
#1880=ORIENTED_EDGE('',*,*,#2814,.T.);
#1881=ORIENTED_EDGE('',*,*,#2528,.T.);
#1882=ORIENTED_EDGE('',*,*,#2815,.F.);
#1883=ORIENTED_EDGE('',*,*,#2816,.F.);
#1884=ORIENTED_EDGE('',*,*,#2817,.T.);
#1885=ORIENTED_EDGE('',*,*,#2813,.T.);
#1886=ORIENTED_EDGE('',*,*,#2818,.T.);
#1887=ORIENTED_EDGE('',*,*,#2428,.F.);
#1888=ORIENTED_EDGE('',*,*,#2819,.F.);
#1889=ORIENTED_EDGE('',*,*,#2816,.T.);
#1890=ORIENTED_EDGE('',*,*,#2427,.F.);
#1891=ORIENTED_EDGE('',*,*,#2814,.F.);
#1892=ORIENTED_EDGE('',*,*,#2817,.F.);
#1893=ORIENTED_EDGE('',*,*,#2819,.T.);
#1894=ORIENTED_EDGE('',*,*,#2417,.T.);
#1895=ORIENTED_EDGE('',*,*,#2818,.F.);
#1896=ORIENTED_EDGE('',*,*,#2815,.T.);
#1897=ORIENTED_EDGE('',*,*,#2812,.T.);
#1898=ORIENTED_EDGE('',*,*,#2820,.F.);
#1899=ORIENTED_EDGE('',*,*,#2821,.T.);
#1900=ORIENTED_EDGE('',*,*,#2822,.T.);
#1901=ORIENTED_EDGE('',*,*,#2823,.F.);
#1902=ORIENTED_EDGE('',*,*,#2824,.F.);
#1903=ORIENTED_EDGE('',*,*,#2823,.T.);
#1904=ORIENTED_EDGE('',*,*,#2825,.T.);
#1905=ORIENTED_EDGE('',*,*,#2826,.F.);
#1906=ORIENTED_EDGE('',*,*,#2827,.F.);
#1907=ORIENTED_EDGE('',*,*,#2826,.T.);
#1908=ORIENTED_EDGE('',*,*,#2828,.T.);
#1909=ORIENTED_EDGE('',*,*,#2829,.F.);
#1910=ORIENTED_EDGE('',*,*,#2830,.F.);
#1911=ORIENTED_EDGE('',*,*,#2831,.T.);
#1912=ORIENTED_EDGE('',*,*,#2829,.T.);
#1913=ORIENTED_EDGE('',*,*,#2832,.F.);
#1914=ORIENTED_EDGE('',*,*,#2833,.F.);
#1915=ORIENTED_EDGE('',*,*,#2830,.T.);
#1916=ORIENTED_EDGE('',*,*,#2834,.T.);
#1917=ORIENTED_EDGE('',*,*,#2835,.F.);
#1918=ORIENTED_EDGE('',*,*,#2836,.F.);
#1919=ORIENTED_EDGE('',*,*,#2835,.T.);
#1920=ORIENTED_EDGE('',*,*,#2837,.T.);
#1921=ORIENTED_EDGE('',*,*,#2838,.F.);
#1922=ORIENTED_EDGE('',*,*,#2839,.F.);
#1923=ORIENTED_EDGE('',*,*,#2838,.T.);
#1924=ORIENTED_EDGE('',*,*,#2840,.T.);
#1925=ORIENTED_EDGE('',*,*,#2841,.F.);
#1926=ORIENTED_EDGE('',*,*,#2842,.F.);
#1927=ORIENTED_EDGE('',*,*,#2841,.T.);
#1928=ORIENTED_EDGE('',*,*,#2843,.T.);
#1929=ORIENTED_EDGE('',*,*,#2844,.F.);
#1930=ORIENTED_EDGE('',*,*,#2845,.F.);
#1931=ORIENTED_EDGE('',*,*,#2846,.T.);
#1932=ORIENTED_EDGE('',*,*,#2847,.T.);
#1933=ORIENTED_EDGE('',*,*,#2848,.F.);
#1934=ORIENTED_EDGE('',*,*,#2849,.F.);
#1935=ORIENTED_EDGE('',*,*,#2850,.T.);
#1936=ORIENTED_EDGE('',*,*,#2845,.T.);
#1937=ORIENTED_EDGE('',*,*,#2851,.F.);
#1938=ORIENTED_EDGE('',*,*,#2852,.F.);
#1939=ORIENTED_EDGE('',*,*,#2853,.T.);
#1940=ORIENTED_EDGE('',*,*,#2849,.T.);
#1941=ORIENTED_EDGE('',*,*,#2854,.F.);
#1942=ORIENTED_EDGE('',*,*,#2855,.F.);
#1943=ORIENTED_EDGE('',*,*,#2856,.T.);
#1944=ORIENTED_EDGE('',*,*,#2852,.T.);
#1945=ORIENTED_EDGE('',*,*,#2857,.F.);
#1946=ORIENTED_EDGE('',*,*,#2858,.F.);
#1947=ORIENTED_EDGE('',*,*,#2859,.T.);
#1948=ORIENTED_EDGE('',*,*,#2855,.T.);
#1949=ORIENTED_EDGE('',*,*,#2860,.F.);
#1950=ORIENTED_EDGE('',*,*,#2861,.F.);
#1951=ORIENTED_EDGE('',*,*,#2858,.T.);
#1952=ORIENTED_EDGE('',*,*,#2862,.T.);
#1953=ORIENTED_EDGE('',*,*,#2863,.F.);
#1954=ORIENTED_EDGE('',*,*,#2864,.F.);
#1955=ORIENTED_EDGE('',*,*,#2865,.T.);
#1956=ORIENTED_EDGE('',*,*,#2863,.T.);
#1957=ORIENTED_EDGE('',*,*,#2866,.F.);
#1958=ORIENTED_EDGE('',*,*,#2867,.F.);
#1959=ORIENTED_EDGE('',*,*,#2868,.T.);
#1960=ORIENTED_EDGE('',*,*,#2864,.T.);
#1961=ORIENTED_EDGE('',*,*,#2869,.F.);
#1962=ORIENTED_EDGE('',*,*,#2847,.F.);
#1963=ORIENTED_EDGE('',*,*,#2870,.T.);
#1964=ORIENTED_EDGE('',*,*,#2867,.T.);
#1965=ORIENTED_EDGE('',*,*,#2871,.F.);
#1966=ORIENTED_EDGE('',*,*,#2872,.F.);
#1967=ORIENTED_EDGE('',*,*,#2844,.T.);
#1968=ORIENTED_EDGE('',*,*,#2873,.T.);
#1969=ORIENTED_EDGE('',*,*,#2821,.F.);
#1970=ORIENTED_EDGE('',*,*,#2848,.T.);
#1971=ORIENTED_EDGE('',*,*,#2871,.T.);
#1972=ORIENTED_EDGE('',*,*,#2869,.T.);
#1973=ORIENTED_EDGE('',*,*,#2866,.T.);
#1974=ORIENTED_EDGE('',*,*,#2862,.F.);
#1975=ORIENTED_EDGE('',*,*,#2860,.T.);
#1976=ORIENTED_EDGE('',*,*,#2857,.T.);
#1977=ORIENTED_EDGE('',*,*,#2854,.T.);
#1978=ORIENTED_EDGE('',*,*,#2851,.T.);
#1979=ORIENTED_EDGE('',*,*,#2822,.F.);
#1980=ORIENTED_EDGE('',*,*,#2873,.F.);
#1981=ORIENTED_EDGE('',*,*,#2843,.F.);
#1982=ORIENTED_EDGE('',*,*,#2840,.F.);
#1983=ORIENTED_EDGE('',*,*,#2837,.F.);
#1984=ORIENTED_EDGE('',*,*,#2834,.F.);
#1985=ORIENTED_EDGE('',*,*,#2832,.T.);
#1986=ORIENTED_EDGE('',*,*,#2828,.F.);
#1987=ORIENTED_EDGE('',*,*,#2825,.F.);
#1988=ORIENTED_EDGE('',*,*,#2872,.T.);
#1989=ORIENTED_EDGE('',*,*,#2820,.T.);
#1990=ORIENTED_EDGE('',*,*,#2824,.T.);
#1991=ORIENTED_EDGE('',*,*,#2827,.T.);
#1992=ORIENTED_EDGE('',*,*,#2831,.F.);
#1993=ORIENTED_EDGE('',*,*,#2833,.T.);
#1994=ORIENTED_EDGE('',*,*,#2836,.T.);
#1995=ORIENTED_EDGE('',*,*,#2839,.T.);
#1996=ORIENTED_EDGE('',*,*,#2842,.T.);
#1997=ORIENTED_EDGE('',*,*,#2846,.F.);
#1998=ORIENTED_EDGE('',*,*,#2850,.F.);
#1999=ORIENTED_EDGE('',*,*,#2853,.F.);
#2000=ORIENTED_EDGE('',*,*,#2856,.F.);
#2001=ORIENTED_EDGE('',*,*,#2859,.F.);
#2002=ORIENTED_EDGE('',*,*,#2861,.T.);
#2003=ORIENTED_EDGE('',*,*,#2865,.F.);
#2004=ORIENTED_EDGE('',*,*,#2868,.F.);
#2005=ORIENTED_EDGE('',*,*,#2870,.F.);
#2006=EDGE_CURVE('',#2874,#2875,#3435,.T.);
#2007=EDGE_CURVE('',#2874,#2876,#3436,.T.);
#2008=EDGE_CURVE('',#2876,#2877,#3437,.T.);
#2009=EDGE_CURVE('',#2875,#2877,#3438,.T.);
#2010=EDGE_CURVE('',#2878,#2879,#3439,.T.);
#2011=EDGE_CURVE('',#2878,#2874,#3440,.T.);
#2012=EDGE_CURVE('',#2879,#2875,#3441,.T.);
#2013=EDGE_CURVE('',#2880,#2881,#3442,.T.);
#2014=EDGE_CURVE('',#2880,#2878,#3443,.T.);
#2015=EDGE_CURVE('',#2881,#2879,#3444,.T.);
#2016=EDGE_CURVE('',#2882,#2883,#3445,.T.);
#2017=EDGE_CURVE('',#2882,#2880,#3446,.T.);
#2018=EDGE_CURVE('',#2883,#2881,#3447,.T.);
#2019=EDGE_CURVE('',#2884,#2885,#3448,.T.);
#2020=EDGE_CURVE('',#2884,#2882,#3449,.T.);
#2021=EDGE_CURVE('',#2885,#2883,#3450,.T.);
#2022=EDGE_CURVE('',#2877,#2886,#3451,.T.);
#2023=EDGE_CURVE('',#2886,#2887,#3452,.T.);
#2024=EDGE_CURVE('',#2887,#2885,#3453,.T.);
#2025=EDGE_CURVE('',#2888,#2887,#3454,.T.);
#2026=EDGE_CURVE('',#2888,#2884,#3455,.T.);
#2027=EDGE_CURVE('',#2876,#2889,#3456,.T.);
#2028=EDGE_CURVE('',#2889,#2886,#3457,.T.);
#2029=EDGE_CURVE('',#2889,#2888,#3458,.T.);
#2030=EDGE_CURVE('',#2890,#2891,#3459,.T.);
#2031=EDGE_CURVE('',#2891,#2892,#3460,.T.);
#2032=EDGE_CURVE('',#2893,#2892,#3461,.T.);
#2033=EDGE_CURVE('',#2893,#2890,#3462,.T.);
#2034=EDGE_CURVE('',#2894,#2895,#3463,.T.);
#2035=EDGE_CURVE('',#2895,#2896,#3464,.T.);
#2036=EDGE_CURVE('',#2896,#2897,#3465,.T.);
#2037=EDGE_CURVE('',#2897,#2894,#3466,.T.);
#2038=EDGE_CURVE('',#2898,#2899,#3467,.T.);
#2039=EDGE_CURVE('',#2899,#2900,#3468,.T.);
#2040=EDGE_CURVE('',#2900,#2901,#3469,.T.);
#2041=EDGE_CURVE('',#2898,#2901,#3470,.F.);
#2042=EDGE_CURVE('',#2902,#2903,#3471,.T.);
#2043=EDGE_CURVE('',#2902,#2904,#3472,.F.);
#2044=EDGE_CURVE('',#2905,#2904,#3473,.T.);
#2045=EDGE_CURVE('',#2905,#2899,#106,.F.);
#2046=EDGE_CURVE('',#2898,#2906,#107,.T.);
#2047=EDGE_CURVE('',#2907,#2906,#3474,.T.);
#2048=EDGE_CURVE('',#2907,#2897,#108,.T.);
#2049=EDGE_CURVE('',#2896,#2903,#109,.F.);
#2050=EDGE_CURVE('',#2908,#2909,#3475,.T.);
#2051=EDGE_CURVE('',#2908,#2910,#3476,.T.);
#2052=EDGE_CURVE('',#2911,#2910,#3477,.T.);
#2053=EDGE_CURVE('',#2911,#2912,#3478,.T.);
#2054=EDGE_CURVE('',#2912,#2913,#3479,.T.);
#2055=EDGE_CURVE('',#2909,#2913,#3480,.T.);
#2056=EDGE_CURVE('',#2914,#2915,#3481,.T.);
#2057=EDGE_CURVE('',#2915,#2916,#3482,.F.);
#2058=EDGE_CURVE('',#2916,#2917,#3483,.T.);
#2059=EDGE_CURVE('',#2917,#2914,#3484,.T.);
#2060=EDGE_CURVE('',#2918,#2919,#3485,.T.);
#2061=EDGE_CURVE('',#2919,#2920,#110,.T.);
#2062=EDGE_CURVE('',#2920,#2921,#3486,.T.);
#2063=EDGE_CURVE('',#2922,#2921,#111,.F.);
#2064=EDGE_CURVE('',#2922,#2923,#3487,.T.);
#2065=EDGE_CURVE('',#2924,#2923,#112,.F.);
#2066=EDGE_CURVE('',#2924,#2925,#3488,.T.);
#2067=EDGE_CURVE('',#2925,#2926,#113,.T.);
#2068=EDGE_CURVE('',#2926,#2927,#3489,.T.);
#2069=EDGE_CURVE('',#2927,#2928,#114,.T.);
#2070=EDGE_CURVE('',#2928,#2929,#3490,.T.);
#2071=EDGE_CURVE('',#2929,#2918,#115,.F.);
#2072=EDGE_CURVE('',#2930,#2890,#3491,.T.);
#2073=EDGE_CURVE('',#2930,#2931,#116,.T.);
#2074=EDGE_CURVE('',#2932,#2931,#3492,.T.);
#2075=EDGE_CURVE('',#2910,#2932,#3493,.T.);
#2076=EDGE_CURVE('',#2908,#2933,#3494,.T.);
#2077=EDGE_CURVE('',#2934,#2933,#3495,.T.);
#2078=EDGE_CURVE('',#2934,#2895,#117,.T.);
#2079=EDGE_CURVE('',#2894,#2935,#118,.F.);
#2080=EDGE_CURVE('',#2936,#2935,#3496,.T.);
#2081=EDGE_CURVE('',#2936,#2901,#119,.F.);
#2082=EDGE_CURVE('',#2900,#2937,#120,.T.);
#2083=EDGE_CURVE('',#2938,#2937,#3497,.T.);
#2084=EDGE_CURVE('',#2938,#2891,#3498,.T.);
#2085=EDGE_CURVE('',#2939,#2940,#3499,.T.);
#2086=EDGE_CURVE('',#2941,#2939,#3500,.T.);
#2087=EDGE_CURVE('',#2941,#2942,#3501,.T.);
#2088=EDGE_CURVE('',#2942,#2940,#3502,.T.);
#2089=EDGE_CURVE('',#2943,#2944,#3503,.T.);
#2090=EDGE_CURVE('',#2945,#2944,#3504,.T.);
#2091=EDGE_CURVE('',#2946,#2945,#3505,.T.);
#2092=EDGE_CURVE('',#2946,#2943,#3506,.T.);
#2093=EDGE_CURVE('',#2947,#2948,#3507,.T.);
#2094=EDGE_CURVE('',#2949,#2947,#3508,.T.);
#2095=EDGE_CURVE('',#2949,#2950,#3509,.T.);
#2096=EDGE_CURVE('',#2950,#2948,#3510,.T.);
#2097=EDGE_CURVE('',#2926,#2951,#3511,.F.);
#2098=EDGE_CURVE('',#2951,#2952,#3512,.F.);
#2099=EDGE_CURVE('',#2952,#2927,#3513,.T.);
#2100=EDGE_CURVE('',#2953,#2954,#3514,.T.);
#2101=EDGE_CURVE('',#2954,#2955,#3515,.F.);
#2102=EDGE_CURVE('',#2955,#2921,#3516,.T.);
#2103=EDGE_CURVE('',#2920,#2956,#3517,.F.);
#2104=EDGE_CURVE('',#2956,#2957,#3518,.F.);
#2105=EDGE_CURVE('',#2953,#2957,#121,.F.);
#2106=EDGE_CURVE('',#2955,#2958,#122,.T.);
#2107=EDGE_CURVE('',#2958,#2922,#3519,.T.);
#2108=EDGE_CURVE('',#2958,#2959,#3520,.F.);
#2109=EDGE_CURVE('',#2959,#2923,#3521,.T.);
#2110=EDGE_CURVE('',#2959,#2960,#123,.T.);
#2111=EDGE_CURVE('',#2960,#2924,#3522,.T.);
#2112=EDGE_CURVE('',#2960,#2961,#3523,.F.);
#2113=EDGE_CURVE('',#2961,#2962,#3524,.T.);
#2114=EDGE_CURVE('',#2963,#2962,#124,.F.);
#2115=EDGE_CURVE('',#2963,#2964,#3525,.F.);
#2116=EDGE_CURVE('',#2964,#2925,#3526,.T.);
#2117=EDGE_CURVE('',#2965,#2966,#3527,.F.);
#2118=EDGE_CURVE('',#2966,#2929,#3528,.T.);
#2119=EDGE_CURVE('',#2928,#2965,#3529,.F.);
#2120=EDGE_CURVE('',#2967,#2968,#3530,.F.);
#2121=EDGE_CURVE('',#2968,#2919,#3531,.T.);
#2122=EDGE_CURVE('',#2918,#2967,#3532,.F.);
#2123=EDGE_CURVE('',#2969,#2970,#3533,.T.);
#2124=EDGE_CURVE('',#2970,#2971,#3534,.T.);
#2125=EDGE_CURVE('',#2971,#2972,#3535,.T.);
#2126=EDGE_CURVE('',#2972,#2973,#125,.F.);
#2127=EDGE_CURVE('',#2973,#2974,#3536,.T.);
#2128=EDGE_CURVE('',#2974,#2969,#126,.F.);
#2129=EDGE_CURVE('',#2975,#2976,#3537,.F.);
#2130=EDGE_CURVE('',#2976,#2977,#3538,.F.);
#2131=EDGE_CURVE('',#2977,#2978,#3539,.F.);
#2132=EDGE_CURVE('',#2978,#2975,#3540,.T.);
#2133=EDGE_CURVE('',#2979,#2980,#3541,.T.);
#2134=EDGE_CURVE('',#2980,#2981,#3542,.T.);
#2135=EDGE_CURVE('',#2982,#2981,#127,.F.);
#2136=EDGE_CURVE('',#2982,#2983,#3543,.T.);
#2137=EDGE_CURVE('',#2983,#2984,#3544,.T.);
#2138=EDGE_CURVE('',#2984,#2985,#3545,.T.);
#2139=EDGE_CURVE('',#2985,#2979,#3546,.F.);
#2140=EDGE_CURVE('',#2986,#2987,#3547,.T.);
#2141=EDGE_CURVE('',#2987,#2988,#3548,.T.);
#2142=EDGE_CURVE('',#2989,#2988,#3549,.T.);
#2143=EDGE_CURVE('',#2986,#2989,#3550,.T.);
#2144=EDGE_CURVE('',#2990,#2991,#3551,.T.);
#2145=EDGE_CURVE('',#2992,#2991,#3552,.T.);
#2146=EDGE_CURVE('',#2993,#2992,#3553,.T.);
#2147=EDGE_CURVE('',#2993,#2990,#3554,.T.);
#2148=EDGE_CURVE('',#2994,#2995,#3555,.T.);
#2149=EDGE_CURVE('',#2995,#2996,#3556,.T.);
#2150=EDGE_CURVE('',#2997,#2996,#3557,.T.);
#2151=EDGE_CURVE('',#2994,#2997,#3558,.T.);
#2152=EDGE_CURVE('',#2998,#2932,#3559,.T.);
#2153=EDGE_CURVE('',#2998,#2911,#3560,.T.);
#2154=EDGE_CURVE('',#2906,#2936,#3561,.T.);
#2155=EDGE_CURVE('',#2907,#2935,#3562,.F.);
#2156=EDGE_CURVE('',#2931,#2999,#3563,.F.);
#2157=EDGE_CURVE('',#2999,#3000,#3564,.T.);
#2158=EDGE_CURVE('',#3001,#3000,#3565,.T.);
#2159=EDGE_CURVE('',#3001,#2998,#3566,.T.);
#2160=EDGE_CURVE('',#3002,#2893,#3567,.T.);
#2161=EDGE_CURVE('',#3002,#2930,#3568,.T.);
#2162=EDGE_CURVE('',#3003,#3004,#3569,.T.);
#2163=EDGE_CURVE('',#3003,#3005,#3570,.T.);
#2164=EDGE_CURVE('',#3006,#3005,#3571,.T.);
#2165=EDGE_CURVE('',#3006,#2912,#128,.F.);
#2166=EDGE_CURVE('',#3004,#3001,#3572,.T.);
#2167=EDGE_CURVE('',#2913,#3007,#129,.T.);
#2168=EDGE_CURVE('',#3008,#3007,#3573,.T.);
#2169=EDGE_CURVE('',#2909,#3008,#3574,.T.);
#2170=EDGE_CURVE('',#2903,#2934,#3575,.T.);
#2171=EDGE_CURVE('',#2933,#3008,#3576,.T.);
#2172=EDGE_CURVE('',#3007,#3006,#3577,.F.);
#2173=EDGE_CURVE('',#3005,#2915,#130,.T.);
#2174=EDGE_CURVE('',#2914,#2902,#131,.F.);
#2175=EDGE_CURVE('',#3009,#2892,#3578,.T.);
#2176=EDGE_CURVE('',#3010,#3009,#3579,.T.);
#2177=EDGE_CURVE('',#3000,#3010,#3580,.T.);
#2178=EDGE_CURVE('',#2999,#3002,#132,.F.);
#2179=EDGE_CURVE('',#2937,#2905,#3581,.F.);
#2180=EDGE_CURVE('',#2904,#2917,#133,.F.);
#2181=EDGE_CURVE('',#2916,#3003,#134,.T.);
#2182=EDGE_CURVE('',#3004,#3010,#3582,.T.);
#2183=EDGE_CURVE('',#2938,#3009,#3583,.T.);
#2184=EDGE_CURVE('',#2967,#2966,#135,.T.);
#2185=EDGE_CURVE('',#2965,#2952,#136,.T.);
#2186=EDGE_CURVE('',#2983,#2965,#137,.T.);
#2187=EDGE_CURVE('',#2966,#2982,#138,.T.);
#2188=EDGE_CURVE('',#2967,#2981,#139,.F.);
#2189=EDGE_CURVE('',#2983,#2952,#140,.F.);
#2190=EDGE_CURVE('',#2968,#2980,#141,.T.);
#2191=EDGE_CURVE('',#2956,#2968,#142,.T.);
#2192=EDGE_CURVE('',#2951,#2964,#143,.T.);
#2193=EDGE_CURVE('',#2984,#2951,#144,.T.);
#2194=EDGE_CURVE('',#2956,#2980,#145,.F.);
#2195=EDGE_CURVE('',#2984,#2964,#146,.F.);
#2196=EDGE_CURVE('',#2957,#2979,#147,.T.);
#2197=EDGE_CURVE('',#2959,#2973,#148,.T.);
#2198=EDGE_CURVE('',#2974,#2958,#149,.T.);
#2199=EDGE_CURVE('',#2985,#2963,#150,.T.);
#2200=EDGE_CURVE('',#2979,#2978,#151,.T.);
#2201=EDGE_CURVE('',#2975,#2985,#152,.T.);
#2202=EDGE_CURVE('',#2953,#2978,#153,.F.);
#2203=EDGE_CURVE('',#2969,#2955,#154,.T.);
#2204=EDGE_CURVE('',#2960,#2972,#155,.T.);
#2205=EDGE_CURVE('',#2975,#2962,#156,.F.);
#2206=EDGE_CURVE('',#2954,#2977,#157,.T.);
#2207=EDGE_CURVE('',#2970,#2954,#158,.T.);
#2208=EDGE_CURVE('',#2961,#2971,#159,.T.);
#2209=EDGE_CURVE('',#2976,#2961,#160,.T.);
#2210=EDGE_CURVE('',#2970,#2977,#161,.F.);
#2211=EDGE_CURVE('',#2976,#2971,#162,.F.);
#2212=EDGE_CURVE('',#2994,#2949,#3584,.T.);
#2213=EDGE_CURVE('',#2995,#2947,#3585,.T.);
#2214=EDGE_CURVE('',#2996,#2948,#3586,.T.);
#2215=EDGE_CURVE('',#2997,#2950,#3587,.T.);
#2216=EDGE_CURVE('',#2990,#2945,#3588,.T.);
#2217=EDGE_CURVE('',#2991,#2944,#3589,.T.);
#2218=EDGE_CURVE('',#2992,#2943,#3590,.T.);
#2219=EDGE_CURVE('',#2993,#2946,#3591,.T.);
#2220=EDGE_CURVE('',#2986,#2941,#3592,.T.);
#2221=EDGE_CURVE('',#2987,#2939,#3593,.T.);
#2222=EDGE_CURVE('',#2988,#2940,#3594,.T.);
#2223=EDGE_CURVE('',#2989,#2942,#3595,.T.);
#2224=EDGE_CURVE('',#3011,#3011,#163,.F.);
#2225=EDGE_CURVE('',#3012,#3012,#164,.F.);
#2226=EDGE_CURVE('',#3013,#3013,#165,.F.);
#2227=EDGE_CURVE('',#3014,#3014,#166,.F.);
#2228=EDGE_CURVE('',#3015,#3016,#3596,.T.);
#2229=EDGE_CURVE('',#3015,#3017,#3597,.T.);
#2230=EDGE_CURVE('',#3017,#3018,#3598,.T.);
#2231=EDGE_CURVE('',#3016,#3018,#3599,.T.);
#2232=EDGE_CURVE('',#3019,#3020,#3600,.T.);
#2233=EDGE_CURVE('',#3019,#3016,#3601,.T.);
#2234=EDGE_CURVE('',#3020,#3018,#3602,.T.);
#2235=EDGE_CURVE('',#3021,#3022,#3603,.T.);
#2236=EDGE_CURVE('',#3021,#3019,#3604,.T.);
#2237=EDGE_CURVE('',#3022,#3020,#3605,.T.);
#2238=EDGE_CURVE('',#3023,#3024,#3606,.T.);
#2239=EDGE_CURVE('',#3023,#3021,#3607,.T.);
#2240=EDGE_CURVE('',#3024,#3022,#3608,.T.);
#2241=EDGE_CURVE('',#3023,#3025,#3609,.T.);
#2242=EDGE_CURVE('',#3024,#3026,#3610,.T.);
#2243=EDGE_CURVE('',#3025,#3026,#3611,.T.);
#2244=EDGE_CURVE('',#3025,#3027,#3612,.T.);
#2245=EDGE_CURVE('',#3026,#3028,#3613,.T.);
#2246=EDGE_CURVE('',#3027,#3028,#3614,.T.);
#2247=EDGE_CURVE('',#3027,#3029,#3615,.T.);
#2248=EDGE_CURVE('',#3028,#3030,#3616,.T.);
#2249=EDGE_CURVE('',#3029,#3030,#3617,.T.);
#2250=EDGE_CURVE('',#3029,#3031,#3618,.T.);
#2251=EDGE_CURVE('',#3030,#3032,#3619,.T.);
#2252=EDGE_CURVE('',#3031,#3032,#3620,.T.);
#2253=EDGE_CURVE('',#3031,#3033,#3621,.T.);
#2254=EDGE_CURVE('',#3032,#3034,#3622,.T.);
#2255=EDGE_CURVE('',#3033,#3034,#3623,.T.);
#2256=EDGE_CURVE('',#3033,#3035,#3624,.T.);
#2257=EDGE_CURVE('',#3034,#3036,#3625,.T.);
#2258=EDGE_CURVE('',#3035,#3036,#3626,.T.);
#2259=EDGE_CURVE('',#3035,#3037,#3627,.T.);
#2260=EDGE_CURVE('',#3036,#3038,#3628,.T.);
#2261=EDGE_CURVE('',#3037,#3038,#3629,.T.);
#2262=EDGE_CURVE('',#3037,#3039,#3630,.T.);
#2263=EDGE_CURVE('',#3038,#3040,#3631,.T.);
#2264=EDGE_CURVE('',#3039,#3040,#3632,.T.);
#2265=EDGE_CURVE('',#3039,#3015,#3633,.T.);
#2266=EDGE_CURVE('',#3040,#3017,#3634,.T.);
#2267=EDGE_CURVE('',#3041,#3042,#3635,.T.);
#2268=EDGE_CURVE('',#3041,#3043,#3636,.T.);
#2269=EDGE_CURVE('',#3043,#3044,#3637,.T.);
#2270=EDGE_CURVE('',#3042,#3044,#3638,.T.);
#2271=EDGE_CURVE('',#3042,#3045,#3639,.T.);
#2272=EDGE_CURVE('',#3044,#3046,#3640,.T.);
#2273=EDGE_CURVE('',#3045,#3046,#3641,.T.);
#2274=EDGE_CURVE('',#3045,#3047,#3642,.T.);
#2275=EDGE_CURVE('',#3046,#3048,#3643,.T.);
#2276=EDGE_CURVE('',#3047,#3048,#3644,.T.);
#2277=EDGE_CURVE('',#3047,#3049,#3645,.T.);
#2278=EDGE_CURVE('',#3048,#3050,#3646,.T.);
#2279=EDGE_CURVE('',#3049,#3050,#3647,.T.);
#2280=EDGE_CURVE('',#3049,#3051,#3648,.T.);
#2281=EDGE_CURVE('',#3050,#3052,#3649,.T.);
#2282=EDGE_CURVE('',#3051,#3052,#3650,.T.);
#2283=EDGE_CURVE('',#3051,#3041,#3651,.T.);
#2284=EDGE_CURVE('',#3052,#3043,#3652,.T.);
#2285=EDGE_CURVE('',#3053,#3054,#3653,.T.);
#2286=EDGE_CURVE('',#3053,#3055,#3654,.T.);
#2287=EDGE_CURVE('',#3055,#3056,#3655,.T.);
#2288=EDGE_CURVE('',#3054,#3056,#3656,.T.);
#2289=EDGE_CURVE('',#3054,#3057,#3657,.T.);
#2290=EDGE_CURVE('',#3056,#3058,#3658,.T.);
#2291=EDGE_CURVE('',#3057,#3058,#3659,.T.);
#2292=EDGE_CURVE('',#3057,#3059,#3660,.T.);
#2293=EDGE_CURVE('',#3058,#3060,#3661,.T.);
#2294=EDGE_CURVE('',#3059,#3060,#3662,.T.);
#2295=EDGE_CURVE('',#3059,#3061,#3663,.T.);
#2296=EDGE_CURVE('',#3060,#3062,#3664,.T.);
#2297=EDGE_CURVE('',#3061,#3062,#3665,.T.);
#2298=EDGE_CURVE('',#3061,#3063,#3666,.T.);
#2299=EDGE_CURVE('',#3062,#3064,#3667,.T.);
#2300=EDGE_CURVE('',#3063,#3064,#3668,.T.);
#2301=EDGE_CURVE('',#3063,#3065,#3669,.T.);
#2302=EDGE_CURVE('',#3064,#3066,#3670,.T.);
#2303=EDGE_CURVE('',#3065,#3066,#3671,.T.);
#2304=EDGE_CURVE('',#3065,#3067,#3672,.T.);
#2305=EDGE_CURVE('',#3066,#3068,#3673,.T.);
#2306=EDGE_CURVE('',#3067,#3068,#3674,.T.);
#2307=EDGE_CURVE('',#3067,#3069,#3675,.T.);
#2308=EDGE_CURVE('',#3068,#3070,#3676,.T.);
#2309=EDGE_CURVE('',#3069,#3070,#3677,.T.);
#2310=EDGE_CURVE('',#3071,#3072,#3678,.T.);
#2311=EDGE_CURVE('',#3071,#3069,#3679,.T.);
#2312=EDGE_CURVE('',#3072,#3070,#3680,.T.);
#2313=EDGE_CURVE('',#3071,#3073,#3681,.T.);
#2314=EDGE_CURVE('',#3072,#3074,#3682,.T.);
#2315=EDGE_CURVE('',#3073,#3074,#3683,.T.);
#2316=EDGE_CURVE('',#3073,#3075,#3684,.T.);
#2317=EDGE_CURVE('',#3074,#3076,#3685,.T.);
#2318=EDGE_CURVE('',#3075,#3076,#3686,.T.);
#2319=EDGE_CURVE('',#3075,#3053,#3687,.T.);
#2320=EDGE_CURVE('',#3076,#3055,#3688,.T.);
#2321=EDGE_CURVE('',#3077,#3078,#3689,.T.);
#2322=EDGE_CURVE('',#3077,#3079,#3690,.T.);
#2323=EDGE_CURVE('',#3079,#3080,#3691,.T.);
#2324=EDGE_CURVE('',#3078,#3080,#3692,.T.);
#2325=EDGE_CURVE('',#3078,#3081,#3693,.T.);
#2326=EDGE_CURVE('',#3080,#3082,#3694,.T.);
#2327=EDGE_CURVE('',#3081,#3082,#3695,.T.);
#2328=EDGE_CURVE('',#3081,#3083,#3696,.T.);
#2329=EDGE_CURVE('',#3082,#3084,#3697,.T.);
#2330=EDGE_CURVE('',#3083,#3084,#3698,.T.);
#2331=EDGE_CURVE('',#3083,#3077,#3699,.T.);
#2332=EDGE_CURVE('',#3084,#3079,#3700,.T.);
#2333=EDGE_CURVE('',#3085,#3086,#3701,.T.);
#2334=EDGE_CURVE('',#3085,#3087,#3702,.T.);
#2335=EDGE_CURVE('',#3087,#3088,#3703,.T.);
#2336=EDGE_CURVE('',#3086,#3088,#3704,.T.);
#2337=EDGE_CURVE('',#3089,#3090,#3705,.T.);
#2338=EDGE_CURVE('',#3089,#3085,#3706,.T.);
#2339=EDGE_CURVE('',#3090,#3086,#3707,.T.);
#2340=EDGE_CURVE('',#3091,#3092,#3708,.T.);
#2341=EDGE_CURVE('',#3091,#3089,#3709,.T.);
#2342=EDGE_CURVE('',#3092,#3090,#3710,.T.);
#2343=EDGE_CURVE('',#3093,#3094,#3711,.T.);
#2344=EDGE_CURVE('',#3093,#3091,#3712,.T.);
#2345=EDGE_CURVE('',#3094,#3092,#3713,.T.);
#2346=EDGE_CURVE('',#3095,#3096,#3714,.T.);
#2347=EDGE_CURVE('',#3095,#3093,#3715,.T.);
#2348=EDGE_CURVE('',#3096,#3094,#3716,.T.);
#2349=EDGE_CURVE('',#3097,#3098,#3717,.T.);
#2350=EDGE_CURVE('',#3097,#3095,#3718,.T.);
#2351=EDGE_CURVE('',#3098,#3096,#3719,.T.);
#2352=EDGE_CURVE('',#3099,#3100,#3720,.T.);
#2353=EDGE_CURVE('',#3099,#3097,#3721,.T.);
#2354=EDGE_CURVE('',#3100,#3098,#3722,.T.);
#2355=EDGE_CURVE('',#3101,#3102,#3723,.T.);
#2356=EDGE_CURVE('',#3101,#3099,#3724,.T.);
#2357=EDGE_CURVE('',#3102,#3100,#3725,.T.);
#2358=EDGE_CURVE('',#3088,#3103,#3726,.T.);
#2359=EDGE_CURVE('',#3103,#3104,#3727,.T.);
#2360=EDGE_CURVE('',#3104,#3102,#3728,.T.);
#2361=EDGE_CURVE('',#3105,#3104,#3729,.T.);
#2362=EDGE_CURVE('',#3105,#3101,#3730,.T.);
#2363=EDGE_CURVE('',#3087,#3106,#3731,.T.);
#2364=EDGE_CURVE('',#3106,#3103,#3732,.T.);
#2365=EDGE_CURVE('',#3106,#3105,#3733,.T.);
#2366=EDGE_CURVE('',#3107,#3108,#167,.F.);
#2367=EDGE_CURVE('',#3109,#3108,#3734,.T.);
#2368=EDGE_CURVE('',#3110,#3109,#168,.F.);
#2369=EDGE_CURVE('',#3110,#3107,#3735,.T.);
#2370=EDGE_CURVE('',#3107,#3111,#3736,.T.);
#2371=EDGE_CURVE('',#3110,#3112,#3737,.T.);
#2372=EDGE_CURVE('',#3112,#3111,#3738,.T.);
#2373=EDGE_CURVE('',#3113,#3111,#169,.F.);
#2374=EDGE_CURVE('',#3114,#3112,#170,.F.);
#2375=EDGE_CURVE('',#3114,#3113,#3739,.T.);
#2376=EDGE_CURVE('',#3113,#3115,#3740,.T.);
#2377=EDGE_CURVE('',#3114,#3116,#3741,.T.);
#2378=EDGE_CURVE('',#3116,#3115,#3742,.T.);
#2379=EDGE_CURVE('',#3115,#3117,#3743,.T.);
#2380=EDGE_CURVE('',#3116,#3118,#3744,.T.);
#2381=EDGE_CURVE('',#3118,#3117,#3745,.T.);
#2382=EDGE_CURVE('',#3118,#3119,#3746,.T.);
#2383=EDGE_CURVE('',#3119,#3120,#3747,.T.);
#2384=EDGE_CURVE('',#3117,#3120,#3748,.T.);
#2385=EDGE_CURVE('',#3121,#3122,#3749,.T.);
#2386=EDGE_CURVE('',#3121,#3123,#3750,.F.);
#2387=EDGE_CURVE('',#3123,#3124,#3751,.T.);
#2388=EDGE_CURVE('',#3124,#3122,#3752,.T.);
#2389=EDGE_CURVE('',#3125,#3126,#3753,.T.);
#2390=EDGE_CURVE('',#3127,#3126,#3754,.T.);
#2391=EDGE_CURVE('',#3128,#3127,#3755,.T.);
#2392=EDGE_CURVE('',#3128,#3125,#3756,.T.);
#2393=EDGE_CURVE('',#3129,#3125,#3757,.T.);
#2394=EDGE_CURVE('',#3130,#3128,#3758,.T.);
#2395=EDGE_CURVE('',#3130,#3129,#3759,.T.);
#2396=EDGE_CURVE('',#3131,#3129,#3760,.T.);
#2397=EDGE_CURVE('',#3132,#3130,#3761,.T.);
#2398=EDGE_CURVE('',#3132,#3131,#3762,.T.);
#2399=EDGE_CURVE('',#3133,#3131,#3763,.T.);
#2400=EDGE_CURVE('',#3134,#3132,#3764,.T.);
#2401=EDGE_CURVE('',#3134,#3133,#3765,.T.);
#2402=EDGE_CURVE('',#3135,#3133,#3766,.T.);
#2403=EDGE_CURVE('',#3136,#3134,#3767,.T.);
#2404=EDGE_CURVE('',#3136,#3135,#3768,.T.);
#2405=EDGE_CURVE('',#3135,#3137,#171,.T.);
#2406=EDGE_CURVE('',#3136,#3138,#172,.T.);
#2407=EDGE_CURVE('',#3138,#3137,#3769,.T.);
#2408=EDGE_CURVE('',#3139,#3137,#3770,.T.);
#2409=EDGE_CURVE('',#3140,#3138,#3771,.T.);
#2410=EDGE_CURVE('',#3140,#3139,#3772,.T.);
#2411=EDGE_CURVE('',#3139,#3126,#173,.T.);
#2412=EDGE_CURVE('',#3140,#3127,#174,.T.);
#2413=EDGE_CURVE('',#3122,#3108,#3773,.T.);
#2414=EDGE_CURVE('',#3124,#3109,#3774,.T.);
#2415=EDGE_CURVE('',#3123,#3119,#175,.F.);
#2416=EDGE_CURVE('',#3120,#3121,#176,.T.);
#2417=EDGE_CURVE('',#3141,#3142,#3775,.T.);
#2418=EDGE_CURVE('',#3143,#3141,#3776,.T.);
#2419=EDGE_CURVE('',#3143,#3144,#3777,.T.);
#2420=EDGE_CURVE('',#3145,#3144,#3778,.T.);
#2421=EDGE_CURVE('',#3146,#3145,#3779,.T.);
#2422=EDGE_CURVE('',#3147,#3146,#3780,.T.);
#2423=EDGE_CURVE('',#3148,#3147,#3781,.T.);
#2424=EDGE_CURVE('',#3148,#3149,#3782,.T.);
#2425=EDGE_CURVE('',#3149,#3150,#3783,.T.);
#2426=EDGE_CURVE('',#3151,#3150,#3784,.T.);
#2427=EDGE_CURVE('',#3151,#3152,#3785,.T.);
#2428=EDGE_CURVE('',#3152,#3142,#3786,.T.);
#2429=EDGE_CURVE('',#3153,#3154,#3787,.T.);
#2430=EDGE_CURVE('',#3153,#3155,#3788,.T.);
#2431=EDGE_CURVE('',#3156,#3155,#3789,.T.);
#2432=EDGE_CURVE('',#3157,#3156,#3790,.T.);
#2433=EDGE_CURVE('',#3158,#3157,#3791,.T.);
#2434=EDGE_CURVE('',#3159,#3158,#3792,.T.);
#2435=EDGE_CURVE('',#3159,#3160,#3793,.T.);
#2436=EDGE_CURVE('',#3160,#3161,#3794,.T.);
#2437=EDGE_CURVE('',#3162,#3161,#3795,.T.);
#2438=EDGE_CURVE('',#3162,#3163,#3796,.T.);
#2439=EDGE_CURVE('',#3163,#3164,#3797,.T.);
#2440=EDGE_CURVE('',#3154,#3164,#3798,.T.);
#2441=EDGE_CURVE('',#3165,#3166,#3799,.T.);
#2442=EDGE_CURVE('',#3167,#3165,#3800,.T.);
#2443=EDGE_CURVE('',#3168,#3167,#3801,.T.);
#2444=EDGE_CURVE('',#3169,#3168,#3802,.T.);
#2445=EDGE_CURVE('',#3170,#3169,#3803,.T.);
#2446=EDGE_CURVE('',#3171,#3170,#3804,.T.);
#2447=EDGE_CURVE('',#3172,#3171,#3805,.T.);
#2448=EDGE_CURVE('',#3166,#3172,#3806,.T.);
#2449=EDGE_CURVE('',#3173,#3174,#3807,.T.);
#2450=EDGE_CURVE('',#3173,#3175,#3808,.T.);
#2451=EDGE_CURVE('',#3175,#3176,#3809,.T.);
#2452=EDGE_CURVE('',#3176,#3177,#3810,.T.);
#2453=EDGE_CURVE('',#3177,#3178,#3811,.T.);
#2454=EDGE_CURVE('',#3178,#3179,#3812,.T.);
#2455=EDGE_CURVE('',#3179,#3180,#3813,.T.);
#2456=EDGE_CURVE('',#3180,#3181,#3814,.T.);
#2457=EDGE_CURVE('',#3181,#3182,#3815,.T.);
#2458=EDGE_CURVE('',#3182,#3183,#3816,.T.);
#2459=EDGE_CURVE('',#3183,#3184,#3817,.T.);
#2460=EDGE_CURVE('',#3185,#3184,#3818,.T.);
#2461=EDGE_CURVE('',#3174,#3185,#3819,.T.);
#2462=EDGE_CURVE('',#3186,#3187,#3820,.T.);
#2463=EDGE_CURVE('',#3188,#3186,#3821,.T.);
#2464=EDGE_CURVE('',#3189,#3188,#3822,.T.);
#2465=EDGE_CURVE('',#3190,#3189,#3823,.T.);
#2466=EDGE_CURVE('',#3191,#3190,#3824,.T.);
#2467=EDGE_CURVE('',#3192,#3191,#3825,.T.);
#2468=EDGE_CURVE('',#3193,#3192,#3826,.T.);
#2469=EDGE_CURVE('',#3194,#3193,#3827,.T.);
#2470=EDGE_CURVE('',#3195,#3194,#3828,.T.);
#2471=EDGE_CURVE('',#3196,#3195,#3829,.T.);
#2472=EDGE_CURVE('',#3187,#3196,#3830,.T.);
#2473=EDGE_CURVE('',#3197,#3197,#177,.T.);
#2474=EDGE_CURVE('',#3198,#3199,#3831,.T.);
#2475=EDGE_CURVE('',#3199,#3200,#3832,.T.);
#2476=EDGE_CURVE('',#3200,#3201,#178,.T.);
#2477=EDGE_CURVE('',#3201,#3202,#3833,.T.);
#2478=EDGE_CURVE('',#3202,#3203,#179,.T.);
#2479=EDGE_CURVE('',#3203,#3204,#3834,.T.);
#2480=EDGE_CURVE('',#3204,#3205,#3835,.T.);
#2481=EDGE_CURVE('',#3205,#3206,#3836,.T.);
#2482=EDGE_CURVE('',#3198,#3206,#180,.T.);
#2483=EDGE_CURVE('',#3207,#3208,#3837,.T.);
#2484=EDGE_CURVE('',#3208,#3209,#3838,.T.);
#2485=EDGE_CURVE('',#3209,#3210,#3839,.T.);
#2486=EDGE_CURVE('',#3210,#3211,#3840,.T.);
#2487=EDGE_CURVE('',#3211,#3212,#3841,.T.);
#2488=EDGE_CURVE('',#3212,#3213,#3842,.T.);
#2489=EDGE_CURVE('',#3214,#3213,#3843,.T.);
#2490=EDGE_CURVE('',#3214,#3215,#3844,.T.);
#2491=EDGE_CURVE('',#3215,#3216,#3845,.T.);
#2492=EDGE_CURVE('',#3216,#3217,#3846,.T.);
#2493=EDGE_CURVE('',#3217,#3218,#3847,.T.);
#2494=EDGE_CURVE('',#3218,#3207,#3848,.T.);
#2495=EDGE_CURVE('',#3219,#3220,#3849,.T.);
#2496=EDGE_CURVE('',#3220,#3221,#3850,.T.);
#2497=EDGE_CURVE('',#3221,#3222,#3851,.T.);
#2498=EDGE_CURVE('',#3222,#3219,#3852,.T.);
#2499=EDGE_CURVE('',#3223,#3224,#3853,.T.);
#2500=EDGE_CURVE('',#3224,#3225,#3854,.T.);
#2501=EDGE_CURVE('',#3225,#3226,#3855,.T.);
#2502=EDGE_CURVE('',#3226,#3227,#3856,.T.);
#2503=EDGE_CURVE('',#3227,#3228,#3857,.T.);
#2504=EDGE_CURVE('',#3228,#3223,#3858,.T.);
#2505=EDGE_CURVE('',#3229,#3229,#181,.T.);
#2506=EDGE_CURVE('',#3230,#3230,#182,.T.);
#2507=EDGE_CURVE('',#3231,#3232,#3859,.T.);
#2508=EDGE_CURVE('',#3232,#3233,#3860,.T.);
#2509=EDGE_CURVE('',#3234,#3233,#3861,.T.);
#2510=EDGE_CURVE('',#3234,#3235,#3862,.T.);
#2511=EDGE_CURVE('',#3235,#3236,#3863,.T.);
#2512=EDGE_CURVE('',#3237,#3236,#3864,.T.);
#2513=EDGE_CURVE('',#3238,#3237,#3865,.T.);
#2514=EDGE_CURVE('',#3238,#3231,#3866,.T.);
#2515=EDGE_CURVE('',#3239,#3240,#3867,.T.);
#2516=EDGE_CURVE('',#3239,#3241,#183,.F.);
#2517=EDGE_CURVE('',#3242,#3241,#3868,.T.);
#2518=EDGE_CURVE('',#3242,#3231,#184,.F.);
#2519=EDGE_CURVE('',#3243,#3238,#3869,.T.);
#2520=EDGE_CURVE('',#3243,#3244,#3870,.T.);
#2521=EDGE_CURVE('',#3158,#3244,#185,.T.);
#2522=EDGE_CURVE('',#3157,#3153,#3871,.T.);
#2523=EDGE_CURVE('',#3162,#3154,#3872,.T.);
#2524=EDGE_CURVE('',#3161,#3245,#3873,.T.);
#2525=EDGE_CURVE('',#3245,#3246,#3874,.T.);
#2526=EDGE_CURVE('',#3246,#3147,#3875,.T.);
#2527=EDGE_CURVE('',#3146,#3143,#3876,.T.);
#2528=EDGE_CURVE('',#3151,#3141,#3877,.T.);
#2529=EDGE_CURVE('',#3247,#3150,#186,.T.);
#2530=EDGE_CURVE('',#3247,#3248,#3878,.T.);
#2531=EDGE_CURVE('',#3248,#3235,#3879,.T.);
#2532=EDGE_CURVE('',#3234,#3249,#187,.F.);
#2533=EDGE_CURVE('',#3250,#3249,#3880,.T.);
#2534=EDGE_CURVE('',#3250,#3251,#188,.F.);
#2535=EDGE_CURVE('',#3252,#3251,#3881,.T.);
#2536=EDGE_CURVE('',#3252,#3253,#189,.T.);
#2537=EDGE_CURVE('',#3254,#3253,#3882,.T.);
#2538=EDGE_CURVE('',#3254,#3240,#190,.F.);
#2539=EDGE_CURVE('',#3241,#3255,#3883,.T.);
#2540=EDGE_CURVE('',#3255,#3256,#3884,.T.);
#2541=EDGE_CURVE('',#3242,#3256,#3885,.T.);
#2542=EDGE_CURVE('',#3256,#3232,#191,.F.);
#2543=EDGE_CURVE('',#3233,#3257,#192,.F.);
#2544=EDGE_CURVE('',#3249,#3257,#3886,.T.);
#2545=EDGE_CURVE('',#3251,#3258,#3887,.T.);
#2546=EDGE_CURVE('',#3258,#3259,#3888,.T.);
#2547=EDGE_CURVE('',#3259,#3252,#3889,.F.);
#2548=EDGE_CURVE('',#3260,#3261,#3890,.T.);
#2549=EDGE_CURVE('',#3261,#3254,#3891,.F.);
#2550=EDGE_CURVE('',#3253,#3260,#3892,.T.);
#2551=EDGE_CURVE('',#3257,#3262,#3893,.T.);
#2552=EDGE_CURVE('',#3262,#3250,#3894,.F.);
#2553=EDGE_CURVE('',#3263,#3264,#3895,.T.);
#2554=EDGE_CURVE('',#3264,#3239,#3896,.F.);
#2555=EDGE_CURVE('',#3240,#3263,#3897,.T.);
#2556=EDGE_CURVE('',#3265,#3246,#3898,.T.);
#2557=EDGE_CURVE('',#3265,#3148,#3899,.T.);
#2558=EDGE_CURVE('',#3266,#3245,#3900,.T.);
#2559=EDGE_CURVE('',#3266,#3265,#3901,.T.);
#2560=EDGE_CURVE('',#3160,#3266,#3902,.T.);
#2561=EDGE_CURVE('',#3267,#3244,#3903,.T.);
#2562=EDGE_CURVE('',#3159,#3267,#193,.T.);
#2563=EDGE_CURVE('',#3268,#3243,#3904,.T.);
#2564=EDGE_CURVE('',#3269,#3268,#3905,.T.);
#2565=EDGE_CURVE('',#3269,#3248,#3906,.T.);
#2566=EDGE_CURVE('',#3270,#3247,#3907,.T.);
#2567=EDGE_CURVE('',#3270,#3267,#3908,.T.);
#2568=EDGE_CURVE('',#3270,#3149,#194,.T.);
#2569=EDGE_CURVE('',#3271,#3272,#195,.F.);
#2570=EDGE_CURVE('',#3271,#3273,#3909,.T.);
#2571=EDGE_CURVE('',#3274,#3273,#196,.F.);
#2572=EDGE_CURVE('',#3274,#3275,#3910,.T.);
#2573=EDGE_CURVE('',#3275,#3276,#3911,.T.);
#2574=EDGE_CURVE('',#3276,#3277,#3912,.T.);
#2575=EDGE_CURVE('',#3277,#3278,#3913,.T.);
#2576=EDGE_CURVE('',#3278,#3272,#3914,.T.);
#2577=EDGE_CURVE('',#3279,#3280,#3915,.T.);
#2578=EDGE_CURVE('',#3280,#3281,#3916,.T.);
#2579=EDGE_CURVE('',#3281,#3282,#197,.F.);
#2580=EDGE_CURVE('',#3282,#3283,#3917,.T.);
#2581=EDGE_CURVE('',#3283,#3284,#198,.F.);
#2582=EDGE_CURVE('',#3284,#3285,#3918,.T.);
#2583=EDGE_CURVE('',#3285,#3286,#3919,.T.);
#2584=EDGE_CURVE('',#3286,#3287,#199,.T.);
#2585=EDGE_CURVE('',#3287,#3279,#3920,.T.);
#2586=EDGE_CURVE('',#3288,#3288,#200,.F.);
#2587=EDGE_CURVE('',#3275,#3289,#3921,.T.);
#2588=EDGE_CURVE('',#3289,#3290,#3922,.F.);
#2589=EDGE_CURVE('',#3276,#3290,#3923,.T.);
#2590=EDGE_CURVE('',#3290,#3291,#3924,.F.);
#2591=EDGE_CURVE('',#3277,#3291,#3925,.T.);
#2592=EDGE_CURVE('',#3278,#3292,#3926,.T.);
#2593=EDGE_CURVE('',#3292,#3293,#3927,.F.);
#2594=EDGE_CURVE('',#3272,#3293,#3928,.F.);
#2595=EDGE_CURVE('',#3291,#3292,#3929,.F.);
#2596=EDGE_CURVE('',#3293,#3294,#201,.T.);
#2597=EDGE_CURVE('',#3271,#3294,#3930,.T.);
#2598=EDGE_CURVE('',#3294,#3295,#3931,.F.);
#2599=EDGE_CURVE('',#3273,#3295,#3932,.F.);
#2600=EDGE_CURVE('',#3295,#3296,#202,.T.);
#2601=EDGE_CURVE('',#3274,#3296,#3933,.T.);
#2602=EDGE_CURVE('',#3296,#3289,#3934,.F.);
#2603=EDGE_CURVE('',#3268,#3237,#3935,.T.);
#2604=EDGE_CURVE('',#3269,#3236,#3936,.T.);
#2605=EDGE_CURVE('',#3297,#3297,#203,.T.);
#2606=EDGE_CURVE('',#3298,#3298,#204,.F.);
#2607=EDGE_CURVE('',#3295,#3282,#205,.T.);
#2608=EDGE_CURVE('',#3283,#3294,#206,.T.);
#2609=EDGE_CURVE('',#3284,#3293,#207,.T.);
#2610=EDGE_CURVE('',#3296,#3281,#208,.T.);
#2611=EDGE_CURVE('',#3285,#3292,#12,.F.);
#2612=EDGE_CURVE('',#3289,#3280,#13,.T.);
#2613=EDGE_CURVE('',#3286,#3299,#10,.T.);
#2614=EDGE_CURVE('',#3299,#3291,#14,.F.);
#2615=EDGE_CURVE('',#3287,#3299,#11,.F.);
#2616=EDGE_CURVE('',#3290,#3279,#15,.T.);
#2617=EDGE_CURVE('',#3258,#3262,#209,.T.);
#2618=EDGE_CURVE('',#3258,#3300,#210,.F.);
#2619=EDGE_CURVE('',#3300,#3262,#211,.F.);
#2620=EDGE_CURVE('',#3301,#3257,#212,.T.);
#2621=EDGE_CURVE('',#3300,#3301,#3937,.F.);
#2622=EDGE_CURVE('',#3302,#3300,#3938,.F.);
#2623=EDGE_CURVE('',#3259,#3302,#213,.T.);
#2624=EDGE_CURVE('',#3260,#3259,#214,.F.);
#2625=EDGE_CURVE('',#3303,#3233,#215,.T.);
#2626=EDGE_CURVE('',#3301,#3303,#216,.T.);
#2627=EDGE_CURVE('',#3302,#3304,#217,.T.);
#2628=EDGE_CURVE('',#3260,#3304,#218,.F.);
#2629=EDGE_CURVE('',#3305,#3232,#219,.T.);
#2630=EDGE_CURVE('',#3303,#3305,#3939,.F.);
#2631=EDGE_CURVE('',#3306,#3304,#3940,.F.);
#2632=EDGE_CURVE('',#3261,#3306,#220,.T.);
#2633=EDGE_CURVE('',#3263,#3261,#221,.T.);
#2634=EDGE_CURVE('',#3307,#3256,#222,.T.);
#2635=EDGE_CURVE('',#3305,#3307,#223,.T.);
#2636=EDGE_CURVE('',#3263,#3306,#224,.F.);
#2637=EDGE_CURVE('',#3308,#3255,#225,.T.);
#2638=EDGE_CURVE('',#3307,#3308,#3941,.F.);
#2639=EDGE_CURVE('',#3308,#3306,#3942,.F.);
#2640=EDGE_CURVE('',#3264,#3308,#226,.T.);
#2641=EDGE_CURVE('',#3264,#3255,#227,.F.);
#2642=EDGE_CURVE('',#3309,#3310,#3943,.T.);
#2643=EDGE_CURVE('',#3311,#3309,#228,.F.);
#2644=EDGE_CURVE('',#3312,#3311,#3944,.T.);
#2645=EDGE_CURVE('',#3313,#3312,#3945,.T.);
#2646=EDGE_CURVE('',#3314,#3313,#3946,.T.);
#2647=EDGE_CURVE('',#3314,#3315,#229,.F.);
#2648=EDGE_CURVE('',#3316,#3315,#3947,.T.);
#2649=EDGE_CURVE('',#3317,#3316,#3948,.T.);
#2650=EDGE_CURVE('',#3310,#3317,#230,.F.);
#2651=EDGE_CURVE('',#3318,#3319,#231,.F.);
#2652=EDGE_CURVE('',#3319,#3320,#3949,.T.);
#2653=EDGE_CURVE('',#3320,#3321,#3950,.T.);
#2654=EDGE_CURVE('',#3322,#3321,#232,.F.);
#2655=EDGE_CURVE('',#3322,#3323,#3951,.T.);
#2656=EDGE_CURVE('',#3323,#3324,#3952,.T.);
#2657=EDGE_CURVE('',#3324,#3325,#3953,.T.);
#2658=EDGE_CURVE('',#3325,#3326,#233,.F.);
#2659=EDGE_CURVE('',#3326,#3318,#3954,.T.);
#2660=EDGE_CURVE('',#3317,#3301,#3955,.T.);
#2661=EDGE_CURVE('',#3310,#3303,#3956,.T.);
#2662=EDGE_CURVE('',#3318,#3201,#3957,.T.);
#2663=EDGE_CURVE('',#3319,#3200,#3958,.T.);
#2664=EDGE_CURVE('',#3326,#3202,#3959,.T.);
#2665=EDGE_CURVE('',#3325,#3203,#3960,.T.);
#2666=EDGE_CURVE('',#3324,#3204,#3961,.T.);
#2667=EDGE_CURVE('',#3323,#3205,#3962,.T.);
#2668=EDGE_CURVE('',#3322,#3206,#3963,.T.);
#2669=EDGE_CURVE('',#3321,#3198,#3964,.T.);
#2670=EDGE_CURVE('',#3320,#3199,#3965,.T.);
#2671=EDGE_CURVE('',#3316,#3300,#3966,.T.);
#2672=EDGE_CURVE('',#3315,#3302,#3967,.T.);
#2673=EDGE_CURVE('',#3314,#3304,#3968,.T.);
#2674=EDGE_CURVE('',#3313,#3306,#3969,.T.);
#2675=EDGE_CURVE('',#3312,#3308,#3970,.T.);
#2676=EDGE_CURVE('',#3311,#3307,#3971,.T.);
#2677=EDGE_CURVE('',#3309,#3305,#3972,.T.);
#2678=EDGE_CURVE('',#3327,#3327,#234,.F.);
#2679=EDGE_CURVE('',#3328,#3328,#235,.F.);
#2680=EDGE_CURVE('',#3329,#3330,#3973,.T.);
#2681=EDGE_CURVE('',#3330,#3186,#3974,.T.);
#2682=EDGE_CURVE('',#3329,#3187,#3975,.T.);
#2683=EDGE_CURVE('',#3331,#3329,#3976,.T.);
#2684=EDGE_CURVE('',#3331,#3196,#3977,.T.);
#2685=EDGE_CURVE('',#3332,#3331,#3978,.T.);
#2686=EDGE_CURVE('',#3332,#3195,#3979,.T.);
#2687=EDGE_CURVE('',#3333,#3332,#3980,.T.);
#2688=EDGE_CURVE('',#3333,#3194,#3981,.T.);
#2689=EDGE_CURVE('',#3334,#3333,#3982,.T.);
#2690=EDGE_CURVE('',#3334,#3193,#3983,.T.);
#2691=EDGE_CURVE('',#3335,#3334,#3984,.T.);
#2692=EDGE_CURVE('',#3335,#3192,#3985,.T.);
#2693=EDGE_CURVE('',#3336,#3335,#3986,.T.);
#2694=EDGE_CURVE('',#3336,#3191,#3987,.T.);
#2695=EDGE_CURVE('',#3337,#3336,#3988,.T.);
#2696=EDGE_CURVE('',#3337,#3190,#3989,.T.);
#2697=EDGE_CURVE('',#3338,#3337,#3990,.T.);
#2698=EDGE_CURVE('',#3338,#3189,#3991,.T.);
#2699=EDGE_CURVE('',#3339,#3338,#3992,.T.);
#2700=EDGE_CURVE('',#3339,#3188,#3993,.T.);
#2701=EDGE_CURVE('',#3330,#3339,#3994,.T.);
#2702=EDGE_CURVE('',#3340,#3209,#3995,.T.);
#2703=EDGE_CURVE('',#3341,#3208,#3996,.T.);
#2704=EDGE_CURVE('',#3340,#3341,#3997,.T.);
#2705=EDGE_CURVE('',#3342,#3207,#3998,.T.);
#2706=EDGE_CURVE('',#3341,#3342,#3999,.T.);
#2707=EDGE_CURVE('',#3343,#3218,#4000,.T.);
#2708=EDGE_CURVE('',#3342,#3343,#4001,.T.);
#2709=EDGE_CURVE('',#3344,#3217,#4002,.T.);
#2710=EDGE_CURVE('',#3343,#3344,#4003,.T.);
#2711=EDGE_CURVE('',#3345,#3216,#4004,.T.);
#2712=EDGE_CURVE('',#3344,#3345,#4005,.T.);
#2713=EDGE_CURVE('',#3346,#3215,#4006,.T.);
#2714=EDGE_CURVE('',#3345,#3346,#4007,.T.);
#2715=EDGE_CURVE('',#3347,#3214,#4008,.T.);
#2716=EDGE_CURVE('',#3346,#3347,#4009,.T.);
#2717=EDGE_CURVE('',#3348,#3347,#4010,.T.);
#2718=EDGE_CURVE('',#3348,#3213,#4011,.T.);
#2719=EDGE_CURVE('',#3349,#3212,#4012,.T.);
#2720=EDGE_CURVE('',#3348,#3349,#4013,.T.);
#2721=EDGE_CURVE('',#3350,#3210,#4014,.T.);
#2722=EDGE_CURVE('',#3350,#3340,#4015,.T.);
#2723=EDGE_CURVE('',#3351,#3211,#4016,.T.);
#2724=EDGE_CURVE('',#3349,#3351,#4017,.T.);
#2725=EDGE_CURVE('',#3351,#3350,#4018,.T.);
#2726=EDGE_CURVE('',#3352,#3353,#4019,.T.);
#2727=EDGE_CURVE('',#3353,#3173,#4020,.T.);
#2728=EDGE_CURVE('',#3352,#3174,#4021,.T.);
#2729=EDGE_CURVE('',#3354,#3352,#4022,.T.);
#2730=EDGE_CURVE('',#3354,#3185,#4023,.T.);
#2731=EDGE_CURVE('',#3355,#3354,#4024,.T.);
#2732=EDGE_CURVE('',#3355,#3184,#4025,.T.);
#2733=EDGE_CURVE('',#3356,#3183,#4026,.T.);
#2734=EDGE_CURVE('',#3355,#3356,#4027,.T.);
#2735=EDGE_CURVE('',#3357,#3182,#4028,.T.);
#2736=EDGE_CURVE('',#3356,#3357,#4029,.T.);
#2737=EDGE_CURVE('',#3358,#3181,#4030,.T.);
#2738=EDGE_CURVE('',#3357,#3358,#4031,.T.);
#2739=EDGE_CURVE('',#3359,#3180,#4032,.T.);
#2740=EDGE_CURVE('',#3358,#3359,#4033,.T.);
#2741=EDGE_CURVE('',#3360,#3179,#4034,.T.);
#2742=EDGE_CURVE('',#3359,#3360,#4035,.T.);
#2743=EDGE_CURVE('',#3361,#3178,#4036,.T.);
#2744=EDGE_CURVE('',#3360,#3361,#4037,.T.);
#2745=EDGE_CURVE('',#3362,#3177,#4038,.T.);
#2746=EDGE_CURVE('',#3361,#3362,#4039,.T.);
#2747=EDGE_CURVE('',#3363,#3175,#4040,.T.);
#2748=EDGE_CURVE('',#3363,#3353,#4041,.T.);
#2749=EDGE_CURVE('',#3364,#3176,#4042,.T.);
#2750=EDGE_CURVE('',#3362,#3364,#4043,.T.);
#2751=EDGE_CURVE('',#3364,#3363,#4044,.T.);
#2752=EDGE_CURVE('',#3365,#3366,#4045,.T.);
#2753=EDGE_CURVE('',#3366,#3165,#4046,.T.);
#2754=EDGE_CURVE('',#3365,#3166,#4047,.T.);
#2755=EDGE_CURVE('',#3367,#3365,#4048,.T.);
#2756=EDGE_CURVE('',#3367,#3172,#4049,.T.);
#2757=EDGE_CURVE('',#3368,#3367,#4050,.T.);
#2758=EDGE_CURVE('',#3368,#3171,#4051,.T.);
#2759=EDGE_CURVE('',#3369,#3368,#4052,.T.);
#2760=EDGE_CURVE('',#3369,#3170,#4053,.T.);
#2761=EDGE_CURVE('',#3370,#3369,#4054,.T.);
#2762=EDGE_CURVE('',#3370,#3169,#4055,.T.);
#2763=EDGE_CURVE('',#3371,#3370,#4056,.T.);
#2764=EDGE_CURVE('',#3371,#3168,#4057,.T.);
#2765=EDGE_CURVE('',#3372,#3371,#4058,.T.);
#2766=EDGE_CURVE('',#3372,#3167,#4059,.T.);
#2767=EDGE_CURVE('',#3366,#3372,#4060,.T.);
#2768=EDGE_CURVE('',#3373,#3221,#4061,.T.);
#2769=EDGE_CURVE('',#3374,#3220,#4062,.T.);
#2770=EDGE_CURVE('',#3373,#3374,#4063,.T.);
#2771=EDGE_CURVE('',#3375,#3222,#4064,.T.);
#2772=EDGE_CURVE('',#3375,#3373,#4065,.T.);
#2773=EDGE_CURVE('',#3376,#3219,#4066,.T.);
#2774=EDGE_CURVE('',#3374,#3376,#4067,.T.);
#2775=EDGE_CURVE('',#3376,#3375,#4068,.T.);
#2776=EDGE_CURVE('',#3377,#3225,#4069,.T.);
#2777=EDGE_CURVE('',#3378,#3224,#4070,.T.);
#2778=EDGE_CURVE('',#3377,#3378,#4071,.T.);
#2779=EDGE_CURVE('',#3379,#3223,#4072,.T.);
#2780=EDGE_CURVE('',#3378,#3379,#4073,.T.);
#2781=EDGE_CURVE('',#3380,#3228,#4074,.T.);
#2782=EDGE_CURVE('',#3379,#3380,#4075,.T.);
#2783=EDGE_CURVE('',#3381,#3226,#4076,.T.);
#2784=EDGE_CURVE('',#3381,#3377,#4077,.T.);
#2785=EDGE_CURVE('',#3382,#3227,#4078,.T.);
#2786=EDGE_CURVE('',#3380,#3382,#4079,.T.);
#2787=EDGE_CURVE('',#3382,#3381,#4080,.T.);
#2788=EDGE_CURVE('',#3383,#3154,#4081,.T.);
#2789=EDGE_CURVE('',#3384,#3383,#4082,.T.);
#2790=EDGE_CURVE('',#3384,#3162,#4083,.T.);
#2791=EDGE_CURVE('',#3385,#3383,#4084,.T.);
#2792=EDGE_CURVE('',#3386,#3385,#4085,.T.);
#2793=EDGE_CURVE('',#3386,#3384,#4086,.T.);
#2794=EDGE_CURVE('',#3385,#3164,#4087,.T.);
#2795=EDGE_CURVE('',#3386,#3163,#4088,.T.);
#2796=EDGE_CURVE('',#3387,#3155,#4089,.T.);
#2797=EDGE_CURVE('',#3388,#3387,#4090,.T.);
#2798=EDGE_CURVE('',#3388,#3156,#4091,.T.);
#2799=EDGE_CURVE('',#3387,#3389,#4092,.T.);
#2800=EDGE_CURVE('',#3390,#3389,#4093,.T.);
#2801=EDGE_CURVE('',#3388,#3390,#4094,.T.);
#2802=EDGE_CURVE('',#3389,#3153,#4095,.T.);
#2803=EDGE_CURVE('',#3390,#3157,#4096,.T.);
#2804=EDGE_CURVE('',#3391,#3144,#4097,.T.);
#2805=EDGE_CURVE('',#3392,#3391,#4098,.T.);
#2806=EDGE_CURVE('',#3392,#3145,#4099,.T.);
#2807=EDGE_CURVE('',#3391,#3393,#4100,.T.);
#2808=EDGE_CURVE('',#3394,#3393,#4101,.T.);
#2809=EDGE_CURVE('',#3392,#3394,#4102,.T.);
#2810=EDGE_CURVE('',#3393,#3143,#4103,.T.);
#2811=EDGE_CURVE('',#3394,#3146,#4104,.T.);
#2812=EDGE_CURVE('',#3395,#3141,#4105,.T.);
#2813=EDGE_CURVE('',#3396,#3395,#4106,.T.);
#2814=EDGE_CURVE('',#3396,#3151,#4107,.T.);
#2815=EDGE_CURVE('',#3397,#3395,#4108,.T.);
#2816=EDGE_CURVE('',#3398,#3397,#4109,.T.);
#2817=EDGE_CURVE('',#3398,#3396,#4110,.T.);
#2818=EDGE_CURVE('',#3397,#3142,#4111,.T.);
#2819=EDGE_CURVE('',#3398,#3152,#4112,.T.);
#2820=EDGE_CURVE('',#3399,#3400,#236,.F.);
#2821=EDGE_CURVE('',#3399,#3401,#4113,.T.);
#2822=EDGE_CURVE('',#3401,#3402,#237,.F.);
#2823=EDGE_CURVE('',#3400,#3402,#4114,.T.);
#2824=EDGE_CURVE('',#3400,#3403,#4115,.T.);
#2825=EDGE_CURVE('',#3402,#3404,#4116,.T.);
#2826=EDGE_CURVE('',#3403,#3404,#4117,.T.);
#2827=EDGE_CURVE('',#3403,#3405,#4118,.T.);
#2828=EDGE_CURVE('',#3404,#3406,#4119,.T.);
#2829=EDGE_CURVE('',#3405,#3406,#4120,.T.);
#2830=EDGE_CURVE('',#3407,#3408,#4121,.T.);
#2831=EDGE_CURVE('',#3407,#3405,#238,.F.);
#2832=EDGE_CURVE('',#3408,#3406,#239,.F.);
#2833=EDGE_CURVE('',#3407,#3409,#4122,.T.);
#2834=EDGE_CURVE('',#3408,#3410,#4123,.T.);
#2835=EDGE_CURVE('',#3409,#3410,#4124,.T.);
#2836=EDGE_CURVE('',#3409,#3411,#4125,.T.);
#2837=EDGE_CURVE('',#3410,#3412,#4126,.T.);
#2838=EDGE_CURVE('',#3411,#3412,#4127,.T.);
#2839=EDGE_CURVE('',#3411,#3413,#4128,.T.);
#2840=EDGE_CURVE('',#3412,#3414,#4129,.T.);
#2841=EDGE_CURVE('',#3413,#3414,#4130,.T.);
#2842=EDGE_CURVE('',#3413,#3415,#240,.F.);
#2843=EDGE_CURVE('',#3414,#3416,#241,.F.);
#2844=EDGE_CURVE('',#3415,#3416,#4131,.T.);
#2845=EDGE_CURVE('',#3417,#3418,#4132,.T.);
#2846=EDGE_CURVE('',#3417,#3419,#4133,.T.);
#2847=EDGE_CURVE('',#3419,#3420,#4134,.T.);
#2848=EDGE_CURVE('',#3418,#3420,#4135,.T.);
#2849=EDGE_CURVE('',#3421,#3422,#4136,.T.);
#2850=EDGE_CURVE('',#3421,#3417,#242,.F.);
#2851=EDGE_CURVE('',#3422,#3418,#243,.F.);
#2852=EDGE_CURVE('',#3423,#3424,#4137,.T.);
#2853=EDGE_CURVE('',#3423,#3421,#4138,.T.);
#2854=EDGE_CURVE('',#3424,#3422,#4139,.T.);
#2855=EDGE_CURVE('',#3425,#3426,#4140,.T.);
#2856=EDGE_CURVE('',#3425,#3423,#4141,.T.);
#2857=EDGE_CURVE('',#3426,#3424,#4142,.T.);
#2858=EDGE_CURVE('',#3427,#3428,#4143,.T.);
#2859=EDGE_CURVE('',#3427,#3425,#4144,.T.);
#2860=EDGE_CURVE('',#3428,#3426,#4145,.T.);
#2861=EDGE_CURVE('',#3427,#3429,#244,.F.);
#2862=EDGE_CURVE('',#3428,#3430,#245,.F.);
#2863=EDGE_CURVE('',#3429,#3430,#4146,.T.);
#2864=EDGE_CURVE('',#3431,#3432,#4147,.T.);
#2865=EDGE_CURVE('',#3431,#3429,#4148,.T.);
#2866=EDGE_CURVE('',#3432,#3430,#4149,.T.);
#2867=EDGE_CURVE('',#3433,#3434,#4150,.T.);
#2868=EDGE_CURVE('',#3433,#3431,#4151,.T.);
#2869=EDGE_CURVE('',#3434,#3432,#4152,.T.);
#2870=EDGE_CURVE('',#3419,#3433,#246,.F.);
#2871=EDGE_CURVE('',#3420,#3434,#247,.F.);
#2872=EDGE_CURVE('',#3415,#3399,#4153,.T.);
#2873=EDGE_CURVE('',#3416,#3401,#4154,.T.);
#2874=VERTEX_POINT('',#8595);
#2875=VERTEX_POINT('',#8596);
#2876=VERTEX_POINT('',#8598);
#2877=VERTEX_POINT('',#8600);
#2878=VERTEX_POINT('',#8604);
#2879=VERTEX_POINT('',#8605);
#2880=VERTEX_POINT('',#8610);
#2881=VERTEX_POINT('',#8611);
#2882=VERTEX_POINT('',#8616);
#2883=VERTEX_POINT('',#8617);
#2884=VERTEX_POINT('',#8622);
#2885=VERTEX_POINT('',#8623);
#2886=VERTEX_POINT('',#8628);
#2887=VERTEX_POINT('',#8630);
#2888=VERTEX_POINT('',#8634);
#2889=VERTEX_POINT('',#8638);
#2890=VERTEX_POINT('',#8646);
#2891=VERTEX_POINT('',#8647);
#2892=VERTEX_POINT('',#8649);
#2893=VERTEX_POINT('',#8651);
#2894=VERTEX_POINT('',#8655);
#2895=VERTEX_POINT('',#8656);
#2896=VERTEX_POINT('',#8658);
#2897=VERTEX_POINT('',#8660);
#2898=VERTEX_POINT('',#8664);
#2899=VERTEX_POINT('',#8665);
#2900=VERTEX_POINT('',#8667);
#2901=VERTEX_POINT('',#8669);
#2902=VERTEX_POINT('',#8673);
#2903=VERTEX_POINT('',#8674);
#2904=VERTEX_POINT('',#8676);
#2905=VERTEX_POINT('',#8678);
#2906=VERTEX_POINT('',#8681);
#2907=VERTEX_POINT('',#8683);
#2908=VERTEX_POINT('',#8688);
#2909=VERTEX_POINT('',#8689);
#2910=VERTEX_POINT('',#8691);
#2911=VERTEX_POINT('',#8693);
#2912=VERTEX_POINT('',#8695);
#2913=VERTEX_POINT('',#8697);
#2914=VERTEX_POINT('',#8701);
#2915=VERTEX_POINT('',#8702);
#2916=VERTEX_POINT('',#8704);
#2917=VERTEX_POINT('',#8706);
#2918=VERTEX_POINT('',#8710);
#2919=VERTEX_POINT('',#8711);
#2920=VERTEX_POINT('',#8713);
#2921=VERTEX_POINT('',#8715);
#2922=VERTEX_POINT('',#8717);
#2923=VERTEX_POINT('',#8719);
#2924=VERTEX_POINT('',#8721);
#2925=VERTEX_POINT('',#8723);
#2926=VERTEX_POINT('',#8725);
#2927=VERTEX_POINT('',#8727);
#2928=VERTEX_POINT('',#8729);
#2929=VERTEX_POINT('',#8731);
#2930=VERTEX_POINT('',#8734);
#2931=VERTEX_POINT('',#8736);
#2932=VERTEX_POINT('',#8738);
#2933=VERTEX_POINT('',#8741);
#2934=VERTEX_POINT('',#8743);
#2935=VERTEX_POINT('',#8746);
#2936=VERTEX_POINT('',#8748);
#2937=VERTEX_POINT('',#8751);
#2938=VERTEX_POINT('',#8753);
#2939=VERTEX_POINT('',#8757);
#2940=VERTEX_POINT('',#8758);
#2941=VERTEX_POINT('',#8760);
#2942=VERTEX_POINT('',#8762);
#2943=VERTEX_POINT('',#8765);
#2944=VERTEX_POINT('',#8766);
#2945=VERTEX_POINT('',#8768);
#2946=VERTEX_POINT('',#8770);
#2947=VERTEX_POINT('',#8773);
#2948=VERTEX_POINT('',#8774);
#2949=VERTEX_POINT('',#8776);
#2950=VERTEX_POINT('',#8778);
#2951=VERTEX_POINT('',#8781);
#2952=VERTEX_POINT('',#8783);
#2953=VERTEX_POINT('',#8787);
#2954=VERTEX_POINT('',#8788);
#2955=VERTEX_POINT('',#8790);
#2956=VERTEX_POINT('',#8793);
#2957=VERTEX_POINT('',#8795);
#2958=VERTEX_POINT('',#8799);
#2959=VERTEX_POINT('',#8803);
#2960=VERTEX_POINT('',#8807);
#2961=VERTEX_POINT('',#8811);
#2962=VERTEX_POINT('',#8813);
#2963=VERTEX_POINT('',#8815);
#2964=VERTEX_POINT('',#8817);
#2965=VERTEX_POINT('',#8821);
#2966=VERTEX_POINT('',#8822);
#2967=VERTEX_POINT('',#8827);
#2968=VERTEX_POINT('',#8828);
#2969=VERTEX_POINT('',#8833);
#2970=VERTEX_POINT('',#8834);
#2971=VERTEX_POINT('',#8836);
#2972=VERTEX_POINT('',#8838);
#2973=VERTEX_POINT('',#8840);
#2974=VERTEX_POINT('',#8842);
#2975=VERTEX_POINT('',#8846);
#2976=VERTEX_POINT('',#8847);
#2977=VERTEX_POINT('',#8849);
#2978=VERTEX_POINT('',#8851);
#2979=VERTEX_POINT('',#8855);
#2980=VERTEX_POINT('',#8856);
#2981=VERTEX_POINT('',#8858);
#2982=VERTEX_POINT('',#8860);
#2983=VERTEX_POINT('',#8862);
#2984=VERTEX_POINT('',#8864);
#2985=VERTEX_POINT('',#8866);
#2986=VERTEX_POINT('',#8870);
#2987=VERTEX_POINT('',#8871);
#2988=VERTEX_POINT('',#8873);
#2989=VERTEX_POINT('',#8875);
#2990=VERTEX_POINT('',#8878);
#2991=VERTEX_POINT('',#8879);
#2992=VERTEX_POINT('',#8881);
#2993=VERTEX_POINT('',#8883);
#2994=VERTEX_POINT('',#8886);
#2995=VERTEX_POINT('',#8887);
#2996=VERTEX_POINT('',#8889);
#2997=VERTEX_POINT('',#8891);
#2998=VERTEX_POINT('',#8894);
#2999=VERTEX_POINT('',#8903);
#3000=VERTEX_POINT('',#8905);
#3001=VERTEX_POINT('',#8907);
#3002=VERTEX_POINT('',#8911);
#3003=VERTEX_POINT('',#8915);
#3004=VERTEX_POINT('',#8916);
#3005=VERTEX_POINT('',#8918);
#3006=VERTEX_POINT('',#8920);
#3007=VERTEX_POINT('',#8925);
#3008=VERTEX_POINT('',#8927);
#3009=VERTEX_POINT('',#8937);
#3010=VERTEX_POINT('',#8939);
#3011=VERTEX_POINT('',#9038);
#3012=VERTEX_POINT('',#9040);
#3013=VERTEX_POINT('',#9043);
#3014=VERTEX_POINT('',#9045);
#3015=VERTEX_POINT('',#9051);
#3016=VERTEX_POINT('',#9052);
#3017=VERTEX_POINT('',#9054);
#3018=VERTEX_POINT('',#9056);
#3019=VERTEX_POINT('',#9060);
#3020=VERTEX_POINT('',#9061);
#3021=VERTEX_POINT('',#9066);
#3022=VERTEX_POINT('',#9067);
#3023=VERTEX_POINT('',#9072);
#3024=VERTEX_POINT('',#9073);
#3025=VERTEX_POINT('',#9078);
#3026=VERTEX_POINT('',#9080);
#3027=VERTEX_POINT('',#9084);
#3028=VERTEX_POINT('',#9086);
#3029=VERTEX_POINT('',#9090);
#3030=VERTEX_POINT('',#9092);
#3031=VERTEX_POINT('',#9096);
#3032=VERTEX_POINT('',#9098);
#3033=VERTEX_POINT('',#9102);
#3034=VERTEX_POINT('',#9104);
#3035=VERTEX_POINT('',#9108);
#3036=VERTEX_POINT('',#9110);
#3037=VERTEX_POINT('',#9114);
#3038=VERTEX_POINT('',#9116);
#3039=VERTEX_POINT('',#9120);
#3040=VERTEX_POINT('',#9122);
#3041=VERTEX_POINT('',#9132);
#3042=VERTEX_POINT('',#9133);
#3043=VERTEX_POINT('',#9135);
#3044=VERTEX_POINT('',#9137);
#3045=VERTEX_POINT('',#9141);
#3046=VERTEX_POINT('',#9143);
#3047=VERTEX_POINT('',#9147);
#3048=VERTEX_POINT('',#9149);
#3049=VERTEX_POINT('',#9153);
#3050=VERTEX_POINT('',#9155);
#3051=VERTEX_POINT('',#9159);
#3052=VERTEX_POINT('',#9161);
#3053=VERTEX_POINT('',#9171);
#3054=VERTEX_POINT('',#9172);
#3055=VERTEX_POINT('',#9174);
#3056=VERTEX_POINT('',#9176);
#3057=VERTEX_POINT('',#9180);
#3058=VERTEX_POINT('',#9182);
#3059=VERTEX_POINT('',#9186);
#3060=VERTEX_POINT('',#9188);
#3061=VERTEX_POINT('',#9192);
#3062=VERTEX_POINT('',#9194);
#3063=VERTEX_POINT('',#9198);
#3064=VERTEX_POINT('',#9200);
#3065=VERTEX_POINT('',#9204);
#3066=VERTEX_POINT('',#9206);
#3067=VERTEX_POINT('',#9210);
#3068=VERTEX_POINT('',#9212);
#3069=VERTEX_POINT('',#9216);
#3070=VERTEX_POINT('',#9218);
#3071=VERTEX_POINT('',#9222);
#3072=VERTEX_POINT('',#9223);
#3073=VERTEX_POINT('',#9228);
#3074=VERTEX_POINT('',#9230);
#3075=VERTEX_POINT('',#9234);
#3076=VERTEX_POINT('',#9236);
#3077=VERTEX_POINT('',#9246);
#3078=VERTEX_POINT('',#9247);
#3079=VERTEX_POINT('',#9249);
#3080=VERTEX_POINT('',#9251);
#3081=VERTEX_POINT('',#9255);
#3082=VERTEX_POINT('',#9257);
#3083=VERTEX_POINT('',#9261);
#3084=VERTEX_POINT('',#9263);
#3085=VERTEX_POINT('',#9273);
#3086=VERTEX_POINT('',#9274);
#3087=VERTEX_POINT('',#9276);
#3088=VERTEX_POINT('',#9278);
#3089=VERTEX_POINT('',#9282);
#3090=VERTEX_POINT('',#9283);
#3091=VERTEX_POINT('',#9288);
#3092=VERTEX_POINT('',#9289);
#3093=VERTEX_POINT('',#9294);
#3094=VERTEX_POINT('',#9295);
#3095=VERTEX_POINT('',#9300);
#3096=VERTEX_POINT('',#9301);
#3097=VERTEX_POINT('',#9306);
#3098=VERTEX_POINT('',#9307);
#3099=VERTEX_POINT('',#9312);
#3100=VERTEX_POINT('',#9313);
#3101=VERTEX_POINT('',#9318);
#3102=VERTEX_POINT('',#9319);
#3103=VERTEX_POINT('',#9324);
#3104=VERTEX_POINT('',#9326);
#3105=VERTEX_POINT('',#9330);
#3106=VERTEX_POINT('',#9334);
#3107=VERTEX_POINT('',#9342);
#3108=VERTEX_POINT('',#9343);
#3109=VERTEX_POINT('',#9345);
#3110=VERTEX_POINT('',#9347);
#3111=VERTEX_POINT('',#9351);
#3112=VERTEX_POINT('',#9353);
#3113=VERTEX_POINT('',#9357);
#3114=VERTEX_POINT('',#9359);
#3115=VERTEX_POINT('',#9363);
#3116=VERTEX_POINT('',#9365);
#3117=VERTEX_POINT('',#9369);
#3118=VERTEX_POINT('',#9371);
#3119=VERTEX_POINT('',#9375);
#3120=VERTEX_POINT('',#9377);
#3121=VERTEX_POINT('',#9381);
#3122=VERTEX_POINT('',#9382);
#3123=VERTEX_POINT('',#9384);
#3124=VERTEX_POINT('',#9386);
#3125=VERTEX_POINT('',#9390);
#3126=VERTEX_POINT('',#9391);
#3127=VERTEX_POINT('',#9393);
#3128=VERTEX_POINT('',#9395);
#3129=VERTEX_POINT('',#9399);
#3130=VERTEX_POINT('',#9401);
#3131=VERTEX_POINT('',#9405);
#3132=VERTEX_POINT('',#9407);
#3133=VERTEX_POINT('',#9411);
#3134=VERTEX_POINT('',#9413);
#3135=VERTEX_POINT('',#9417);
#3136=VERTEX_POINT('',#9419);
#3137=VERTEX_POINT('',#9423);
#3138=VERTEX_POINT('',#9425);
#3139=VERTEX_POINT('',#9429);
#3140=VERTEX_POINT('',#9431);
#3141=VERTEX_POINT('',#9447);
#3142=VERTEX_POINT('',#9448);
#3143=VERTEX_POINT('',#9450);
#3144=VERTEX_POINT('',#9452);
#3145=VERTEX_POINT('',#9454);
#3146=VERTEX_POINT('',#9456);
#3147=VERTEX_POINT('',#9458);
#3148=VERTEX_POINT('',#9460);
#3149=VERTEX_POINT('',#9462);
#3150=VERTEX_POINT('',#9464);
#3151=VERTEX_POINT('',#9466);
#3152=VERTEX_POINT('',#9468);
#3153=VERTEX_POINT('',#9472);
#3154=VERTEX_POINT('',#9473);
#3155=VERTEX_POINT('',#9475);
#3156=VERTEX_POINT('',#9477);
#3157=VERTEX_POINT('',#9479);
#3158=VERTEX_POINT('',#9481);
#3159=VERTEX_POINT('',#9483);
#3160=VERTEX_POINT('',#9485);
#3161=VERTEX_POINT('',#9487);
#3162=VERTEX_POINT('',#9489);
#3163=VERTEX_POINT('',#9491);
#3164=VERTEX_POINT('',#9493);
#3165=VERTEX_POINT('',#9497);
#3166=VERTEX_POINT('',#9498);
#3167=VERTEX_POINT('',#9500);
#3168=VERTEX_POINT('',#9502);
#3169=VERTEX_POINT('',#9504);
#3170=VERTEX_POINT('',#9506);
#3171=VERTEX_POINT('',#9508);
#3172=VERTEX_POINT('',#9510);
#3173=VERTEX_POINT('',#9513);
#3174=VERTEX_POINT('',#9514);
#3175=VERTEX_POINT('',#9516);
#3176=VERTEX_POINT('',#9518);
#3177=VERTEX_POINT('',#9520);
#3178=VERTEX_POINT('',#9522);
#3179=VERTEX_POINT('',#9524);
#3180=VERTEX_POINT('',#9526);
#3181=VERTEX_POINT('',#9528);
#3182=VERTEX_POINT('',#9530);
#3183=VERTEX_POINT('',#9532);
#3184=VERTEX_POINT('',#9534);
#3185=VERTEX_POINT('',#9536);
#3186=VERTEX_POINT('',#9539);
#3187=VERTEX_POINT('',#9540);
#3188=VERTEX_POINT('',#9542);
#3189=VERTEX_POINT('',#9544);
#3190=VERTEX_POINT('',#9546);
#3191=VERTEX_POINT('',#9548);
#3192=VERTEX_POINT('',#9550);
#3193=VERTEX_POINT('',#9552);
#3194=VERTEX_POINT('',#9554);
#3195=VERTEX_POINT('',#9556);
#3196=VERTEX_POINT('',#9558);
#3197=VERTEX_POINT('',#9561);
#3198=VERTEX_POINT('',#9563);
#3199=VERTEX_POINT('',#9564);
#3200=VERTEX_POINT('',#9566);
#3201=VERTEX_POINT('',#9568);
#3202=VERTEX_POINT('',#9570);
#3203=VERTEX_POINT('',#9572);
#3204=VERTEX_POINT('',#9574);
#3205=VERTEX_POINT('',#9576);
#3206=VERTEX_POINT('',#9578);
#3207=VERTEX_POINT('',#9581);
#3208=VERTEX_POINT('',#9582);
#3209=VERTEX_POINT('',#9584);
#3210=VERTEX_POINT('',#9586);
#3211=VERTEX_POINT('',#9588);
#3212=VERTEX_POINT('',#9590);
#3213=VERTEX_POINT('',#9592);
#3214=VERTEX_POINT('',#9594);
#3215=VERTEX_POINT('',#9596);
#3216=VERTEX_POINT('',#9598);
#3217=VERTEX_POINT('',#9600);
#3218=VERTEX_POINT('',#9602);
#3219=VERTEX_POINT('',#9605);
#3220=VERTEX_POINT('',#9606);
#3221=VERTEX_POINT('',#9608);
#3222=VERTEX_POINT('',#9610);
#3223=VERTEX_POINT('',#9613);
#3224=VERTEX_POINT('',#9614);
#3225=VERTEX_POINT('',#9616);
#3226=VERTEX_POINT('',#9618);
#3227=VERTEX_POINT('',#9620);
#3228=VERTEX_POINT('',#9622);
#3229=VERTEX_POINT('',#9626);
#3230=VERTEX_POINT('',#9628);
#3231=VERTEX_POINT('',#9631);
#3232=VERTEX_POINT('',#9632);
#3233=VERTEX_POINT('',#9634);
#3234=VERTEX_POINT('',#9636);
#3235=VERTEX_POINT('',#9638);
#3236=VERTEX_POINT('',#9640);
#3237=VERTEX_POINT('',#9642);
#3238=VERTEX_POINT('',#9644);
#3239=VERTEX_POINT('',#9648);
#3240=VERTEX_POINT('',#9649);
#3241=VERTEX_POINT('',#9651);
#3242=VERTEX_POINT('',#9653);
#3243=VERTEX_POINT('',#9656);
#3244=VERTEX_POINT('',#9658);
#3245=VERTEX_POINT('',#9663);
#3246=VERTEX_POINT('',#9665);
#3247=VERTEX_POINT('',#9670);
#3248=VERTEX_POINT('',#9672);
#3249=VERTEX_POINT('',#9675);
#3250=VERTEX_POINT('',#9677);
#3251=VERTEX_POINT('',#9679);
#3252=VERTEX_POINT('',#9681);
#3253=VERTEX_POINT('',#9683);
#3254=VERTEX_POINT('',#9685);
#3255=VERTEX_POINT('',#9689);
#3256=VERTEX_POINT('',#9691);
#3257=VERTEX_POINT('',#9697);
#3258=VERTEX_POINT('',#9701);
#3259=VERTEX_POINT('',#9703);
#3260=VERTEX_POINT('',#9707);
#3261=VERTEX_POINT('',#9708);
#3262=VERTEX_POINT('',#9713);
#3263=VERTEX_POINT('',#9717);
#3264=VERTEX_POINT('',#9718);
#3265=VERTEX_POINT('',#9723);
#3266=VERTEX_POINT('',#9727);
#3267=VERTEX_POINT('',#9733);
#3268=VERTEX_POINT('',#9737);
#3269=VERTEX_POINT('',#9739);
#3270=VERTEX_POINT('',#9742);
#3271=VERTEX_POINT('',#9748);
#3272=VERTEX_POINT('',#9749);
#3273=VERTEX_POINT('',#9751);
#3274=VERTEX_POINT('',#9753);
#3275=VERTEX_POINT('',#9755);
#3276=VERTEX_POINT('',#9757);
#3277=VERTEX_POINT('',#9759);
#3278=VERTEX_POINT('',#9761);
#3279=VERTEX_POINT('',#9765);
#3280=VERTEX_POINT('',#9766);
#3281=VERTEX_POINT('',#9768);
#3282=VERTEX_POINT('',#9770);
#3283=VERTEX_POINT('',#9772);
#3284=VERTEX_POINT('',#9774);
#3285=VERTEX_POINT('',#9776);
#3286=VERTEX_POINT('',#9778);
#3287=VERTEX_POINT('',#9780);
#3288=VERTEX_POINT('',#9783);
#3289=VERTEX_POINT('',#9786);
#3290=VERTEX_POINT('',#9788);
#3291=VERTEX_POINT('',#9792);
#3292=VERTEX_POINT('',#9796);
#3293=VERTEX_POINT('',#9798);
#3294=VERTEX_POINT('',#9804);
#3295=VERTEX_POINT('',#9808);
#3296=VERTEX_POINT('',#9812);
#3297=VERTEX_POINT('',#9824);
#3298=VERTEX_POINT('',#9827);
#3299=VERTEX_POINT('',#9844);
#3300=VERTEX_POINT('',#9858);
#3301=VERTEX_POINT('',#9862);
#3302=VERTEX_POINT('',#9866);
#3303=VERTEX_POINT('',#9872);
#3304=VERTEX_POINT('',#9876);
#3305=VERTEX_POINT('',#9880);
#3306=VERTEX_POINT('',#9884);
#3307=VERTEX_POINT('',#9890);
#3308=VERTEX_POINT('',#9896);
#3309=VERTEX_POINT('',#9906);
#3310=VERTEX_POINT('',#9907);
#3311=VERTEX_POINT('',#9909);
#3312=VERTEX_POINT('',#9911);
#3313=VERTEX_POINT('',#9913);
#3314=VERTEX_POINT('',#9915);
#3315=VERTEX_POINT('',#9917);
#3316=VERTEX_POINT('',#9919);
#3317=VERTEX_POINT('',#9921);
#3318=VERTEX_POINT('',#9924);
#3319=VERTEX_POINT('',#9925);
#3320=VERTEX_POINT('',#9927);
#3321=VERTEX_POINT('',#9929);
#3322=VERTEX_POINT('',#9931);
#3323=VERTEX_POINT('',#9933);
#3324=VERTEX_POINT('',#9935);
#3325=VERTEX_POINT('',#9937);
#3326=VERTEX_POINT('',#9939);
#3327=VERTEX_POINT('',#9979);
#3328=VERTEX_POINT('',#9981);
#3329=VERTEX_POINT('',#9986);
#3330=VERTEX_POINT('',#9987);
#3331=VERTEX_POINT('',#9992);
#3332=VERTEX_POINT('',#9996);
#3333=VERTEX_POINT('',#10000);
#3334=VERTEX_POINT('',#10004);
#3335=VERTEX_POINT('',#10008);
#3336=VERTEX_POINT('',#10012);
#3337=VERTEX_POINT('',#10016);
#3338=VERTEX_POINT('',#10020);
#3339=VERTEX_POINT('',#10024);
#3340=VERTEX_POINT('',#10031);
#3341=VERTEX_POINT('',#10033);
#3342=VERTEX_POINT('',#10037);
#3343=VERTEX_POINT('',#10041);
#3344=VERTEX_POINT('',#10045);
#3345=VERTEX_POINT('',#10049);
#3346=VERTEX_POINT('',#10053);
#3347=VERTEX_POINT('',#10057);
#3348=VERTEX_POINT('',#10061);
#3349=VERTEX_POINT('',#10065);
#3350=VERTEX_POINT('',#10069);
#3351=VERTEX_POINT('',#10073);
#3352=VERTEX_POINT('',#10080);
#3353=VERTEX_POINT('',#10081);
#3354=VERTEX_POINT('',#10086);
#3355=VERTEX_POINT('',#10090);
#3356=VERTEX_POINT('',#10094);
#3357=VERTEX_POINT('',#10098);
#3358=VERTEX_POINT('',#10102);
#3359=VERTEX_POINT('',#10106);
#3360=VERTEX_POINT('',#10110);
#3361=VERTEX_POINT('',#10114);
#3362=VERTEX_POINT('',#10118);
#3363=VERTEX_POINT('',#10122);
#3364=VERTEX_POINT('',#10126);
#3365=VERTEX_POINT('',#10133);
#3366=VERTEX_POINT('',#10134);
#3367=VERTEX_POINT('',#10139);
#3368=VERTEX_POINT('',#10143);
#3369=VERTEX_POINT('',#10147);
#3370=VERTEX_POINT('',#10151);
#3371=VERTEX_POINT('',#10155);
#3372=VERTEX_POINT('',#10159);
#3373=VERTEX_POINT('',#10166);
#3374=VERTEX_POINT('',#10168);
#3375=VERTEX_POINT('',#10172);
#3376=VERTEX_POINT('',#10176);
#3377=VERTEX_POINT('',#10183);
#3378=VERTEX_POINT('',#10185);
#3379=VERTEX_POINT('',#10189);
#3380=VERTEX_POINT('',#10193);
#3381=VERTEX_POINT('',#10197);
#3382=VERTEX_POINT('',#10201);
#3383=VERTEX_POINT('',#10208);
#3384=VERTEX_POINT('',#10210);
#3385=VERTEX_POINT('',#10214);
#3386=VERTEX_POINT('',#10216);
#3387=VERTEX_POINT('',#10225);
#3388=VERTEX_POINT('',#10227);
#3389=VERTEX_POINT('',#10231);
#3390=VERTEX_POINT('',#10233);
#3391=VERTEX_POINT('',#10242);
#3392=VERTEX_POINT('',#10244);
#3393=VERTEX_POINT('',#10248);
#3394=VERTEX_POINT('',#10250);
#3395=VERTEX_POINT('',#10259);
#3396=VERTEX_POINT('',#10261);
#3397=VERTEX_POINT('',#10265);
#3398=VERTEX_POINT('',#10267);
#3399=VERTEX_POINT('',#10277);
#3400=VERTEX_POINT('',#10278);
#3401=VERTEX_POINT('',#10280);
#3402=VERTEX_POINT('',#10282);
#3403=VERTEX_POINT('',#10286);
#3404=VERTEX_POINT('',#10288);
#3405=VERTEX_POINT('',#10292);
#3406=VERTEX_POINT('',#10294);
#3407=VERTEX_POINT('',#10298);
#3408=VERTEX_POINT('',#10299);
#3409=VERTEX_POINT('',#10304);
#3410=VERTEX_POINT('',#10306);
#3411=VERTEX_POINT('',#10310);
#3412=VERTEX_POINT('',#10312);
#3413=VERTEX_POINT('',#10316);
#3414=VERTEX_POINT('',#10318);
#3415=VERTEX_POINT('',#10322);
#3416=VERTEX_POINT('',#10324);
#3417=VERTEX_POINT('',#10328);
#3418=VERTEX_POINT('',#10329);
#3419=VERTEX_POINT('',#10331);
#3420=VERTEX_POINT('',#10333);
#3421=VERTEX_POINT('',#10337);
#3422=VERTEX_POINT('',#10338);
#3423=VERTEX_POINT('',#10343);
#3424=VERTEX_POINT('',#10344);
#3425=VERTEX_POINT('',#10349);
#3426=VERTEX_POINT('',#10350);
#3427=VERTEX_POINT('',#10355);
#3428=VERTEX_POINT('',#10356);
#3429=VERTEX_POINT('',#10361);
#3430=VERTEX_POINT('',#10363);
#3431=VERTEX_POINT('',#10367);
#3432=VERTEX_POINT('',#10368);
#3433=VERTEX_POINT('',#10373);
#3434=VERTEX_POINT('',#10374);
#3435=LINE('',#8594,#4155);
#3436=LINE('',#8597,#4156);
#3437=LINE('',#8599,#4157);
#3438=LINE('',#8601,#4158);
#3439=LINE('',#8603,#4159);
#3440=LINE('',#8606,#4160);
#3441=LINE('',#8607,#4161);
#3442=LINE('',#8609,#4162);
#3443=LINE('',#8612,#4163);
#3444=LINE('',#8613,#4164);
#3445=LINE('',#8615,#4165);
#3446=LINE('',#8618,#4166);
#3447=LINE('',#8619,#4167);
#3448=LINE('',#8621,#4168);
#3449=LINE('',#8624,#4169);
#3450=LINE('',#8625,#4170);
#3451=LINE('',#8627,#4171);
#3452=LINE('',#8629,#4172);
#3453=LINE('',#8631,#4173);
#3454=LINE('',#8633,#4174);
#3455=LINE('',#8635,#4175);
#3456=LINE('',#8637,#4176);
#3457=LINE('',#8639,#4177);
#3458=LINE('',#8641,#4178);
#3459=LINE('',#8645,#4179);
#3460=LINE('',#8648,#4180);
#3461=LINE('',#8650,#4181);
#3462=LINE('',#8652,#4182);
#3463=LINE('',#8654,#4183);
#3464=LINE('',#8657,#4184);
#3465=LINE('',#8659,#4185);
#3466=LINE('',#8661,#4186);
#3467=LINE('',#8663,#4187);
#3468=LINE('',#8666,#4188);
#3469=LINE('',#8668,#4189);
#3470=LINE('',#8670,#4190);
#3471=LINE('',#8672,#4191);
#3472=LINE('',#8675,#4192);
#3473=LINE('',#8677,#4193);
#3474=LINE('',#8682,#4194);
#3475=LINE('',#8687,#4195);
#3476=LINE('',#8690,#4196);
#3477=LINE('',#8692,#4197);
#3478=LINE('',#8694,#4198);
#3479=LINE('',#8696,#4199);
#3480=LINE('',#8698,#4200);
#3481=LINE('',#8700,#4201);
#3482=LINE('',#8703,#4202);
#3483=LINE('',#8705,#4203);
#3484=LINE('',#8707,#4204);
#3485=LINE('',#8709,#4205);
#3486=LINE('',#8714,#4206);
#3487=LINE('',#8718,#4207);
#3488=LINE('',#8722,#4208);
#3489=LINE('',#8726,#4209);
#3490=LINE('',#8730,#4210);
#3491=LINE('',#8733,#4211);
#3492=LINE('',#8737,#4212);
#3493=LINE('',#8739,#4213);
#3494=LINE('',#8740,#4214);
#3495=LINE('',#8742,#4215);
#3496=LINE('',#8747,#4216);
#3497=LINE('',#8752,#4217);
#3498=LINE('',#8754,#4218);
#3499=LINE('',#8756,#4219);
#3500=LINE('',#8759,#4220);
#3501=LINE('',#8761,#4221);
#3502=LINE('',#8763,#4222);
#3503=LINE('',#8764,#4223);
#3504=LINE('',#8767,#4224);
#3505=LINE('',#8769,#4225);
#3506=LINE('',#8771,#4226);
#3507=LINE('',#8772,#4227);
#3508=LINE('',#8775,#4228);
#3509=LINE('',#8777,#4229);
#3510=LINE('',#8779,#4230);
#3511=LINE('',#8780,#4231);
#3512=LINE('',#8782,#4232);
#3513=LINE('',#8784,#4233);
#3514=LINE('',#8786,#4234);
#3515=LINE('',#8789,#4235);
#3516=LINE('',#8791,#4236);
#3517=LINE('',#8792,#4237);
#3518=LINE('',#8794,#4238);
#3519=LINE('',#8800,#4239);
#3520=LINE('',#8802,#4240);
#3521=LINE('',#8804,#4241);
#3522=LINE('',#8808,#4242);
#3523=LINE('',#8810,#4243);
#3524=LINE('',#8812,#4244);
#3525=LINE('',#8816,#4245);
#3526=LINE('',#8818,#4246);
#3527=LINE('',#8820,#4247);
#3528=LINE('',#8823,#4248);
#3529=LINE('',#8824,#4249);
#3530=LINE('',#8826,#4250);
#3531=LINE('',#8829,#4251);
#3532=LINE('',#8830,#4252);
#3533=LINE('',#8832,#4253);
#3534=LINE('',#8835,#4254);
#3535=LINE('',#8837,#4255);
#3536=LINE('',#8841,#4256);
#3537=LINE('',#8845,#4257);
#3538=LINE('',#8848,#4258);
#3539=LINE('',#8850,#4259);
#3540=LINE('',#8852,#4260);
#3541=LINE('',#8854,#4261);
#3542=LINE('',#8857,#4262);
#3543=LINE('',#8861,#4263);
#3544=LINE('',#8863,#4264);
#3545=LINE('',#8865,#4265);
#3546=LINE('',#8867,#4266);
#3547=LINE('',#8869,#4267);
#3548=LINE('',#8872,#4268);
#3549=LINE('',#8874,#4269);
#3550=LINE('',#8876,#4270);
#3551=LINE('',#8877,#4271);
#3552=LINE('',#8880,#4272);
#3553=LINE('',#8882,#4273);
#3554=LINE('',#8884,#4274);
#3555=LINE('',#8885,#4275);
#3556=LINE('',#8888,#4276);
#3557=LINE('',#8890,#4277);
#3558=LINE('',#8892,#4278);
#3559=LINE('',#8893,#4279);
#3560=LINE('',#8895,#4280);
#3561=LINE('',#8897,#4281);
#3562=LINE('',#8899,#4282);
#3563=LINE('',#8902,#4283);
#3564=LINE('',#8904,#4284);
#3565=LINE('',#8906,#4285);
#3566=LINE('',#8908,#4286);
#3567=LINE('',#8910,#4287);
#3568=LINE('',#8912,#4288);
#3569=LINE('',#8914,#4289);
#3570=LINE('',#8917,#4290);
#3571=LINE('',#8919,#4291);
#3572=LINE('',#8922,#4292);
#3573=LINE('',#8926,#4293);
#3574=LINE('',#8928,#4294);
#3575=LINE('',#8930,#4295);
#3576=LINE('',#8931,#4296);
#3577=LINE('',#8932,#4297);
#3578=LINE('',#8936,#4298);
#3579=LINE('',#8938,#4299);
#3580=LINE('',#8940,#4300);
#3581=LINE('',#8943,#4301);
#3582=LINE('',#8946,#4302);
#3583=LINE('',#8947,#4303);
#3584=LINE('',#9012,#4304);
#3585=LINE('',#9013,#4305);
#3586=LINE('',#9015,#4306);
#3587=LINE('',#9017,#4307);
#3588=LINE('',#9020,#4308);
#3589=LINE('',#9021,#4309);
#3590=LINE('',#9023,#4310);
#3591=LINE('',#9025,#4311);
#3592=LINE('',#9028,#4312);
#3593=LINE('',#9029,#4313);
#3594=LINE('',#9031,#4314);
#3595=LINE('',#9033,#4315);
#3596=LINE('',#9050,#4316);
#3597=LINE('',#9053,#4317);
#3598=LINE('',#9055,#4318);
#3599=LINE('',#9057,#4319);
#3600=LINE('',#9059,#4320);
#3601=LINE('',#9062,#4321);
#3602=LINE('',#9063,#4322);
#3603=LINE('',#9065,#4323);
#3604=LINE('',#9068,#4324);
#3605=LINE('',#9069,#4325);
#3606=LINE('',#9071,#4326);
#3607=LINE('',#9074,#4327);
#3608=LINE('',#9075,#4328);
#3609=LINE('',#9077,#4329);
#3610=LINE('',#9079,#4330);
#3611=LINE('',#9081,#4331);
#3612=LINE('',#9083,#4332);
#3613=LINE('',#9085,#4333);
#3614=LINE('',#9087,#4334);
#3615=LINE('',#9089,#4335);
#3616=LINE('',#9091,#4336);
#3617=LINE('',#9093,#4337);
#3618=LINE('',#9095,#4338);
#3619=LINE('',#9097,#4339);
#3620=LINE('',#9099,#4340);
#3621=LINE('',#9101,#4341);
#3622=LINE('',#9103,#4342);
#3623=LINE('',#9105,#4343);
#3624=LINE('',#9107,#4344);
#3625=LINE('',#9109,#4345);
#3626=LINE('',#9111,#4346);
#3627=LINE('',#9113,#4347);
#3628=LINE('',#9115,#4348);
#3629=LINE('',#9117,#4349);
#3630=LINE('',#9119,#4350);
#3631=LINE('',#9121,#4351);
#3632=LINE('',#9123,#4352);
#3633=LINE('',#9125,#4353);
#3634=LINE('',#9126,#4354);
#3635=LINE('',#9131,#4355);
#3636=LINE('',#9134,#4356);
#3637=LINE('',#9136,#4357);
#3638=LINE('',#9138,#4358);
#3639=LINE('',#9140,#4359);
#3640=LINE('',#9142,#4360);
#3641=LINE('',#9144,#4361);
#3642=LINE('',#9146,#4362);
#3643=LINE('',#9148,#4363);
#3644=LINE('',#9150,#4364);
#3645=LINE('',#9152,#4365);
#3646=LINE('',#9154,#4366);
#3647=LINE('',#9156,#4367);
#3648=LINE('',#9158,#4368);
#3649=LINE('',#9160,#4369);
#3650=LINE('',#9162,#4370);
#3651=LINE('',#9164,#4371);
#3652=LINE('',#9165,#4372);
#3653=LINE('',#9170,#4373);
#3654=LINE('',#9173,#4374);
#3655=LINE('',#9175,#4375);
#3656=LINE('',#9177,#4376);
#3657=LINE('',#9179,#4377);
#3658=LINE('',#9181,#4378);
#3659=LINE('',#9183,#4379);
#3660=LINE('',#9185,#4380);
#3661=LINE('',#9187,#4381);
#3662=LINE('',#9189,#4382);
#3663=LINE('',#9191,#4383);
#3664=LINE('',#9193,#4384);
#3665=LINE('',#9195,#4385);
#3666=LINE('',#9197,#4386);
#3667=LINE('',#9199,#4387);
#3668=LINE('',#9201,#4388);
#3669=LINE('',#9203,#4389);
#3670=LINE('',#9205,#4390);
#3671=LINE('',#9207,#4391);
#3672=LINE('',#9209,#4392);
#3673=LINE('',#9211,#4393);
#3674=LINE('',#9213,#4394);
#3675=LINE('',#9215,#4395);
#3676=LINE('',#9217,#4396);
#3677=LINE('',#9219,#4397);
#3678=LINE('',#9221,#4398);
#3679=LINE('',#9224,#4399);
#3680=LINE('',#9225,#4400);
#3681=LINE('',#9227,#4401);
#3682=LINE('',#9229,#4402);
#3683=LINE('',#9231,#4403);
#3684=LINE('',#9233,#4404);
#3685=LINE('',#9235,#4405);
#3686=LINE('',#9237,#4406);
#3687=LINE('',#9239,#4407);
#3688=LINE('',#9240,#4408);
#3689=LINE('',#9245,#4409);
#3690=LINE('',#9248,#4410);
#3691=LINE('',#9250,#4411);
#3692=LINE('',#9252,#4412);
#3693=LINE('',#9254,#4413);
#3694=LINE('',#9256,#4414);
#3695=LINE('',#9258,#4415);
#3696=LINE('',#9260,#4416);
#3697=LINE('',#9262,#4417);
#3698=LINE('',#9264,#4418);
#3699=LINE('',#9266,#4419);
#3700=LINE('',#9267,#4420);
#3701=LINE('',#9272,#4421);
#3702=LINE('',#9275,#4422);
#3703=LINE('',#9277,#4423);
#3704=LINE('',#9279,#4424);
#3705=LINE('',#9281,#4425);
#3706=LINE('',#9284,#4426);
#3707=LINE('',#9285,#4427);
#3708=LINE('',#9287,#4428);
#3709=LINE('',#9290,#4429);
#3710=LINE('',#9291,#4430);
#3711=LINE('',#9293,#4431);
#3712=LINE('',#9296,#4432);
#3713=LINE('',#9297,#4433);
#3714=LINE('',#9299,#4434);
#3715=LINE('',#9302,#4435);
#3716=LINE('',#9303,#4436);
#3717=LINE('',#9305,#4437);
#3718=LINE('',#9308,#4438);
#3719=LINE('',#9309,#4439);
#3720=LINE('',#9311,#4440);
#3721=LINE('',#9314,#4441);
#3722=LINE('',#9315,#4442);
#3723=LINE('',#9317,#4443);
#3724=LINE('',#9320,#4444);
#3725=LINE('',#9321,#4445);
#3726=LINE('',#9323,#4446);
#3727=LINE('',#9325,#4447);
#3728=LINE('',#9327,#4448);
#3729=LINE('',#9329,#4449);
#3730=LINE('',#9331,#4450);
#3731=LINE('',#9333,#4451);
#3732=LINE('',#9335,#4452);
#3733=LINE('',#9337,#4453);
#3734=LINE('',#9344,#4454);
#3735=LINE('',#9348,#4455);
#3736=LINE('',#9350,#4456);
#3737=LINE('',#9352,#4457);
#3738=LINE('',#9354,#4458);
#3739=LINE('',#9360,#4459);
#3740=LINE('',#9362,#4460);
#3741=LINE('',#9364,#4461);
#3742=LINE('',#9366,#4462);
#3743=LINE('',#9368,#4463);
#3744=LINE('',#9370,#4464);
#3745=LINE('',#9372,#4465);
#3746=LINE('',#9374,#4466);
#3747=LINE('',#9376,#4467);
#3748=LINE('',#9378,#4468);
#3749=LINE('',#9380,#4469);
#3750=LINE('',#9383,#4470);
#3751=LINE('',#9385,#4471);
#3752=LINE('',#9387,#4472);
#3753=LINE('',#9389,#4473);
#3754=LINE('',#9392,#4474);
#3755=LINE('',#9394,#4475);
#3756=LINE('',#9396,#4476);
#3757=LINE('',#9398,#4477);
#3758=LINE('',#9400,#4478);
#3759=LINE('',#9402,#4479);
#3760=LINE('',#9404,#4480);
#3761=LINE('',#9406,#4481);
#3762=LINE('',#9408,#4482);
#3763=LINE('',#9410,#4483);
#3764=LINE('',#9412,#4484);
#3765=LINE('',#9414,#4485);
#3766=LINE('',#9416,#4486);
#3767=LINE('',#9418,#4487);
#3768=LINE('',#9420,#4488);
#3769=LINE('',#9426,#4489);
#3770=LINE('',#9428,#4490);
#3771=LINE('',#9430,#4491);
#3772=LINE('',#9432,#4492);
#3773=LINE('',#9437,#4493);
#3774=LINE('',#9438,#4494);
#3775=LINE('',#9446,#4495);
#3776=LINE('',#9449,#4496);
#3777=LINE('',#9451,#4497);
#3778=LINE('',#9453,#4498);
#3779=LINE('',#9455,#4499);
#3780=LINE('',#9457,#4500);
#3781=LINE('',#9459,#4501);
#3782=LINE('',#9461,#4502);
#3783=LINE('',#9463,#4503);
#3784=LINE('',#9465,#4504);
#3785=LINE('',#9467,#4505);
#3786=LINE('',#9469,#4506);
#3787=LINE('',#9471,#4507);
#3788=LINE('',#9474,#4508);
#3789=LINE('',#9476,#4509);
#3790=LINE('',#9478,#4510);
#3791=LINE('',#9480,#4511);
#3792=LINE('',#9482,#4512);
#3793=LINE('',#9484,#4513);
#3794=LINE('',#9486,#4514);
#3795=LINE('',#9488,#4515);
#3796=LINE('',#9490,#4516);
#3797=LINE('',#9492,#4517);
#3798=LINE('',#9494,#4518);
#3799=LINE('',#9496,#4519);
#3800=LINE('',#9499,#4520);
#3801=LINE('',#9501,#4521);
#3802=LINE('',#9503,#4522);
#3803=LINE('',#9505,#4523);
#3804=LINE('',#9507,#4524);
#3805=LINE('',#9509,#4525);
#3806=LINE('',#9511,#4526);
#3807=LINE('',#9512,#4527);
#3808=LINE('',#9515,#4528);
#3809=LINE('',#9517,#4529);
#3810=LINE('',#9519,#4530);
#3811=LINE('',#9521,#4531);
#3812=LINE('',#9523,#4532);
#3813=LINE('',#9525,#4533);
#3814=LINE('',#9527,#4534);
#3815=LINE('',#9529,#4535);
#3816=LINE('',#9531,#4536);
#3817=LINE('',#9533,#4537);
#3818=LINE('',#9535,#4538);
#3819=LINE('',#9537,#4539);
#3820=LINE('',#9538,#4540);
#3821=LINE('',#9541,#4541);
#3822=LINE('',#9543,#4542);
#3823=LINE('',#9545,#4543);
#3824=LINE('',#9547,#4544);
#3825=LINE('',#9549,#4545);
#3826=LINE('',#9551,#4546);
#3827=LINE('',#9553,#4547);
#3828=LINE('',#9555,#4548);
#3829=LINE('',#9557,#4549);
#3830=LINE('',#9559,#4550);
#3831=LINE('',#9562,#4551);
#3832=LINE('',#9565,#4552);
#3833=LINE('',#9569,#4553);
#3834=LINE('',#9573,#4554);
#3835=LINE('',#9575,#4555);
#3836=LINE('',#9577,#4556);
#3837=LINE('',#9580,#4557);
#3838=LINE('',#9583,#4558);
#3839=LINE('',#9585,#4559);
#3840=LINE('',#9587,#4560);
#3841=LINE('',#9589,#4561);
#3842=LINE('',#9591,#4562);
#3843=LINE('',#9593,#4563);
#3844=LINE('',#9595,#4564);
#3845=LINE('',#9597,#4565);
#3846=LINE('',#9599,#4566);
#3847=LINE('',#9601,#4567);
#3848=LINE('',#9603,#4568);
#3849=LINE('',#9604,#4569);
#3850=LINE('',#9607,#4570);
#3851=LINE('',#9609,#4571);
#3852=LINE('',#9611,#4572);
#3853=LINE('',#9612,#4573);
#3854=LINE('',#9615,#4574);
#3855=LINE('',#9617,#4575);
#3856=LINE('',#9619,#4576);
#3857=LINE('',#9621,#4577);
#3858=LINE('',#9623,#4578);
#3859=LINE('',#9630,#4579);
#3860=LINE('',#9633,#4580);
#3861=LINE('',#9635,#4581);
#3862=LINE('',#9637,#4582);
#3863=LINE('',#9639,#4583);
#3864=LINE('',#9641,#4584);
#3865=LINE('',#9643,#4585);
#3866=LINE('',#9645,#4586);
#3867=LINE('',#9647,#4587);
#3868=LINE('',#9652,#4588);
#3869=LINE('',#9655,#4589);
#3870=LINE('',#9657,#4590);
#3871=LINE('',#9660,#4591);
#3872=LINE('',#9661,#4592);
#3873=LINE('',#9662,#4593);
#3874=LINE('',#9664,#4594);
#3875=LINE('',#9666,#4595);
#3876=LINE('',#9667,#4596);
#3877=LINE('',#9668,#4597);
#3878=LINE('',#9671,#4598);
#3879=LINE('',#9673,#4599);
#3880=LINE('',#9676,#4600);
#3881=LINE('',#9680,#4601);
#3882=LINE('',#9684,#4602);
#3883=LINE('',#9688,#4603);
#3884=LINE('',#9690,#4604);
#3885=LINE('',#9692,#4605);
#3886=LINE('',#9698,#4606);
#3887=LINE('',#9700,#4607);
#3888=LINE('',#9702,#4608);
#3889=LINE('',#9704,#4609);
#3890=LINE('',#9706,#4610);
#3891=LINE('',#9709,#4611);
#3892=LINE('',#9710,#4612);
#3893=LINE('',#9712,#4613);
#3894=LINE('',#9714,#4614);
#3895=LINE('',#9716,#4615);
#3896=LINE('',#9719,#4616);
#3897=LINE('',#9720,#4617);
#3898=LINE('',#9722,#4618);
#3899=LINE('',#9724,#4619);
#3900=LINE('',#9726,#4620);
#3901=LINE('',#9728,#4621);
#3902=LINE('',#9730,#4622);
#3903=LINE('',#9732,#4623);
#3904=LINE('',#9736,#4624);
#3905=LINE('',#9738,#4625);
#3906=LINE('',#9740,#4626);
#3907=LINE('',#9741,#4627);
#3908=LINE('',#9743,#4628);
#3909=LINE('',#9750,#4629);
#3910=LINE('',#9754,#4630);
#3911=LINE('',#9756,#4631);
#3912=LINE('',#9758,#4632);
#3913=LINE('',#9760,#4633);
#3914=LINE('',#9762,#4634);
#3915=LINE('',#9764,#4635);
#3916=LINE('',#9767,#4636);
#3917=LINE('',#9771,#4637);
#3918=LINE('',#9775,#4638);
#3919=LINE('',#9777,#4639);
#3920=LINE('',#9781,#4640);
#3921=LINE('',#9785,#4641);
#3922=LINE('',#9787,#4642);
#3923=LINE('',#9789,#4643);
#3924=LINE('',#9791,#4644);
#3925=LINE('',#9793,#4645);
#3926=LINE('',#9795,#4646);
#3927=LINE('',#9797,#4647);
#3928=LINE('',#9799,#4648);
#3929=LINE('',#9801,#4649);
#3930=LINE('',#9805,#4650);
#3931=LINE('',#9807,#4651);
#3932=LINE('',#9809,#4652);
#3933=LINE('',#9813,#4653);
#3934=LINE('',#9815,#4654);
#3935=LINE('',#9818,#4655);
#3936=LINE('',#9820,#4656);
#3937=LINE('',#9863,#4657);
#3938=LINE('',#9865,#4658);
#3939=LINE('',#9881,#4659);
#3940=LINE('',#9883,#4660);
#3941=LINE('',#9897,#4661);
#3942=LINE('',#9899,#4662);
#3943=LINE('',#9905,#4663);
#3944=LINE('',#9910,#4664);
#3945=LINE('',#9912,#4665);
#3946=LINE('',#9914,#4666);
#3947=LINE('',#9918,#4667);
#3948=LINE('',#9920,#4668);
#3949=LINE('',#9926,#4669);
#3950=LINE('',#9928,#4670);
#3951=LINE('',#9932,#4671);
#3952=LINE('',#9934,#4672);
#3953=LINE('',#9936,#4673);
#3954=LINE('',#9940,#4674);
#3955=LINE('',#9942,#4675);
#3956=LINE('',#9943,#4676);
#3957=LINE('',#9945,#4677);
#3958=LINE('',#9946,#4678);
#3959=LINE('',#9948,#4679);
#3960=LINE('',#9950,#4680);
#3961=LINE('',#9952,#4681);
#3962=LINE('',#9954,#4682);
#3963=LINE('',#9956,#4683);
#3964=LINE('',#9958,#4684);
#3965=LINE('',#9960,#4685);
#3966=LINE('',#9963,#4686);
#3967=LINE('',#9965,#4687);
#3968=LINE('',#9967,#4688);
#3969=LINE('',#9969,#4689);
#3970=LINE('',#9971,#4690);
#3971=LINE('',#9973,#4691);
#3972=LINE('',#9975,#4692);
#3973=LINE('',#9985,#4693);
#3974=LINE('',#9988,#4694);
#3975=LINE('',#9989,#4695);
#3976=LINE('',#9991,#4696);
#3977=LINE('',#9993,#4697);
#3978=LINE('',#9995,#4698);
#3979=LINE('',#9997,#4699);
#3980=LINE('',#9999,#4700);
#3981=LINE('',#10001,#4701);
#3982=LINE('',#10003,#4702);
#3983=LINE('',#10005,#4703);
#3984=LINE('',#10007,#4704);
#3985=LINE('',#10009,#4705);
#3986=LINE('',#10011,#4706);
#3987=LINE('',#10013,#4707);
#3988=LINE('',#10015,#4708);
#3989=LINE('',#10017,#4709);
#3990=LINE('',#10019,#4710);
#3991=LINE('',#10021,#4711);
#3992=LINE('',#10023,#4712);
#3993=LINE('',#10025,#4713);
#3994=LINE('',#10027,#4714);
#3995=LINE('',#10030,#4715);
#3996=LINE('',#10032,#4716);
#3997=LINE('',#10034,#4717);
#3998=LINE('',#10036,#4718);
#3999=LINE('',#10038,#4719);
#4000=LINE('',#10040,#4720);
#4001=LINE('',#10042,#4721);
#4002=LINE('',#10044,#4722);
#4003=LINE('',#10046,#4723);
#4004=LINE('',#10048,#4724);
#4005=LINE('',#10050,#4725);
#4006=LINE('',#10052,#4726);
#4007=LINE('',#10054,#4727);
#4008=LINE('',#10056,#4728);
#4009=LINE('',#10058,#4729);
#4010=LINE('',#10060,#4730);
#4011=LINE('',#10062,#4731);
#4012=LINE('',#10064,#4732);
#4013=LINE('',#10066,#4733);
#4014=LINE('',#10068,#4734);
#4015=LINE('',#10070,#4735);
#4016=LINE('',#10072,#4736);
#4017=LINE('',#10074,#4737);
#4018=LINE('',#10076,#4738);
#4019=LINE('',#10079,#4739);
#4020=LINE('',#10082,#4740);
#4021=LINE('',#10083,#4741);
#4022=LINE('',#10085,#4742);
#4023=LINE('',#10087,#4743);
#4024=LINE('',#10089,#4744);
#4025=LINE('',#10091,#4745);
#4026=LINE('',#10093,#4746);
#4027=LINE('',#10095,#4747);
#4028=LINE('',#10097,#4748);
#4029=LINE('',#10099,#4749);
#4030=LINE('',#10101,#4750);
#4031=LINE('',#10103,#4751);
#4032=LINE('',#10105,#4752);
#4033=LINE('',#10107,#4753);
#4034=LINE('',#10109,#4754);
#4035=LINE('',#10111,#4755);
#4036=LINE('',#10113,#4756);
#4037=LINE('',#10115,#4757);
#4038=LINE('',#10117,#4758);
#4039=LINE('',#10119,#4759);
#4040=LINE('',#10121,#4760);
#4041=LINE('',#10123,#4761);
#4042=LINE('',#10125,#4762);
#4043=LINE('',#10127,#4763);
#4044=LINE('',#10129,#4764);
#4045=LINE('',#10132,#4765);
#4046=LINE('',#10135,#4766);
#4047=LINE('',#10136,#4767);
#4048=LINE('',#10138,#4768);
#4049=LINE('',#10140,#4769);
#4050=LINE('',#10142,#4770);
#4051=LINE('',#10144,#4771);
#4052=LINE('',#10146,#4772);
#4053=LINE('',#10148,#4773);
#4054=LINE('',#10150,#4774);
#4055=LINE('',#10152,#4775);
#4056=LINE('',#10154,#4776);
#4057=LINE('',#10156,#4777);
#4058=LINE('',#10158,#4778);
#4059=LINE('',#10160,#4779);
#4060=LINE('',#10162,#4780);
#4061=LINE('',#10165,#4781);
#4062=LINE('',#10167,#4782);
#4063=LINE('',#10169,#4783);
#4064=LINE('',#10171,#4784);
#4065=LINE('',#10173,#4785);
#4066=LINE('',#10175,#4786);
#4067=LINE('',#10177,#4787);
#4068=LINE('',#10179,#4788);
#4069=LINE('',#10182,#4789);
#4070=LINE('',#10184,#4790);
#4071=LINE('',#10186,#4791);
#4072=LINE('',#10188,#4792);
#4073=LINE('',#10190,#4793);
#4074=LINE('',#10192,#4794);
#4075=LINE('',#10194,#4795);
#4076=LINE('',#10196,#4796);
#4077=LINE('',#10198,#4797);
#4078=LINE('',#10200,#4798);
#4079=LINE('',#10202,#4799);
#4080=LINE('',#10204,#4800);
#4081=LINE('',#10207,#4801);
#4082=LINE('',#10209,#4802);
#4083=LINE('',#10211,#4803);
#4084=LINE('',#10213,#4804);
#4085=LINE('',#10215,#4805);
#4086=LINE('',#10217,#4806);
#4087=LINE('',#10219,#4807);
#4088=LINE('',#10220,#4808);
#4089=LINE('',#10224,#4809);
#4090=LINE('',#10226,#4810);
#4091=LINE('',#10228,#4811);
#4092=LINE('',#10230,#4812);
#4093=LINE('',#10232,#4813);
#4094=LINE('',#10234,#4814);
#4095=LINE('',#10236,#4815);
#4096=LINE('',#10237,#4816);
#4097=LINE('',#10241,#4817);
#4098=LINE('',#10243,#4818);
#4099=LINE('',#10245,#4819);
#4100=LINE('',#10247,#4820);
#4101=LINE('',#10249,#4821);
#4102=LINE('',#10251,#4822);
#4103=LINE('',#10253,#4823);
#4104=LINE('',#10254,#4824);
#4105=LINE('',#10258,#4825);
#4106=LINE('',#10260,#4826);
#4107=LINE('',#10262,#4827);
#4108=LINE('',#10264,#4828);
#4109=LINE('',#10266,#4829);
#4110=LINE('',#10268,#4830);
#4111=LINE('',#10270,#4831);
#4112=LINE('',#10271,#4832);
#4113=LINE('',#10279,#4833);
#4114=LINE('',#10283,#4834);
#4115=LINE('',#10285,#4835);
#4116=LINE('',#10287,#4836);
#4117=LINE('',#10289,#4837);
#4118=LINE('',#10291,#4838);
#4119=LINE('',#10293,#4839);
#4120=LINE('',#10295,#4840);
#4121=LINE('',#10297,#4841);
#4122=LINE('',#10303,#4842);
#4123=LINE('',#10305,#4843);
#4124=LINE('',#10307,#4844);
#4125=LINE('',#10309,#4845);
#4126=LINE('',#10311,#4846);
#4127=LINE('',#10313,#4847);
#4128=LINE('',#10315,#4848);
#4129=LINE('',#10317,#4849);
#4130=LINE('',#10319,#4850);
#4131=LINE('',#10325,#4851);
#4132=LINE('',#10327,#4852);
#4133=LINE('',#10330,#4853);
#4134=LINE('',#10332,#4854);
#4135=LINE('',#10334,#4855);
#4136=LINE('',#10336,#4856);
#4137=LINE('',#10342,#4857);
#4138=LINE('',#10345,#4858);
#4139=LINE('',#10346,#4859);
#4140=LINE('',#10348,#4860);
#4141=LINE('',#10351,#4861);
#4142=LINE('',#10352,#4862);
#4143=LINE('',#10354,#4863);
#4144=LINE('',#10357,#4864);
#4145=LINE('',#10358,#4865);
#4146=LINE('',#10364,#4866);
#4147=LINE('',#10366,#4867);
#4148=LINE('',#10369,#4868);
#4149=LINE('',#10370,#4869);
#4150=LINE('',#10372,#4870);
#4151=LINE('',#10375,#4871);
#4152=LINE('',#10376,#4872);
#4153=LINE('',#10381,#4873);
#4154=LINE('',#10382,#4874);
#4155=VECTOR('',#6868,1.);
#4156=VECTOR('',#6869,1.);
#4157=VECTOR('',#6870,1.);
#4158=VECTOR('',#6871,1.);
#4159=VECTOR('',#6874,1.);
#4160=VECTOR('',#6875,1.);
#4161=VECTOR('',#6876,1.);
#4162=VECTOR('',#6879,1.);
#4163=VECTOR('',#6880,1.);
#4164=VECTOR('',#6881,1.);
#4165=VECTOR('',#6884,1.);
#4166=VECTOR('',#6885,1.);
#4167=VECTOR('',#6886,1.);
#4168=VECTOR('',#6889,1.);
#4169=VECTOR('',#6890,1.);
#4170=VECTOR('',#6891,1.);
#4171=VECTOR('',#6894,1.);
#4172=VECTOR('',#6895,1.);
#4173=VECTOR('',#6896,1.);
#4174=VECTOR('',#6899,1.);
#4175=VECTOR('',#6900,1.);
#4176=VECTOR('',#6903,1.);
#4177=VECTOR('',#6904,1.);
#4178=VECTOR('',#6907,1.);
#4179=VECTOR('',#6914,1.);
#4180=VECTOR('',#6915,1.);
#4181=VECTOR('',#6916,1.);
#4182=VECTOR('',#6917,1.);
#4183=VECTOR('',#6920,1.);
#4184=VECTOR('',#6921,1.);
#4185=VECTOR('',#6922,1.);
#4186=VECTOR('',#6923,1.);
#4187=VECTOR('',#6926,1.);
#4188=VECTOR('',#6927,1.);
#4189=VECTOR('',#6928,1.);
#4190=VECTOR('',#6929,1.);
#4191=VECTOR('',#6932,1.);
#4192=VECTOR('',#6933,1.);
#4193=VECTOR('',#6934,1.);
#4194=VECTOR('',#6939,1.);
#4195=VECTOR('',#6946,1.);
#4196=VECTOR('',#6947,1.);
#4197=VECTOR('',#6948,1.);
#4198=VECTOR('',#6949,1.);
#4199=VECTOR('',#6950,1.);
#4200=VECTOR('',#6951,1.);
#4201=VECTOR('',#6954,1.);
#4202=VECTOR('',#6955,1.);
#4203=VECTOR('',#6956,1.);
#4204=VECTOR('',#6957,1.);
#4205=VECTOR('',#6960,1.);
#4206=VECTOR('',#6963,1.);
#4207=VECTOR('',#6966,1.);
#4208=VECTOR('',#6969,1.);
#4209=VECTOR('',#6972,1.);
#4210=VECTOR('',#6975,1.);
#4211=VECTOR('',#6978,1.);
#4212=VECTOR('',#6981,1.);
#4213=VECTOR('',#6982,1.);
#4214=VECTOR('',#6983,1.);
#4215=VECTOR('',#6984,1.);
#4216=VECTOR('',#6989,1.);
#4217=VECTOR('',#6994,1.);
#4218=VECTOR('',#6995,1.);
#4219=VECTOR('',#6998,1.);
#4220=VECTOR('',#6999,1.);
#4221=VECTOR('',#7000,1.);
#4222=VECTOR('',#7001,1.);
#4223=VECTOR('',#7002,1.);
#4224=VECTOR('',#7003,1.);
#4225=VECTOR('',#7004,1.);
#4226=VECTOR('',#7005,1.);
#4227=VECTOR('',#7006,1.);
#4228=VECTOR('',#7007,1.);
#4229=VECTOR('',#7008,1.);
#4230=VECTOR('',#7009,1.);
#4231=VECTOR('',#7010,1.);
#4232=VECTOR('',#7011,1.);
#4233=VECTOR('',#7012,1.);
#4234=VECTOR('',#7015,1.);
#4235=VECTOR('',#7016,1.);
#4236=VECTOR('',#7017,1.);
#4237=VECTOR('',#7018,1.);
#4238=VECTOR('',#7019,1.);
#4239=VECTOR('',#7026,1.);
#4240=VECTOR('',#7029,1.);
#4241=VECTOR('',#7030,1.);
#4242=VECTOR('',#7035,1.);
#4243=VECTOR('',#7038,1.);
#4244=VECTOR('',#7039,1.);
#4245=VECTOR('',#7042,1.);
#4246=VECTOR('',#7043,1.);
#4247=VECTOR('',#7046,1.);
#4248=VECTOR('',#7047,1.);
#4249=VECTOR('',#7048,1.);
#4250=VECTOR('',#7051,1.);
#4251=VECTOR('',#7052,1.);
#4252=VECTOR('',#7053,1.);
#4253=VECTOR('',#7056,1.);
#4254=VECTOR('',#7057,1.);
#4255=VECTOR('',#7058,1.);
#4256=VECTOR('',#7061,1.);
#4257=VECTOR('',#7066,1.);
#4258=VECTOR('',#7067,1.);
#4259=VECTOR('',#7068,1.);
#4260=VECTOR('',#7069,1.);
#4261=VECTOR('',#7072,1.);
#4262=VECTOR('',#7073,1.);
#4263=VECTOR('',#7076,1.);
#4264=VECTOR('',#7077,1.);
#4265=VECTOR('',#7078,1.);
#4266=VECTOR('',#7079,1.);
#4267=VECTOR('',#7082,1.);
#4268=VECTOR('',#7083,1.);
#4269=VECTOR('',#7084,1.);
#4270=VECTOR('',#7085,1.);
#4271=VECTOR('',#7086,1.);
#4272=VECTOR('',#7087,1.);
#4273=VECTOR('',#7088,1.);
#4274=VECTOR('',#7089,1.);
#4275=VECTOR('',#7090,1.);
#4276=VECTOR('',#7091,1.);
#4277=VECTOR('',#7092,1.);
#4278=VECTOR('',#7093,1.);
#4279=VECTOR('',#7094,1.);
#4280=VECTOR('',#7095,1.);
#4281=VECTOR('',#7098,1.);
#4282=VECTOR('',#7101,1.);
#4283=VECTOR('',#7106,1.);
#4284=VECTOR('',#7107,1.);
#4285=VECTOR('',#7108,1.);
#4286=VECTOR('',#7109,1.);
#4287=VECTOR('',#7112,1.);
#4288=VECTOR('',#7113,1.);
#4289=VECTOR('',#7116,1.);
#4290=VECTOR('',#7117,1.);
#4291=VECTOR('',#7118,1.);
#4292=VECTOR('',#7121,1.);
#4293=VECTOR('',#7126,1.);
#4294=VECTOR('',#7127,1.);
#4295=VECTOR('',#7130,1.);
#4296=VECTOR('',#7131,1.);
#4297=VECTOR('',#7132,1.);
#4298=VECTOR('',#7139,1.);
#4299=VECTOR('',#7140,1.);
#4300=VECTOR('',#7141,1.);
#4301=VECTOR('',#7146,1.);
#4302=VECTOR('',#7151,1.);
#4303=VECTOR('',#7152,1.);
#4304=VECTOR('',#7281,1.);
#4305=VECTOR('',#7282,1.);
#4306=VECTOR('',#7285,1.);
#4307=VECTOR('',#7288,1.);
#4308=VECTOR('',#7293,1.);
#4309=VECTOR('',#7294,1.);
#4310=VECTOR('',#7297,1.);
#4311=VECTOR('',#7300,1.);
#4312=VECTOR('',#7305,1.);
#4313=VECTOR('',#7306,1.);
#4314=VECTOR('',#7309,1.);
#4315=VECTOR('',#7312,1.);
#4316=VECTOR('',#7337,1.);
#4317=VECTOR('',#7338,1.);
#4318=VECTOR('',#7339,1.);
#4319=VECTOR('',#7340,1.);
#4320=VECTOR('',#7343,1.);
#4321=VECTOR('',#7344,1.);
#4322=VECTOR('',#7345,1.);
#4323=VECTOR('',#7348,1.);
#4324=VECTOR('',#7349,1.);
#4325=VECTOR('',#7350,1.);
#4326=VECTOR('',#7353,1.);
#4327=VECTOR('',#7354,1.);
#4328=VECTOR('',#7355,1.);
#4329=VECTOR('',#7358,1.);
#4330=VECTOR('',#7359,1.);
#4331=VECTOR('',#7360,1.);
#4332=VECTOR('',#7363,1.);
#4333=VECTOR('',#7364,1.);
#4334=VECTOR('',#7365,1.);
#4335=VECTOR('',#7368,1.);
#4336=VECTOR('',#7369,1.);
#4337=VECTOR('',#7370,1.);
#4338=VECTOR('',#7373,1.);
#4339=VECTOR('',#7374,1.);
#4340=VECTOR('',#7375,1.);
#4341=VECTOR('',#7378,1.);
#4342=VECTOR('',#7379,1.);
#4343=VECTOR('',#7380,1.);
#4344=VECTOR('',#7383,1.);
#4345=VECTOR('',#7384,1.);
#4346=VECTOR('',#7385,1.);
#4347=VECTOR('',#7388,1.);
#4348=VECTOR('',#7389,1.);
#4349=VECTOR('',#7390,1.);
#4350=VECTOR('',#7393,1.);
#4351=VECTOR('',#7394,1.);
#4352=VECTOR('',#7395,1.);
#4353=VECTOR('',#7398,1.);
#4354=VECTOR('',#7399,1.);
#4355=VECTOR('',#7408,1.);
#4356=VECTOR('',#7409,1.);
#4357=VECTOR('',#7410,1.);
#4358=VECTOR('',#7411,1.);
#4359=VECTOR('',#7414,1.);
#4360=VECTOR('',#7415,1.);
#4361=VECTOR('',#7416,1.);
#4362=VECTOR('',#7419,1.);
#4363=VECTOR('',#7420,1.);
#4364=VECTOR('',#7421,1.);
#4365=VECTOR('',#7424,1.);
#4366=VECTOR('',#7425,1.);
#4367=VECTOR('',#7426,1.);
#4368=VECTOR('',#7429,1.);
#4369=VECTOR('',#7430,1.);
#4370=VECTOR('',#7431,1.);
#4371=VECTOR('',#7434,1.);
#4372=VECTOR('',#7435,1.);
#4373=VECTOR('',#7444,1.);
#4374=VECTOR('',#7445,1.);
#4375=VECTOR('',#7446,1.);
#4376=VECTOR('',#7447,1.);
#4377=VECTOR('',#7450,1.);
#4378=VECTOR('',#7451,1.);
#4379=VECTOR('',#7452,1.);
#4380=VECTOR('',#7455,1.);
#4381=VECTOR('',#7456,1.);
#4382=VECTOR('',#7457,1.);
#4383=VECTOR('',#7460,1.);
#4384=VECTOR('',#7461,1.);
#4385=VECTOR('',#7462,1.);
#4386=VECTOR('',#7465,1.);
#4387=VECTOR('',#7466,1.);
#4388=VECTOR('',#7467,1.);
#4389=VECTOR('',#7470,1.);
#4390=VECTOR('',#7471,1.);
#4391=VECTOR('',#7472,1.);
#4392=VECTOR('',#7475,1.);
#4393=VECTOR('',#7476,1.);
#4394=VECTOR('',#7477,1.);
#4395=VECTOR('',#7480,1.);
#4396=VECTOR('',#7481,1.);
#4397=VECTOR('',#7482,1.);
#4398=VECTOR('',#7485,1.);
#4399=VECTOR('',#7486,1.);
#4400=VECTOR('',#7487,1.);
#4401=VECTOR('',#7490,1.);
#4402=VECTOR('',#7491,1.);
#4403=VECTOR('',#7492,1.);
#4404=VECTOR('',#7495,1.);
#4405=VECTOR('',#7496,1.);
#4406=VECTOR('',#7497,1.);
#4407=VECTOR('',#7500,1.);
#4408=VECTOR('',#7501,1.);
#4409=VECTOR('',#7510,1.);
#4410=VECTOR('',#7511,1.);
#4411=VECTOR('',#7512,1.);
#4412=VECTOR('',#7513,1.);
#4413=VECTOR('',#7516,1.);
#4414=VECTOR('',#7517,1.);
#4415=VECTOR('',#7518,1.);
#4416=VECTOR('',#7521,1.);
#4417=VECTOR('',#7522,1.);
#4418=VECTOR('',#7523,1.);
#4419=VECTOR('',#7526,1.);
#4420=VECTOR('',#7527,1.);
#4421=VECTOR('',#7536,1.);
#4422=VECTOR('',#7537,1.);
#4423=VECTOR('',#7538,1.);
#4424=VECTOR('',#7539,1.);
#4425=VECTOR('',#7542,1.);
#4426=VECTOR('',#7543,1.);
#4427=VECTOR('',#7544,1.);
#4428=VECTOR('',#7547,1.);
#4429=VECTOR('',#7548,1.);
#4430=VECTOR('',#7549,1.);
#4431=VECTOR('',#7552,1.);
#4432=VECTOR('',#7553,1.);
#4433=VECTOR('',#7554,1.);
#4434=VECTOR('',#7557,1.);
#4435=VECTOR('',#7558,1.);
#4436=VECTOR('',#7559,1.);
#4437=VECTOR('',#7562,1.);
#4438=VECTOR('',#7563,1.);
#4439=VECTOR('',#7564,1.);
#4440=VECTOR('',#7567,1.);
#4441=VECTOR('',#7568,1.);
#4442=VECTOR('',#7569,1.);
#4443=VECTOR('',#7572,1.);
#4444=VECTOR('',#7573,1.);
#4445=VECTOR('',#7574,1.);
#4446=VECTOR('',#7577,1.);
#4447=VECTOR('',#7578,1.);
#4448=VECTOR('',#7579,1.);
#4449=VECTOR('',#7582,1.);
#4450=VECTOR('',#7583,1.);
#4451=VECTOR('',#7586,1.);
#4452=VECTOR('',#7587,1.);
#4453=VECTOR('',#7590,1.);
#4454=VECTOR('',#7599,1.);
#4455=VECTOR('',#7602,1.);
#4456=VECTOR('',#7605,1.);
#4457=VECTOR('',#7606,1.);
#4458=VECTOR('',#7607,1.);
#4459=VECTOR('',#7614,1.);
#4460=VECTOR('',#7617,1.);
#4461=VECTOR('',#7618,1.);
#4462=VECTOR('',#7619,1.);
#4463=VECTOR('',#7622,1.);
#4464=VECTOR('',#7623,1.);
#4465=VECTOR('',#7624,1.);
#4466=VECTOR('',#7627,1.);
#4467=VECTOR('',#7628,1.);
#4468=VECTOR('',#7629,1.);
#4469=VECTOR('',#7632,1.);
#4470=VECTOR('',#7633,1.);
#4471=VECTOR('',#7634,1.);
#4472=VECTOR('',#7635,1.);
#4473=VECTOR('',#7638,1.);
#4474=VECTOR('',#7639,1.);
#4475=VECTOR('',#7640,1.);
#4476=VECTOR('',#7641,1.);
#4477=VECTOR('',#7644,1.);
#4478=VECTOR('',#7645,1.);
#4479=VECTOR('',#7646,1.);
#4480=VECTOR('',#7649,1.);
#4481=VECTOR('',#7650,1.);
#4482=VECTOR('',#7651,1.);
#4483=VECTOR('',#7654,1.);
#4484=VECTOR('',#7655,1.);
#4485=VECTOR('',#7656,1.);
#4486=VECTOR('',#7659,1.);
#4487=VECTOR('',#7660,1.);
#4488=VECTOR('',#7661,1.);
#4489=VECTOR('',#7668,1.);
#4490=VECTOR('',#7671,1.);
#4491=VECTOR('',#7672,1.);
#4492=VECTOR('',#7673,1.);
#4493=VECTOR('',#7682,1.);
#4494=VECTOR('',#7683,1.);
#4495=VECTOR('',#7698,1.);
#4496=VECTOR('',#7699,1.);
#4497=VECTOR('',#7700,1.);
#4498=VECTOR('',#7701,1.);
#4499=VECTOR('',#7702,1.);
#4500=VECTOR('',#7703,1.);
#4501=VECTOR('',#7704,1.);
#4502=VECTOR('',#7705,1.);
#4503=VECTOR('',#7706,1.);
#4504=VECTOR('',#7707,1.);
#4505=VECTOR('',#7708,1.);
#4506=VECTOR('',#7709,1.);
#4507=VECTOR('',#7712,1.);
#4508=VECTOR('',#7713,1.);
#4509=VECTOR('',#7714,1.);
#4510=VECTOR('',#7715,1.);
#4511=VECTOR('',#7716,1.);
#4512=VECTOR('',#7717,1.);
#4513=VECTOR('',#7718,1.);
#4514=VECTOR('',#7719,1.);
#4515=VECTOR('',#7720,1.);
#4516=VECTOR('',#7721,1.);
#4517=VECTOR('',#7722,1.);
#4518=VECTOR('',#7723,1.);
#4519=VECTOR('',#7726,1.);
#4520=VECTOR('',#7727,1.);
#4521=VECTOR('',#7728,1.);
#4522=VECTOR('',#7729,1.);
#4523=VECTOR('',#7730,1.);
#4524=VECTOR('',#7731,1.);
#4525=VECTOR('',#7732,1.);
#4526=VECTOR('',#7733,1.);
#4527=VECTOR('',#7734,1.);
#4528=VECTOR('',#7735,1.);
#4529=VECTOR('',#7736,1.);
#4530=VECTOR('',#7737,1.);
#4531=VECTOR('',#7738,1.);
#4532=VECTOR('',#7739,1.);
#4533=VECTOR('',#7740,1.);
#4534=VECTOR('',#7741,1.);
#4535=VECTOR('',#7742,1.);
#4536=VECTOR('',#7743,1.);
#4537=VECTOR('',#7744,1.);
#4538=VECTOR('',#7745,1.);
#4539=VECTOR('',#7746,1.);
#4540=VECTOR('',#7747,1.);
#4541=VECTOR('',#7748,1.);
#4542=VECTOR('',#7749,1.);
#4543=VECTOR('',#7750,1.);
#4544=VECTOR('',#7751,1.);
#4545=VECTOR('',#7752,1.);
#4546=VECTOR('',#7753,1.);
#4547=VECTOR('',#7754,1.);
#4548=VECTOR('',#7755,1.);
#4549=VECTOR('',#7756,1.);
#4550=VECTOR('',#7757,1.);
#4551=VECTOR('',#7760,1.);
#4552=VECTOR('',#7761,1.);
#4553=VECTOR('',#7764,1.);
#4554=VECTOR('',#7767,1.);
#4555=VECTOR('',#7768,1.);
#4556=VECTOR('',#7769,1.);
#4557=VECTOR('',#7772,1.);
#4558=VECTOR('',#7773,1.);
#4559=VECTOR('',#7774,1.);
#4560=VECTOR('',#7775,1.);
#4561=VECTOR('',#7776,1.);
#4562=VECTOR('',#7777,1.);
#4563=VECTOR('',#7778,1.);
#4564=VECTOR('',#7779,1.);
#4565=VECTOR('',#7780,1.);
#4566=VECTOR('',#7781,1.);
#4567=VECTOR('',#7782,1.);
#4568=VECTOR('',#7783,1.);
#4569=VECTOR('',#7784,1.);
#4570=VECTOR('',#7785,1.);
#4571=VECTOR('',#7786,1.);
#4572=VECTOR('',#7787,1.);
#4573=VECTOR('',#7788,1.);
#4574=VECTOR('',#7789,1.);
#4575=VECTOR('',#7790,1.);
#4576=VECTOR('',#7791,1.);
#4577=VECTOR('',#7792,1.);
#4578=VECTOR('',#7793,1.);
#4579=VECTOR('',#7802,1.);
#4580=VECTOR('',#7803,1.);
#4581=VECTOR('',#7804,1.);
#4582=VECTOR('',#7805,1.);
#4583=VECTOR('',#7806,1.);
#4584=VECTOR('',#7807,1.);
#4585=VECTOR('',#7808,1.);
#4586=VECTOR('',#7809,1.);
#4587=VECTOR('',#7812,1.);
#4588=VECTOR('',#7815,1.);
#4589=VECTOR('',#7818,1.);
#4590=VECTOR('',#7819,1.);
#4591=VECTOR('',#7822,1.);
#4592=VECTOR('',#7823,1.);
#4593=VECTOR('',#7824,1.);
#4594=VECTOR('',#7825,1.);
#4595=VECTOR('',#7826,1.);
#4596=VECTOR('',#7827,1.);
#4597=VECTOR('',#7828,1.);
#4598=VECTOR('',#7831,1.);
#4599=VECTOR('',#7832,1.);
#4600=VECTOR('',#7835,1.);
#4601=VECTOR('',#7838,1.);
#4602=VECTOR('',#7841,1.);
#4603=VECTOR('',#7846,1.);
#4604=VECTOR('',#7847,1.);
#4605=VECTOR('',#7848,1.);
#4606=VECTOR('',#7857,1.);
#4607=VECTOR('',#7860,1.);
#4608=VECTOR('',#7861,1.);
#4609=VECTOR('',#7862,1.);
#4610=VECTOR('',#7865,1.);
#4611=VECTOR('',#7866,1.);
#4612=VECTOR('',#7867,1.);
#4613=VECTOR('',#7870,1.);
#4614=VECTOR('',#7871,1.);
#4615=VECTOR('',#7874,1.);
#4616=VECTOR('',#7875,1.);
#4617=VECTOR('',#7876,1.);
#4618=VECTOR('',#7879,1.);
#4619=VECTOR('',#7880,1.);
#4620=VECTOR('',#7883,1.);
#4621=VECTOR('',#7884,1.);
#4622=VECTOR('',#7887,1.);
#4623=VECTOR('',#7890,1.);
#4624=VECTOR('',#7895,1.);
#4625=VECTOR('',#7896,1.);
#4626=VECTOR('',#7897,1.);
#4627=VECTOR('',#7898,1.);
#4628=VECTOR('',#7899,1.);
#4629=VECTOR('',#7908,1.);
#4630=VECTOR('',#7911,1.);
#4631=VECTOR('',#7912,1.);
#4632=VECTOR('',#7913,1.);
#4633=VECTOR('',#7914,1.);
#4634=VECTOR('',#7915,1.);
#4635=VECTOR('',#7918,1.);
#4636=VECTOR('',#7919,1.);
#4637=VECTOR('',#7922,1.);
#4638=VECTOR('',#7925,1.);
#4639=VECTOR('',#7926,1.);
#4640=VECTOR('',#7929,1.);
#4641=VECTOR('',#7934,1.);
#4642=VECTOR('',#7935,1.);
#4643=VECTOR('',#7936,1.);
#4644=VECTOR('',#7939,1.);
#4645=VECTOR('',#7940,1.);
#4646=VECTOR('',#7943,1.);
#4647=VECTOR('',#7944,1.);
#4648=VECTOR('',#7945,1.);
#4649=VECTOR('',#7948,1.);
#4650=VECTOR('',#7953,1.);
#4651=VECTOR('',#7956,1.);
#4652=VECTOR('',#7957,1.);
#4653=VECTOR('',#7962,1.);
#4654=VECTOR('',#7965,1.);
#4655=VECTOR('',#7970,1.);
#4656=VECTOR('',#7973,1.);
#4657=VECTOR('',#8032,1.);
#4658=VECTOR('',#8035,1.);
#4659=VECTOR('',#8058,1.);
#4660=VECTOR('',#8061,1.);
#4661=VECTOR('',#8082,1.);
#4662=VECTOR('',#8085,1.);
#4663=VECTOR('',#8096,1.);
#4664=VECTOR('',#8099,1.);
#4665=VECTOR('',#8100,1.);
#4666=VECTOR('',#8101,1.);
#4667=VECTOR('',#8104,1.);
#4668=VECTOR('',#8105,1.);
#4669=VECTOR('',#8110,1.);
#4670=VECTOR('',#8111,1.);
#4671=VECTOR('',#8114,1.);
#4672=VECTOR('',#8115,1.);
#4673=VECTOR('',#8116,1.);
#4674=VECTOR('',#8119,1.);
#4675=VECTOR('',#8122,1.);
#4676=VECTOR('',#8123,1.);
#4677=VECTOR('',#8126,1.);
#4678=VECTOR('',#8127,1.);
#4679=VECTOR('',#8130,1.);
#4680=VECTOR('',#8133,1.);
#4681=VECTOR('',#8136,1.);
#4682=VECTOR('',#8139,1.);
#4683=VECTOR('',#8142,1.);
#4684=VECTOR('',#8145,1.);
#4685=VECTOR('',#8148,1.);
#4686=VECTOR('',#8153,1.);
#4687=VECTOR('',#8156,1.);
#4688=VECTOR('',#8159,1.);
#4689=VECTOR('',#8162,1.);
#4690=VECTOR('',#8165,1.);
#4691=VECTOR('',#8168,1.);
#4692=VECTOR('',#8171,1.);
#4693=VECTOR('',#8186,1.);
#4694=VECTOR('',#8187,1.);
#4695=VECTOR('',#8188,1.);
#4696=VECTOR('',#8191,1.);
#4697=VECTOR('',#8192,1.);
#4698=VECTOR('',#8195,1.);
#4699=VECTOR('',#8196,1.);
#4700=VECTOR('',#8199,1.);
#4701=VECTOR('',#8200,1.);
#4702=VECTOR('',#8203,1.);
#4703=VECTOR('',#8204,1.);
#4704=VECTOR('',#8207,1.);
#4705=VECTOR('',#8208,1.);
#4706=VECTOR('',#8211,1.);
#4707=VECTOR('',#8212,1.);
#4708=VECTOR('',#8215,1.);
#4709=VECTOR('',#8216,1.);
#4710=VECTOR('',#8219,1.);
#4711=VECTOR('',#8220,1.);
#4712=VECTOR('',#8223,1.);
#4713=VECTOR('',#8224,1.);
#4714=VECTOR('',#8227,1.);
#4715=VECTOR('',#8232,1.);
#4716=VECTOR('',#8233,1.);
#4717=VECTOR('',#8234,1.);
#4718=VECTOR('',#8237,1.);
#4719=VECTOR('',#8238,1.);
#4720=VECTOR('',#8241,1.);
#4721=VECTOR('',#8242,1.);
#4722=VECTOR('',#8245,1.);
#4723=VECTOR('',#8246,1.);
#4724=VECTOR('',#8249,1.);
#4725=VECTOR('',#8250,1.);
#4726=VECTOR('',#8253,1.);
#4727=VECTOR('',#8254,1.);
#4728=VECTOR('',#8257,1.);
#4729=VECTOR('',#8258,1.);
#4730=VECTOR('',#8261,1.);
#4731=VECTOR('',#8262,1.);
#4732=VECTOR('',#8265,1.);
#4733=VECTOR('',#8266,1.);
#4734=VECTOR('',#8269,1.);
#4735=VECTOR('',#8270,1.);
#4736=VECTOR('',#8273,1.);
#4737=VECTOR('',#8274,1.);
#4738=VECTOR('',#8277,1.);
#4739=VECTOR('',#8282,1.);
#4740=VECTOR('',#8283,1.);
#4741=VECTOR('',#8284,1.);
#4742=VECTOR('',#8287,1.);
#4743=VECTOR('',#8288,1.);
#4744=VECTOR('',#8291,1.);
#4745=VECTOR('',#8292,1.);
#4746=VECTOR('',#8295,1.);
#4747=VECTOR('',#8296,1.);
#4748=VECTOR('',#8299,1.);
#4749=VECTOR('',#8300,1.);
#4750=VECTOR('',#8303,1.);
#4751=VECTOR('',#8304,1.);
#4752=VECTOR('',#8307,1.);
#4753=VECTOR('',#8308,1.);
#4754=VECTOR('',#8311,1.);
#4755=VECTOR('',#8312,1.);
#4756=VECTOR('',#8315,1.);
#4757=VECTOR('',#8316,1.);
#4758=VECTOR('',#8319,1.);
#4759=VECTOR('',#8320,1.);
#4760=VECTOR('',#8323,1.);
#4761=VECTOR('',#8324,1.);
#4762=VECTOR('',#8327,1.);
#4763=VECTOR('',#8328,1.);
#4764=VECTOR('',#8331,1.);
#4765=VECTOR('',#8336,1.);
#4766=VECTOR('',#8337,1.);
#4767=VECTOR('',#8338,1.);
#4768=VECTOR('',#8341,1.);
#4769=VECTOR('',#8342,1.);
#4770=VECTOR('',#8345,1.);
#4771=VECTOR('',#8346,1.);
#4772=VECTOR('',#8349,1.);
#4773=VECTOR('',#8350,1.);
#4774=VECTOR('',#8353,1.);
#4775=VECTOR('',#8354,1.);
#4776=VECTOR('',#8357,1.);
#4777=VECTOR('',#8358,1.);
#4778=VECTOR('',#8361,1.);
#4779=VECTOR('',#8362,1.);
#4780=VECTOR('',#8365,1.);
#4781=VECTOR('',#8370,1.);
#4782=VECTOR('',#8371,1.);
#4783=VECTOR('',#8372,1.);
#4784=VECTOR('',#8375,1.);
#4785=VECTOR('',#8376,1.);
#4786=VECTOR('',#8379,1.);
#4787=VECTOR('',#8380,1.);
#4788=VECTOR('',#8383,1.);
#4789=VECTOR('',#8388,1.);
#4790=VECTOR('',#8389,1.);
#4791=VECTOR('',#8390,1.);
#4792=VECTOR('',#8393,1.);
#4793=VECTOR('',#8394,1.);
#4794=VECTOR('',#8397,1.);
#4795=VECTOR('',#8398,1.);
#4796=VECTOR('',#8401,1.);
#4797=VECTOR('',#8402,1.);
#4798=VECTOR('',#8405,1.);
#4799=VECTOR('',#8406,1.);
#4800=VECTOR('',#8409,1.);
#4801=VECTOR('',#8414,1.);
#4802=VECTOR('',#8415,1.);
#4803=VECTOR('',#8416,1.);
#4804=VECTOR('',#8419,1.);
#4805=VECTOR('',#8420,1.);
#4806=VECTOR('',#8421,1.);
#4807=VECTOR('',#8424,1.);
#4808=VECTOR('',#8425,1.);
#4809=VECTOR('',#8432,1.);
#4810=VECTOR('',#8433,1.);
#4811=VECTOR('',#8434,1.);
#4812=VECTOR('',#8437,1.);
#4813=VECTOR('',#8438,1.);
#4814=VECTOR('',#8439,1.);
#4815=VECTOR('',#8442,1.);
#4816=VECTOR('',#8443,1.);
#4817=VECTOR('',#8450,1.);
#4818=VECTOR('',#8451,1.);
#4819=VECTOR('',#8452,1.);
#4820=VECTOR('',#8455,1.);
#4821=VECTOR('',#8456,1.);
#4822=VECTOR('',#8457,1.);
#4823=VECTOR('',#8460,1.);
#4824=VECTOR('',#8461,1.);
#4825=VECTOR('',#8468,1.);
#4826=VECTOR('',#8469,1.);
#4827=VECTOR('',#8470,1.);
#4828=VECTOR('',#8473,1.);
#4829=VECTOR('',#8474,1.);
#4830=VECTOR('',#8475,1.);
#4831=VECTOR('',#8478,1.);
#4832=VECTOR('',#8479,1.);
#4833=VECTOR('',#8490,1.);
#4834=VECTOR('',#8493,1.);
#4835=VECTOR('',#8496,1.);
#4836=VECTOR('',#8497,1.);
#4837=VECTOR('',#8498,1.);
#4838=VECTOR('',#8501,1.);
#4839=VECTOR('',#8502,1.);
#4840=VECTOR('',#8503,1.);
#4841=VECTOR('',#8506,1.);
#4842=VECTOR('',#8513,1.);
#4843=VECTOR('',#8514,1.);
#4844=VECTOR('',#8515,1.);
#4845=VECTOR('',#8518,1.);
#4846=VECTOR('',#8519,1.);
#4847=VECTOR('',#8520,1.);
#4848=VECTOR('',#8523,1.);
#4849=VECTOR('',#8524,1.);
#4850=VECTOR('',#8525,1.);
#4851=VECTOR('',#8532,1.);
#4852=VECTOR('',#8535,1.);
#4853=VECTOR('',#8536,1.);
#4854=VECTOR('',#8537,1.);
#4855=VECTOR('',#8538,1.);
#4856=VECTOR('',#8541,1.);
#4857=VECTOR('',#8548,1.);
#4858=VECTOR('',#8549,1.);
#4859=VECTOR('',#8550,1.);
#4860=VECTOR('',#8553,1.);
#4861=VECTOR('',#8554,1.);
#4862=VECTOR('',#8555,1.);
#4863=VECTOR('',#8558,1.);
#4864=VECTOR('',#8559,1.);
#4865=VECTOR('',#8560,1.);
#4866=VECTOR('',#8567,1.);
#4867=VECTOR('',#8570,1.);
#4868=VECTOR('',#8571,1.);
#4869=VECTOR('',#8572,1.);
#4870=VECTOR('',#8575,1.);
#4871=VECTOR('',#8576,1.);
#4872=VECTOR('',#8577,1.);
#4873=VECTOR('',#8586,1.);
#4874=VECTOR('',#8587,1.);
#4875=EDGE_LOOP('',(#270,#271,#272,#273));
#4876=EDGE_LOOP('',(#274,#275,#276,#277));
#4877=EDGE_LOOP('',(#278,#279,#280,#281));
#4878=EDGE_LOOP('',(#282,#283,#284,#285));
#4879=EDGE_LOOP('',(#286,#287,#288,#289));
#4880=EDGE_LOOP('',(#290,#291,#292,#293,#294,#295,#296,#297));
#4881=EDGE_LOOP('',(#298,#299,#300,#301));
#4882=EDGE_LOOP('',(#302,#303,#304,#305));
#4883=EDGE_LOOP('',(#306,#307,#308,#309));
#4884=EDGE_LOOP('',(#310,#311,#312,#313,#314,#315,#316,#317));
#4885=EDGE_LOOP('',(#318,#319,#320,#321));
#4886=EDGE_LOOP('',(#322,#323,#324,#325));
#4887=EDGE_LOOP('',(#326,#327,#328,#329));
#4888=EDGE_LOOP('',(#330,#331,#332,#333,#334,#335,#336,#337,#338,#339));
#4889=EDGE_LOOP('',(#340,#341,#342,#343,#344,#345));
#4890=EDGE_LOOP('',(#346,#347,#348,#349));
#4891=EDGE_LOOP('',(#350,#351,#352,#353,#354,#355,#356,#357,#358,#359,#360,
#361));
#4892=EDGE_LOOP('',(#362,#363,#364,#365,#366,#367,#368,#369,#370,#371,#372,
#373,#374,#375,#376,#377,#378));
#4893=EDGE_LOOP('',(#379,#380,#381,#382));
#4894=EDGE_LOOP('',(#383,#384,#385,#386));
#4895=EDGE_LOOP('',(#387,#388,#389,#390));
#4896=EDGE_LOOP('',(#391,#392,#393,#394));
#4897=EDGE_LOOP('',(#395,#396,#397,#398,#399,#400,#401));
#4898=EDGE_LOOP('',(#402,#403,#404,#405));
#4899=EDGE_LOOP('',(#406,#407,#408,#409));
#4900=EDGE_LOOP('',(#410,#411,#412,#413));
#4901=EDGE_LOOP('',(#414,#415,#416,#417,#418,#419,#420));
#4902=EDGE_LOOP('',(#421,#422,#423,#424));
#4903=EDGE_LOOP('',(#425,#426,#427,#428));
#4904=EDGE_LOOP('',(#429,#430,#431,#432,#433,#434));
#4905=EDGE_LOOP('',(#435,#436,#437,#438));
#4906=EDGE_LOOP('',(#439,#440,#441,#442,#443,#444,#445));
#4907=EDGE_LOOP('',(#446,#447,#448,#449));
#4908=EDGE_LOOP('',(#450,#451,#452,#453));
#4909=EDGE_LOOP('',(#454,#455,#456,#457));
#4910=EDGE_LOOP('',(#458,#459,#460,#461));
#4911=EDGE_LOOP('',(#462,#463,#464,#465));
#4912=EDGE_LOOP('',(#466,#467,#468,#469));
#4913=EDGE_LOOP('',(#470,#471,#472,#473));
#4914=EDGE_LOOP('',(#474,#475,#476,#477,#478,#479));
#4915=EDGE_LOOP('',(#480,#481,#482,#483));
#4916=EDGE_LOOP('',(#484,#485,#486,#487,#488,#489,#490,#491));
#4917=EDGE_LOOP('',(#492,#493,#494,#495));
#4918=EDGE_LOOP('',(#496,#497,#498,#499,#500,#501,#502,#503,#504,#505));
#4919=EDGE_LOOP('',(#506,#507,#508,#509,#510,#511,#512));
#4920=EDGE_LOOP('',(#513,#514,#515,#516,#517,#518,#519,#520,#521,#522));
#4921=EDGE_LOOP('',(#523,#524,#525,#526));
#4922=EDGE_LOOP('',(#527,#528,#529,#530));
#4923=EDGE_LOOP('',(#531,#532,#533,#534));
#4924=EDGE_LOOP('',(#535,#536,#537,#538));
#4925=EDGE_LOOP('',(#539,#540,#541,#542));
#4926=EDGE_LOOP('',(#543,#544,#545,#546));
#4927=EDGE_LOOP('',(#547,#548,#549,#550));
#4928=EDGE_LOOP('',(#551,#552,#553,#554));
#4929=EDGE_LOOP('',(#555,#556,#557,#558));
#4930=EDGE_LOOP('',(#559,#560,#561,#562));
#4931=EDGE_LOOP('',(#563,#564,#565,#566));
#4932=EDGE_LOOP('',(#567,#568,#569));
#4933=EDGE_LOOP('',(#570,#571,#572,#573));
#4934=EDGE_LOOP('',(#574,#575,#576,#577));
#4935=EDGE_LOOP('',(#578,#579,#580,#581));
#4936=EDGE_LOOP('',(#582,#583,#584,#585));
#4937=EDGE_LOOP('',(#586,#587,#588));
#4938=EDGE_LOOP('',(#589,#590,#591));
#4939=EDGE_LOOP('',(#592,#593,#594,#595));
#4940=EDGE_LOOP('',(#596,#597,#598,#599));
#4941=EDGE_LOOP('',(#600,#601,#602,#603));
#4942=EDGE_LOOP('',(#604,#605,#606,#607));
#4943=EDGE_LOOP('',(#608,#609,#610,#611));
#4944=EDGE_LOOP('',(#612,#613,#614,#615));
#4945=EDGE_LOOP('',(#616,#617,#618,#619));
#4946=EDGE_LOOP('',(#620,#621,#622,#623));
#4947=EDGE_LOOP('',(#624,#625,#626,#627));
#4948=EDGE_LOOP('',(#628,#629,#630,#631));
#4949=EDGE_LOOP('',(#632,#633,#634,#635));
#4950=EDGE_LOOP('',(#636,#637,#638,#639));
#4951=EDGE_LOOP('',(#640,#641,#642));
#4952=EDGE_LOOP('',(#643,#644,#645));
#4953=EDGE_LOOP('',(#646,#647,#648,#649));
#4954=EDGE_LOOP('',(#650,#651,#652,#653));
#4955=EDGE_LOOP('',(#654,#655,#656,#657));
#4956=EDGE_LOOP('',(#658,#659,#660,#661));
#4957=EDGE_LOOP('',(#662,#663,#664,#665));
#4958=EDGE_LOOP('',(#666,#667,#668,#669));
#4959=EDGE_LOOP('',(#670,#671,#672,#673));
#4960=EDGE_LOOP('',(#674,#675,#676,#677));
#4961=EDGE_LOOP('',(#678,#679,#680,#681));
#4962=EDGE_LOOP('',(#682,#683,#684,#685));
#4963=EDGE_LOOP('',(#686,#687,#688,#689));
#4964=EDGE_LOOP('',(#690,#691,#692,#693));
#4965=EDGE_LOOP('',(#694,#695,#696,#697));
#4966=EDGE_LOOP('',(#698,#699,#700,#701));
#4967=EDGE_LOOP('',(#702,#703,#704,#705));
#4968=EDGE_LOOP('',(#706));
#4969=EDGE_LOOP('',(#707));
#4970=EDGE_LOOP('',(#708));
#4971=EDGE_LOOP('',(#709));
#4972=EDGE_LOOP('',(#710));
#4973=EDGE_LOOP('',(#711));
#4974=EDGE_LOOP('',(#712));
#4975=EDGE_LOOP('',(#713));
#4976=EDGE_LOOP('',(#714,#715,#716,#717));
#4977=EDGE_LOOP('',(#718,#719,#720,#721));
#4978=EDGE_LOOP('',(#722,#723,#724,#725));
#4979=EDGE_LOOP('',(#726,#727,#728,#729));
#4980=EDGE_LOOP('',(#730,#731,#732,#733));
#4981=EDGE_LOOP('',(#734,#735,#736,#737));
#4982=EDGE_LOOP('',(#738,#739,#740,#741));
#4983=EDGE_LOOP('',(#742,#743,#744,#745));
#4984=EDGE_LOOP('',(#746,#747,#748,#749));
#4985=EDGE_LOOP('',(#750,#751,#752,#753));
#4986=EDGE_LOOP('',(#754,#755,#756,#757));
#4987=EDGE_LOOP('',(#758,#759,#760,#761));
#4988=EDGE_LOOP('',(#762,#763,#764,#765));
#4989=EDGE_LOOP('',(#766,#767,#768,#769,#770,#771,#772,#773,#774,#775,#776,
#777,#778));
#4990=EDGE_LOOP('',(#779,#780,#781,#782,#783,#784,#785,#786,#787,#788,#789,
#790,#791));
#4991=EDGE_LOOP('',(#792,#793,#794,#795));
#4992=EDGE_LOOP('',(#796,#797,#798,#799));
#4993=EDGE_LOOP('',(#800,#801,#802,#803));
#4994=EDGE_LOOP('',(#804,#805,#806,#807));
#4995=EDGE_LOOP('',(#808,#809,#810,#811));
#4996=EDGE_LOOP('',(#812,#813,#814,#815));
#4997=EDGE_LOOP('',(#816,#817,#818,#819,#820,#821));
#4998=EDGE_LOOP('',(#822,#823,#824,#825,#826,#827));
#4999=EDGE_LOOP('',(#828,#829,#830,#831));
#5000=EDGE_LOOP('',(#832,#833,#834,#835));
#5001=EDGE_LOOP('',(#836,#837,#838,#839));
#5002=EDGE_LOOP('',(#840,#841,#842,#843));
#5003=EDGE_LOOP('',(#844,#845,#846,#847));
#5004=EDGE_LOOP('',(#848,#849,#850,#851));
#5005=EDGE_LOOP('',(#852,#853,#854,#855));
#5006=EDGE_LOOP('',(#856,#857,#858,#859));
#5007=EDGE_LOOP('',(#860,#861,#862,#863));
#5008=EDGE_LOOP('',(#864,#865,#866,#867));
#5009=EDGE_LOOP('',(#868,#869,#870,#871));
#5010=EDGE_LOOP('',(#872,#873,#874,#875));
#5011=EDGE_LOOP('',(#876,#877,#878,#879,#880,#881,#882,#883,#884,#885,#886,
#887));
#5012=EDGE_LOOP('',(#888,#889,#890,#891,#892,#893,#894,#895,#896,#897,#898,
#899));
#5013=EDGE_LOOP('',(#900,#901,#902,#903));
#5014=EDGE_LOOP('',(#904,#905,#906,#907));
#5015=EDGE_LOOP('',(#908,#909,#910,#911));
#5016=EDGE_LOOP('',(#912,#913,#914,#915));
#5017=EDGE_LOOP('',(#916,#917,#918,#919));
#5018=EDGE_LOOP('',(#920,#921,#922,#923));
#5019=EDGE_LOOP('',(#924,#925,#926,#927));
#5020=EDGE_LOOP('',(#928,#929,#930,#931));
#5021=EDGE_LOOP('',(#932,#933,#934,#935));
#5022=EDGE_LOOP('',(#936,#937,#938,#939));
#5023=EDGE_LOOP('',(#940,#941,#942,#943));
#5024=EDGE_LOOP('',(#944,#945,#946,#947));
#5025=EDGE_LOOP('',(#948,#949,#950,#951));
#5026=EDGE_LOOP('',(#952,#953,#954,#955));
#5027=EDGE_LOOP('',(#956,#957,#958,#959,#960,#961,#962,#963,#964,#965,#966));
#5028=EDGE_LOOP('',(#967,#968,#969,#970));
#5029=EDGE_LOOP('',(#971,#972,#973,#974));
#5030=EDGE_LOOP('',(#975,#976,#977,#978));
#5031=EDGE_LOOP('',(#979,#980,#981,#982,#983,#984,#985,#986,#987,#988,#989));
#5032=EDGE_LOOP('',(#990,#991,#992,#993));
#5033=EDGE_LOOP('',(#994,#995,#996,#997));
#5034=EDGE_LOOP('',(#998,#999,#1000,#1001));
#5035=EDGE_LOOP('',(#1002,#1003,#1004,#1005));
#5036=EDGE_LOOP('',(#1006,#1007,#1008,#1009));
#5037=EDGE_LOOP('',(#1010,#1011,#1012,#1013));
#5038=EDGE_LOOP('',(#1014,#1015,#1016,#1017));
#5039=EDGE_LOOP('',(#1018,#1019,#1020,#1021));
#5040=EDGE_LOOP('',(#1022,#1023,#1024,#1025));
#5041=EDGE_LOOP('',(#1026,#1027,#1028,#1029));
#5042=EDGE_LOOP('',(#1030,#1031,#1032,#1033));
#5043=EDGE_LOOP('',(#1034,#1035,#1036,#1037));
#5044=EDGE_LOOP('',(#1038,#1039,#1040,#1041));
#5045=EDGE_LOOP('',(#1042,#1043,#1044,#1045));
#5046=EDGE_LOOP('',(#1046,#1047,#1048,#1049));
#5047=EDGE_LOOP('',(#1050,#1051,#1052,#1053));
#5048=EDGE_LOOP('',(#1054,#1055,#1056,#1057,#1058,#1059,#1060,#1061));
#5049=EDGE_LOOP('',(#1062,#1063,#1064,#1065,#1066,#1067,#1068,#1069,#1070));
#5050=EDGE_LOOP('',(#1071,#1072,#1073,#1074,#1075,#1076,#1077,#1078));
#5051=EDGE_LOOP('',(#1079,#1080,#1081,#1082,#1083,#1084,#1085,#1086,#1087));
#5052=EDGE_LOOP('',(#1088,#1089,#1090,#1091));
#5053=EDGE_LOOP('',(#1092,#1093,#1094,#1095,#1096,#1097,#1098,#1099,#1100,
#1101,#1102,#1103));
#5054=EDGE_LOOP('',(#1104,#1105,#1106,#1107,#1108,#1109,#1110,#1111,#1112,
#1113,#1114,#1115));
#5055=EDGE_LOOP('',(#1116,#1117,#1118,#1119,#1120,#1121,#1122,#1123));
#5056=EDGE_LOOP('',(#1124,#1125,#1126,#1127,#1128,#1129,#1130,#1131,#1132,
#1133,#1134,#1135,#1136));
#5057=EDGE_LOOP('',(#1137,#1138,#1139,#1140,#1141,#1142,#1143,#1144,#1145,
#1146,#1147));
#5058=EDGE_LOOP('',(#1148));
#5059=EDGE_LOOP('',(#1149,#1150,#1151,#1152,#1153,#1154,#1155,#1156,#1157));
#5060=EDGE_LOOP('',(#1158,#1159,#1160,#1161,#1162,#1163,#1164,#1165,#1166,
#1167,#1168,#1169));
#5061=EDGE_LOOP('',(#1170,#1171,#1172,#1173));
#5062=EDGE_LOOP('',(#1174,#1175,#1176,#1177,#1178,#1179));
#5063=EDGE_LOOP('',(#1180));
#5064=EDGE_LOOP('',(#1181));
#5065=EDGE_LOOP('',(#1182,#1183,#1184,#1185,#1186,#1187,#1188,#1189));
#5066=EDGE_LOOP('',(#1190,#1191,#1192,#1193,#1194,#1195,#1196,#1197,#1198,
#1199,#1200,#1201,#1202,#1203,#1204,#1205,#1206,#1207,#1208,#1209,#1210,
#1211,#1212,#1213,#1214,#1215,#1216,#1217,#1218,#1219,#1220,#1221));
#5067=EDGE_LOOP('',(#1222,#1223,#1224,#1225));
#5068=EDGE_LOOP('',(#1226,#1227,#1228,#1229));
#5069=EDGE_LOOP('',(#1230,#1231,#1232,#1233));
#5070=EDGE_LOOP('',(#1234,#1235,#1236,#1237));
#5071=EDGE_LOOP('',(#1238,#1239,#1240,#1241));
#5072=EDGE_LOOP('',(#1242,#1243,#1244,#1245));
#5073=EDGE_LOOP('',(#1246,#1247,#1248,#1249));
#5074=EDGE_LOOP('',(#1250,#1251,#1252,#1253));
#5075=EDGE_LOOP('',(#1254,#1255,#1256,#1257));
#5076=EDGE_LOOP('',(#1258,#1259,#1260,#1261));
#5077=EDGE_LOOP('',(#1262,#1263,#1264,#1265));
#5078=EDGE_LOOP('',(#1266,#1267,#1268,#1269,#1270,#1271,#1272,#1273));
#5079=EDGE_LOOP('',(#1274,#1275,#1276,#1277));
#5080=EDGE_LOOP('',(#1278,#1279,#1280,#1281,#1282,#1283,#1284,#1285));
#5081=EDGE_LOOP('',(#1286,#1287,#1288,#1289,#1290,#1291,#1292,#1293));
#5082=EDGE_LOOP('',(#1294,#1295,#1296,#1297,#1298,#1299,#1300,#1301,#1302));
#5083=EDGE_LOOP('',(#1303));
#5084=EDGE_LOOP('',(#1304,#1305,#1306,#1307));
#5085=EDGE_LOOP('',(#1308,#1309,#1310,#1311));
#5086=EDGE_LOOP('',(#1312,#1313,#1314,#1315));
#5087=EDGE_LOOP('',(#1316,#1317,#1318,#1319));
#5088=EDGE_LOOP('',(#1320,#1321,#1322,#1323));
#5089=EDGE_LOOP('',(#1324,#1325,#1326,#1327));
#5090=EDGE_LOOP('',(#1328,#1329,#1330,#1331));
#5091=EDGE_LOOP('',(#1332,#1333,#1334,#1335));
#5092=EDGE_LOOP('',(#1336));
#5093=EDGE_LOOP('',(#1337));
#5094=EDGE_LOOP('',(#1338,#1339,#1340,#1341));
#5095=EDGE_LOOP('',(#1342,#1343,#1344,#1345));
#5096=EDGE_LOOP('',(#1346,#1347,#1348,#1349));
#5097=EDGE_LOOP('',(#1350));
#5098=EDGE_LOOP('',(#1351));
#5099=EDGE_LOOP('',(#1352));
#5100=EDGE_LOOP('',(#1353,#1354,#1355,#1356));
#5101=EDGE_LOOP('',(#1357,#1358,#1359,#1360));
#5102=EDGE_LOOP('',(#1361,#1362,#1363,#1364));
#5103=EDGE_LOOP('',(#1365,#1366,#1367,#1368));
#5104=EDGE_LOOP('',(#1369,#1370,#1371,#1372));
#5105=EDGE_LOOP('',(#1373,#1374,#1375,#1376,#1377));
#5106=EDGE_LOOP('',(#1378));
#5107=EDGE_LOOP('',(#1379,#1380,#1381));
#5108=EDGE_LOOP('',(#1382,#1383,#1384,#1385));
#5109=EDGE_LOOP('',(#1386,#1387,#1388,#1389,#1390));
#5110=EDGE_LOOP('',(#1391,#1392,#1393,#1394));
#5111=EDGE_LOOP('',(#1395,#1396,#1397));
#5112=EDGE_LOOP('',(#1398,#1399,#1400,#1401));
#5113=EDGE_LOOP('',(#1402,#1403,#1404,#1405));
#5114=EDGE_LOOP('',(#1406,#1407,#1408,#1409));
#5115=EDGE_LOOP('',(#1410,#1411,#1412,#1413));
#5116=EDGE_LOOP('',(#1414,#1415,#1416,#1417));
#5117=EDGE_LOOP('',(#1418,#1419,#1420,#1421));
#5118=EDGE_LOOP('',(#1422,#1423,#1424,#1425));
#5119=EDGE_LOOP('',(#1426,#1427,#1428,#1429));
#5120=EDGE_LOOP('',(#1430,#1431,#1432,#1433));
#5121=EDGE_LOOP('',(#1434,#1435,#1436));
#5122=EDGE_LOOP('',(#1437,#1438,#1439,#1440));
#5123=EDGE_LOOP('',(#1441,#1442,#1443,#1444));
#5124=EDGE_LOOP('',(#1445,#1446,#1447));
#5125=EDGE_LOOP('',(#1448,#1449,#1450,#1451));
#5126=EDGE_LOOP('',(#1452,#1453,#1454,#1455,#1456,#1457,#1458,#1459,#1460));
#5127=EDGE_LOOP('',(#1461,#1462,#1463,#1464,#1465,#1466,#1467,#1468,#1469));
#5128=EDGE_LOOP('',(#1470,#1471,#1472,#1473));
#5129=EDGE_LOOP('',(#1474,#1475,#1476,#1477));
#5130=EDGE_LOOP('',(#1478,#1479,#1480,#1481));
#5131=EDGE_LOOP('',(#1482,#1483,#1484,#1485));
#5132=EDGE_LOOP('',(#1486,#1487,#1488,#1489));
#5133=EDGE_LOOP('',(#1490,#1491,#1492,#1493));
#5134=EDGE_LOOP('',(#1494,#1495,#1496,#1497));
#5135=EDGE_LOOP('',(#1498,#1499,#1500,#1501));
#5136=EDGE_LOOP('',(#1502,#1503,#1504,#1505));
#5137=EDGE_LOOP('',(#1506,#1507,#1508,#1509));
#5138=EDGE_LOOP('',(#1510,#1511,#1512,#1513));
#5139=EDGE_LOOP('',(#1514,#1515,#1516,#1517));
#5140=EDGE_LOOP('',(#1518,#1519,#1520,#1521));
#5141=EDGE_LOOP('',(#1522,#1523,#1524,#1525));
#5142=EDGE_LOOP('',(#1526,#1527,#1528,#1529));
#5143=EDGE_LOOP('',(#1530,#1531,#1532,#1533));
#5144=EDGE_LOOP('',(#1534,#1535,#1536,#1537));
#5145=EDGE_LOOP('',(#1538,#1539,#1540,#1541));
#5146=EDGE_LOOP('',(#1542));
#5147=EDGE_LOOP('',(#1543));
#5148=EDGE_LOOP('',(#1544));
#5149=EDGE_LOOP('',(#1545));
#5150=EDGE_LOOP('',(#1546));
#5151=EDGE_LOOP('',(#1547));
#5152=EDGE_LOOP('',(#1548,#1549,#1550,#1551));
#5153=EDGE_LOOP('',(#1552,#1553,#1554,#1555));
#5154=EDGE_LOOP('',(#1556,#1557,#1558,#1559));
#5155=EDGE_LOOP('',(#1560,#1561,#1562,#1563));
#5156=EDGE_LOOP('',(#1564,#1565,#1566,#1567));
#5157=EDGE_LOOP('',(#1568,#1569,#1570,#1571));
#5158=EDGE_LOOP('',(#1572,#1573,#1574,#1575));
#5159=EDGE_LOOP('',(#1576,#1577,#1578,#1579));
#5160=EDGE_LOOP('',(#1580,#1581,#1582,#1583));
#5161=EDGE_LOOP('',(#1584,#1585,#1586,#1587));
#5162=EDGE_LOOP('',(#1588,#1589,#1590,#1591));
#5163=EDGE_LOOP('',(#1592,#1593,#1594,#1595,#1596,#1597,#1598,#1599,#1600,
#1601,#1602));
#5164=EDGE_LOOP('',(#1603,#1604,#1605,#1606));
#5165=EDGE_LOOP('',(#1607,#1608,#1609,#1610));
#5166=EDGE_LOOP('',(#1611,#1612,#1613,#1614));
#5167=EDGE_LOOP('',(#1615,#1616,#1617,#1618));
#5168=EDGE_LOOP('',(#1619,#1620,#1621,#1622));
#5169=EDGE_LOOP('',(#1623,#1624,#1625,#1626));
#5170=EDGE_LOOP('',(#1627,#1628,#1629,#1630));
#5171=EDGE_LOOP('',(#1631,#1632,#1633,#1634));
#5172=EDGE_LOOP('',(#1635,#1636,#1637,#1638));
#5173=EDGE_LOOP('',(#1639,#1640,#1641,#1642));
#5174=EDGE_LOOP('',(#1643,#1644,#1645,#1646));
#5175=EDGE_LOOP('',(#1647,#1648,#1649,#1650));
#5176=EDGE_LOOP('',(#1651,#1652,#1653,#1654,#1655,#1656,#1657,#1658,#1659,
#1660,#1661,#1662));
#5177=EDGE_LOOP('',(#1663,#1664,#1665,#1666));
#5178=EDGE_LOOP('',(#1667,#1668,#1669,#1670));
#5179=EDGE_LOOP('',(#1671,#1672,#1673,#1674));
#5180=EDGE_LOOP('',(#1675,#1676,#1677,#1678));
#5181=EDGE_LOOP('',(#1679,#1680,#1681,#1682));
#5182=EDGE_LOOP('',(#1683,#1684,#1685,#1686));
#5183=EDGE_LOOP('',(#1687,#1688,#1689,#1690));
#5184=EDGE_LOOP('',(#1691,#1692,#1693,#1694));
#5185=EDGE_LOOP('',(#1695,#1696,#1697,#1698));
#5186=EDGE_LOOP('',(#1699,#1700,#1701,#1702));
#5187=EDGE_LOOP('',(#1703,#1704,#1705,#1706));
#5188=EDGE_LOOP('',(#1707,#1708,#1709,#1710));
#5189=EDGE_LOOP('',(#1711,#1712,#1713,#1714));
#5190=EDGE_LOOP('',(#1715,#1716,#1717,#1718,#1719,#1720,#1721,#1722,#1723,
#1724,#1725,#1726,#1727));
#5191=EDGE_LOOP('',(#1728,#1729,#1730,#1731));
#5192=EDGE_LOOP('',(#1732,#1733,#1734,#1735));
#5193=EDGE_LOOP('',(#1736,#1737,#1738,#1739));
#5194=EDGE_LOOP('',(#1740,#1741,#1742,#1743));
#5195=EDGE_LOOP('',(#1744,#1745,#1746,#1747));
#5196=EDGE_LOOP('',(#1748,#1749,#1750,#1751));
#5197=EDGE_LOOP('',(#1752,#1753,#1754,#1755));
#5198=EDGE_LOOP('',(#1756,#1757,#1758,#1759));
#5199=EDGE_LOOP('',(#1760,#1761,#1762,#1763,#1764,#1765,#1766,#1767));
#5200=EDGE_LOOP('',(#1768,#1769,#1770,#1771));
#5201=EDGE_LOOP('',(#1772,#1773,#1774,#1775));
#5202=EDGE_LOOP('',(#1776,#1777,#1778,#1779));
#5203=EDGE_LOOP('',(#1780,#1781,#1782,#1783));
#5204=EDGE_LOOP('',(#1784,#1785,#1786,#1787));
#5205=EDGE_LOOP('',(#1788,#1789,#1790,#1791));
#5206=EDGE_LOOP('',(#1792,#1793,#1794,#1795));
#5207=EDGE_LOOP('',(#1796,#1797,#1798,#1799));
#5208=EDGE_LOOP('',(#1800,#1801,#1802,#1803));
#5209=EDGE_LOOP('',(#1804,#1805,#1806,#1807));
#5210=EDGE_LOOP('',(#1808,#1809,#1810,#1811));
#5211=EDGE_LOOP('',(#1812,#1813,#1814,#1815,#1816,#1817));
#5212=EDGE_LOOP('',(#1818,#1819,#1820,#1821));
#5213=EDGE_LOOP('',(#1822,#1823,#1824,#1825));
#5214=EDGE_LOOP('',(#1826,#1827,#1828,#1829));
#5215=EDGE_LOOP('',(#1830,#1831,#1832,#1833));
#5216=EDGE_LOOP('',(#1834,#1835,#1836,#1837));
#5217=EDGE_LOOP('',(#1838,#1839,#1840,#1841));
#5218=EDGE_LOOP('',(#1842,#1843,#1844,#1845));
#5219=EDGE_LOOP('',(#1846,#1847,#1848,#1849));
#5220=EDGE_LOOP('',(#1850,#1851,#1852,#1853));
#5221=EDGE_LOOP('',(#1854,#1855,#1856,#1857));
#5222=EDGE_LOOP('',(#1858,#1859,#1860,#1861));
#5223=EDGE_LOOP('',(#1862,#1863,#1864,#1865));
#5224=EDGE_LOOP('',(#1866,#1867,#1868,#1869));
#5225=EDGE_LOOP('',(#1870,#1871,#1872,#1873));
#5226=EDGE_LOOP('',(#1874,#1875,#1876,#1877));
#5227=EDGE_LOOP('',(#1878,#1879,#1880,#1881));
#5228=EDGE_LOOP('',(#1882,#1883,#1884,#1885));
#5229=EDGE_LOOP('',(#1886,#1887,#1888,#1889));
#5230=EDGE_LOOP('',(#1890,#1891,#1892,#1893));
#5231=EDGE_LOOP('',(#1894,#1895,#1896,#1897));
#5232=EDGE_LOOP('',(#1898,#1899,#1900,#1901));
#5233=EDGE_LOOP('',(#1902,#1903,#1904,#1905));
#5234=EDGE_LOOP('',(#1906,#1907,#1908,#1909));
#5235=EDGE_LOOP('',(#1910,#1911,#1912,#1913));
#5236=EDGE_LOOP('',(#1914,#1915,#1916,#1917));
#5237=EDGE_LOOP('',(#1918,#1919,#1920,#1921));
#5238=EDGE_LOOP('',(#1922,#1923,#1924,#1925));
#5239=EDGE_LOOP('',(#1926,#1927,#1928,#1929));
#5240=EDGE_LOOP('',(#1930,#1931,#1932,#1933));
#5241=EDGE_LOOP('',(#1934,#1935,#1936,#1937));
#5242=EDGE_LOOP('',(#1938,#1939,#1940,#1941));
#5243=EDGE_LOOP('',(#1942,#1943,#1944,#1945));
#5244=EDGE_LOOP('',(#1946,#1947,#1948,#1949));
#5245=EDGE_LOOP('',(#1950,#1951,#1952,#1953));
#5246=EDGE_LOOP('',(#1954,#1955,#1956,#1957));
#5247=EDGE_LOOP('',(#1958,#1959,#1960,#1961));
#5248=EDGE_LOOP('',(#1962,#1963,#1964,#1965));
#5249=EDGE_LOOP('',(#1966,#1967,#1968,#1969));
#5250=EDGE_LOOP('',(#1970,#1971,#1972,#1973,#1974,#1975,#1976,#1977,#1978));
#5251=EDGE_LOOP('',(#1979,#1980,#1981,#1982,#1983,#1984,#1985,#1986,#1987));
#5252=EDGE_LOOP('',(#1988,#1989,#1990,#1991,#1992,#1993,#1994,#1995,#1996));
#5253=EDGE_LOOP('',(#1997,#1998,#1999,#2000,#2001,#2002,#2003,#2004,#2005));
#5254=FACE_BOUND('',#4875,.T.);
#5255=FACE_BOUND('',#4876,.T.);
#5256=FACE_BOUND('',#4877,.T.);
#5257=FACE_BOUND('',#4878,.T.);
#5258=FACE_BOUND('',#4879,.T.);
#5259=FACE_BOUND('',#4880,.T.);
#5260=FACE_BOUND('',#4881,.T.);
#5261=FACE_BOUND('',#4882,.T.);
#5262=FACE_BOUND('',#4883,.T.);
#5263=FACE_BOUND('',#4884,.T.);
#5264=FACE_BOUND('',#4885,.T.);
#5265=FACE_BOUND('',#4886,.T.);
#5266=FACE_BOUND('',#4887,.T.);
#5267=FACE_BOUND('',#4888,.T.);
#5268=FACE_BOUND('',#4889,.T.);
#5269=FACE_BOUND('',#4890,.T.);
#5270=FACE_BOUND('',#4891,.T.);
#5271=FACE_BOUND('',#4892,.T.);
#5272=FACE_BOUND('',#4893,.T.);
#5273=FACE_BOUND('',#4894,.T.);
#5274=FACE_BOUND('',#4895,.T.);
#5275=FACE_BOUND('',#4896,.T.);
#5276=FACE_BOUND('',#4897,.T.);
#5277=FACE_BOUND('',#4898,.T.);
#5278=FACE_BOUND('',#4899,.T.);
#5279=FACE_BOUND('',#4900,.T.);
#5280=FACE_BOUND('',#4901,.T.);
#5281=FACE_BOUND('',#4902,.T.);
#5282=FACE_BOUND('',#4903,.T.);
#5283=FACE_BOUND('',#4904,.T.);
#5284=FACE_BOUND('',#4905,.T.);
#5285=FACE_BOUND('',#4906,.T.);
#5286=FACE_BOUND('',#4907,.T.);
#5287=FACE_BOUND('',#4908,.T.);
#5288=FACE_BOUND('',#4909,.T.);
#5289=FACE_BOUND('',#4910,.T.);
#5290=FACE_BOUND('',#4911,.T.);
#5291=FACE_BOUND('',#4912,.T.);
#5292=FACE_BOUND('',#4913,.T.);
#5293=FACE_BOUND('',#4914,.T.);
#5294=FACE_BOUND('',#4915,.T.);
#5295=FACE_BOUND('',#4916,.T.);
#5296=FACE_BOUND('',#4917,.T.);
#5297=FACE_BOUND('',#4918,.T.);
#5298=FACE_BOUND('',#4919,.T.);
#5299=FACE_BOUND('',#4920,.T.);
#5300=FACE_BOUND('',#4921,.T.);
#5301=FACE_BOUND('',#4922,.T.);
#5302=FACE_BOUND('',#4923,.T.);
#5303=FACE_BOUND('',#4924,.T.);
#5304=FACE_BOUND('',#4925,.T.);
#5305=FACE_BOUND('',#4926,.T.);
#5306=FACE_BOUND('',#4927,.T.);
#5307=FACE_BOUND('',#4928,.T.);
#5308=FACE_BOUND('',#4929,.T.);
#5309=FACE_BOUND('',#4930,.T.);
#5310=FACE_BOUND('',#4931,.T.);
#5311=FACE_BOUND('',#4932,.T.);
#5312=FACE_BOUND('',#4933,.T.);
#5313=FACE_BOUND('',#4934,.T.);
#5314=FACE_BOUND('',#4935,.T.);
#5315=FACE_BOUND('',#4936,.T.);
#5316=FACE_BOUND('',#4937,.T.);
#5317=FACE_BOUND('',#4938,.T.);
#5318=FACE_BOUND('',#4939,.T.);
#5319=FACE_BOUND('',#4940,.T.);
#5320=FACE_BOUND('',#4941,.T.);
#5321=FACE_BOUND('',#4942,.T.);
#5322=FACE_BOUND('',#4943,.T.);
#5323=FACE_BOUND('',#4944,.T.);
#5324=FACE_BOUND('',#4945,.T.);
#5325=FACE_BOUND('',#4946,.T.);
#5326=FACE_BOUND('',#4947,.T.);
#5327=FACE_BOUND('',#4948,.T.);
#5328=FACE_BOUND('',#4949,.T.);
#5329=FACE_BOUND('',#4950,.T.);
#5330=FACE_BOUND('',#4951,.T.);
#5331=FACE_BOUND('',#4952,.T.);
#5332=FACE_BOUND('',#4953,.T.);
#5333=FACE_BOUND('',#4954,.T.);
#5334=FACE_BOUND('',#4955,.T.);
#5335=FACE_BOUND('',#4956,.T.);
#5336=FACE_BOUND('',#4957,.T.);
#5337=FACE_BOUND('',#4958,.T.);
#5338=FACE_BOUND('',#4959,.T.);
#5339=FACE_BOUND('',#4960,.T.);
#5340=FACE_BOUND('',#4961,.T.);
#5341=FACE_BOUND('',#4962,.T.);
#5342=FACE_BOUND('',#4963,.T.);
#5343=FACE_BOUND('',#4964,.T.);
#5344=FACE_BOUND('',#4965,.T.);
#5345=FACE_BOUND('',#4966,.T.);
#5346=FACE_BOUND('',#4967,.T.);
#5347=FACE_BOUND('',#4968,.T.);
#5348=FACE_BOUND('',#4969,.T.);
#5349=FACE_BOUND('',#4970,.T.);
#5350=FACE_BOUND('',#4971,.T.);
#5351=FACE_BOUND('',#4972,.T.);
#5352=FACE_BOUND('',#4973,.T.);
#5353=FACE_BOUND('',#4974,.T.);
#5354=FACE_BOUND('',#4975,.T.);
#5355=FACE_BOUND('',#4976,.T.);
#5356=FACE_BOUND('',#4977,.T.);
#5357=FACE_BOUND('',#4978,.T.);
#5358=FACE_BOUND('',#4979,.T.);
#5359=FACE_BOUND('',#4980,.T.);
#5360=FACE_BOUND('',#4981,.T.);
#5361=FACE_BOUND('',#4982,.T.);
#5362=FACE_BOUND('',#4983,.T.);
#5363=FACE_BOUND('',#4984,.T.);
#5364=FACE_BOUND('',#4985,.T.);
#5365=FACE_BOUND('',#4986,.T.);
#5366=FACE_BOUND('',#4987,.T.);
#5367=FACE_BOUND('',#4988,.T.);
#5368=FACE_BOUND('',#4989,.T.);
#5369=FACE_BOUND('',#4990,.T.);
#5370=FACE_BOUND('',#4991,.T.);
#5371=FACE_BOUND('',#4992,.T.);
#5372=FACE_BOUND('',#4993,.T.);
#5373=FACE_BOUND('',#4994,.T.);
#5374=FACE_BOUND('',#4995,.T.);
#5375=FACE_BOUND('',#4996,.T.);
#5376=FACE_BOUND('',#4997,.T.);
#5377=FACE_BOUND('',#4998,.T.);
#5378=FACE_BOUND('',#4999,.T.);
#5379=FACE_BOUND('',#5000,.T.);
#5380=FACE_BOUND('',#5001,.T.);
#5381=FACE_BOUND('',#5002,.T.);
#5382=FACE_BOUND('',#5003,.T.);
#5383=FACE_BOUND('',#5004,.T.);
#5384=FACE_BOUND('',#5005,.T.);
#5385=FACE_BOUND('',#5006,.T.);
#5386=FACE_BOUND('',#5007,.T.);
#5387=FACE_BOUND('',#5008,.T.);
#5388=FACE_BOUND('',#5009,.T.);
#5389=FACE_BOUND('',#5010,.T.);
#5390=FACE_BOUND('',#5011,.T.);
#5391=FACE_BOUND('',#5012,.T.);
#5392=FACE_BOUND('',#5013,.T.);
#5393=FACE_BOUND('',#5014,.T.);
#5394=FACE_BOUND('',#5015,.T.);
#5395=FACE_BOUND('',#5016,.T.);
#5396=FACE_BOUND('',#5017,.T.);
#5397=FACE_BOUND('',#5018,.T.);
#5398=FACE_BOUND('',#5019,.T.);
#5399=FACE_BOUND('',#5020,.T.);
#5400=FACE_BOUND('',#5021,.T.);
#5401=FACE_BOUND('',#5022,.T.);
#5402=FACE_BOUND('',#5023,.T.);
#5403=FACE_BOUND('',#5024,.T.);
#5404=FACE_BOUND('',#5025,.T.);
#5405=FACE_BOUND('',#5026,.T.);
#5406=FACE_BOUND('',#5027,.T.);
#5407=FACE_BOUND('',#5028,.T.);
#5408=FACE_BOUND('',#5029,.T.);
#5409=FACE_BOUND('',#5030,.T.);
#5410=FACE_BOUND('',#5031,.T.);
#5411=FACE_BOUND('',#5032,.T.);
#5412=FACE_BOUND('',#5033,.T.);
#5413=FACE_BOUND('',#5034,.T.);
#5414=FACE_BOUND('',#5035,.T.);
#5415=FACE_BOUND('',#5036,.T.);
#5416=FACE_BOUND('',#5037,.T.);
#5417=FACE_BOUND('',#5038,.T.);
#5418=FACE_BOUND('',#5039,.T.);
#5419=FACE_BOUND('',#5040,.T.);
#5420=FACE_BOUND('',#5041,.T.);
#5421=FACE_BOUND('',#5042,.T.);
#5422=FACE_BOUND('',#5043,.T.);
#5423=FACE_BOUND('',#5044,.T.);
#5424=FACE_BOUND('',#5045,.T.);
#5425=FACE_BOUND('',#5046,.T.);
#5426=FACE_BOUND('',#5047,.T.);
#5427=FACE_BOUND('',#5048,.T.);
#5428=FACE_BOUND('',#5049,.T.);
#5429=FACE_BOUND('',#5050,.T.);
#5430=FACE_BOUND('',#5051,.T.);
#5431=FACE_BOUND('',#5052,.T.);
#5432=FACE_BOUND('',#5053,.T.);
#5433=FACE_BOUND('',#5054,.T.);
#5434=FACE_BOUND('',#5055,.T.);
#5435=FACE_BOUND('',#5056,.T.);
#5436=FACE_BOUND('',#5057,.T.);
#5437=FACE_BOUND('',#5058,.T.);
#5438=FACE_BOUND('',#5059,.T.);
#5439=FACE_BOUND('',#5060,.T.);
#5440=FACE_BOUND('',#5061,.T.);
#5441=FACE_BOUND('',#5062,.T.);
#5442=FACE_BOUND('',#5063,.T.);
#5443=FACE_BOUND('',#5064,.T.);
#5444=FACE_BOUND('',#5065,.T.);
#5445=FACE_BOUND('',#5066,.T.);
#5446=FACE_BOUND('',#5067,.T.);
#5447=FACE_BOUND('',#5068,.T.);
#5448=FACE_BOUND('',#5069,.T.);
#5449=FACE_BOUND('',#5070,.T.);
#5450=FACE_BOUND('',#5071,.T.);
#5451=FACE_BOUND('',#5072,.T.);
#5452=FACE_BOUND('',#5073,.T.);
#5453=FACE_BOUND('',#5074,.T.);
#5454=FACE_BOUND('',#5075,.T.);
#5455=FACE_BOUND('',#5076,.T.);
#5456=FACE_BOUND('',#5077,.T.);
#5457=FACE_BOUND('',#5078,.T.);
#5458=FACE_BOUND('',#5079,.T.);
#5459=FACE_BOUND('',#5080,.T.);
#5460=FACE_BOUND('',#5081,.T.);
#5461=FACE_BOUND('',#5082,.T.);
#5462=FACE_BOUND('',#5083,.T.);
#5463=FACE_BOUND('',#5084,.T.);
#5464=FACE_BOUND('',#5085,.T.);
#5465=FACE_BOUND('',#5086,.T.);
#5466=FACE_BOUND('',#5087,.T.);
#5467=FACE_BOUND('',#5088,.T.);
#5468=FACE_BOUND('',#5089,.T.);
#5469=FACE_BOUND('',#5090,.T.);
#5470=FACE_BOUND('',#5091,.T.);
#5471=FACE_BOUND('',#5092,.T.);
#5472=FACE_BOUND('',#5093,.T.);
#5473=FACE_BOUND('',#5094,.T.);
#5474=FACE_BOUND('',#5095,.T.);
#5475=FACE_BOUND('',#5096,.T.);
#5476=FACE_BOUND('',#5097,.T.);
#5477=FACE_BOUND('',#5098,.T.);
#5478=FACE_BOUND('',#5099,.T.);
#5479=FACE_BOUND('',#5100,.T.);
#5480=FACE_BOUND('',#5101,.T.);
#5481=FACE_BOUND('',#5102,.T.);
#5482=FACE_BOUND('',#5103,.T.);
#5483=FACE_BOUND('',#5104,.T.);
#5484=FACE_BOUND('',#5105,.T.);
#5485=FACE_BOUND('',#5106,.T.);
#5486=FACE_BOUND('',#5107,.T.);
#5487=FACE_BOUND('',#5108,.T.);
#5488=FACE_BOUND('',#5109,.T.);
#5489=FACE_BOUND('',#5110,.T.);
#5490=FACE_BOUND('',#5111,.T.);
#5491=FACE_BOUND('',#5112,.T.);
#5492=FACE_BOUND('',#5113,.T.);
#5493=FACE_BOUND('',#5114,.T.);
#5494=FACE_BOUND('',#5115,.T.);
#5495=FACE_BOUND('',#5116,.T.);
#5496=FACE_BOUND('',#5117,.T.);
#5497=FACE_BOUND('',#5118,.T.);
#5498=FACE_BOUND('',#5119,.T.);
#5499=FACE_BOUND('',#5120,.T.);
#5500=FACE_BOUND('',#5121,.T.);
#5501=FACE_BOUND('',#5122,.T.);
#5502=FACE_BOUND('',#5123,.T.);
#5503=FACE_BOUND('',#5124,.T.);
#5504=FACE_BOUND('',#5125,.T.);
#5505=FACE_BOUND('',#5126,.T.);
#5506=FACE_BOUND('',#5127,.T.);
#5507=FACE_BOUND('',#5128,.T.);
#5508=FACE_BOUND('',#5129,.T.);
#5509=FACE_BOUND('',#5130,.T.);
#5510=FACE_BOUND('',#5131,.T.);
#5511=FACE_BOUND('',#5132,.T.);
#5512=FACE_BOUND('',#5133,.T.);
#5513=FACE_BOUND('',#5134,.T.);
#5514=FACE_BOUND('',#5135,.T.);
#5515=FACE_BOUND('',#5136,.T.);
#5516=FACE_BOUND('',#5137,.T.);
#5517=FACE_BOUND('',#5138,.T.);
#5518=FACE_BOUND('',#5139,.T.);
#5519=FACE_BOUND('',#5140,.T.);
#5520=FACE_BOUND('',#5141,.T.);
#5521=FACE_BOUND('',#5142,.T.);
#5522=FACE_BOUND('',#5143,.T.);
#5523=FACE_BOUND('',#5144,.T.);
#5524=FACE_BOUND('',#5145,.T.);
#5525=FACE_BOUND('',#5146,.T.);
#5526=FACE_BOUND('',#5147,.T.);
#5527=FACE_BOUND('',#5148,.T.);
#5528=FACE_BOUND('',#5149,.T.);
#5529=FACE_BOUND('',#5150,.T.);
#5530=FACE_BOUND('',#5151,.T.);
#5531=FACE_BOUND('',#5152,.T.);
#5532=FACE_BOUND('',#5153,.T.);
#5533=FACE_BOUND('',#5154,.T.);
#5534=FACE_BOUND('',#5155,.T.);
#5535=FACE_BOUND('',#5156,.T.);
#5536=FACE_BOUND('',#5157,.T.);
#5537=FACE_BOUND('',#5158,.T.);
#5538=FACE_BOUND('',#5159,.T.);
#5539=FACE_BOUND('',#5160,.T.);
#5540=FACE_BOUND('',#5161,.T.);
#5541=FACE_BOUND('',#5162,.T.);
#5542=FACE_BOUND('',#5163,.T.);
#5543=FACE_BOUND('',#5164,.T.);
#5544=FACE_BOUND('',#5165,.T.);
#5545=FACE_BOUND('',#5166,.T.);
#5546=FACE_BOUND('',#5167,.T.);
#5547=FACE_BOUND('',#5168,.T.);
#5548=FACE_BOUND('',#5169,.T.);
#5549=FACE_BOUND('',#5170,.T.);
#5550=FACE_BOUND('',#5171,.T.);
#5551=FACE_BOUND('',#5172,.T.);
#5552=FACE_BOUND('',#5173,.T.);
#5553=FACE_BOUND('',#5174,.T.);
#5554=FACE_BOUND('',#5175,.T.);
#5555=FACE_BOUND('',#5176,.T.);
#5556=FACE_BOUND('',#5177,.T.);
#5557=FACE_BOUND('',#5178,.T.);
#5558=FACE_BOUND('',#5179,.T.);
#5559=FACE_BOUND('',#5180,.T.);
#5560=FACE_BOUND('',#5181,.T.);
#5561=FACE_BOUND('',#5182,.T.);
#5562=FACE_BOUND('',#5183,.T.);
#5563=FACE_BOUND('',#5184,.T.);
#5564=FACE_BOUND('',#5185,.T.);
#5565=FACE_BOUND('',#5186,.T.);
#5566=FACE_BOUND('',#5187,.T.);
#5567=FACE_BOUND('',#5188,.T.);
#5568=FACE_BOUND('',#5189,.T.);
#5569=FACE_BOUND('',#5190,.T.);
#5570=FACE_BOUND('',#5191,.T.);
#5571=FACE_BOUND('',#5192,.T.);
#5572=FACE_BOUND('',#5193,.T.);
#5573=FACE_BOUND('',#5194,.T.);
#5574=FACE_BOUND('',#5195,.T.);
#5575=FACE_BOUND('',#5196,.T.);
#5576=FACE_BOUND('',#5197,.T.);
#5577=FACE_BOUND('',#5198,.T.);
#5578=FACE_BOUND('',#5199,.T.);
#5579=FACE_BOUND('',#5200,.T.);
#5580=FACE_BOUND('',#5201,.T.);
#5581=FACE_BOUND('',#5202,.T.);
#5582=FACE_BOUND('',#5203,.T.);
#5583=FACE_BOUND('',#5204,.T.);
#5584=FACE_BOUND('',#5205,.T.);
#5585=FACE_BOUND('',#5206,.T.);
#5586=FACE_BOUND('',#5207,.T.);
#5587=FACE_BOUND('',#5208,.T.);
#5588=FACE_BOUND('',#5209,.T.);
#5589=FACE_BOUND('',#5210,.T.);
#5590=FACE_BOUND('',#5211,.T.);
#5591=FACE_BOUND('',#5212,.T.);
#5592=FACE_BOUND('',#5213,.T.);
#5593=FACE_BOUND('',#5214,.T.);
#5594=FACE_BOUND('',#5215,.T.);
#5595=FACE_BOUND('',#5216,.T.);
#5596=FACE_BOUND('',#5217,.T.);
#5597=FACE_BOUND('',#5218,.T.);
#5598=FACE_BOUND('',#5219,.T.);
#5599=FACE_BOUND('',#5220,.T.);
#5600=FACE_BOUND('',#5221,.T.);
#5601=FACE_BOUND('',#5222,.T.);
#5602=FACE_BOUND('',#5223,.T.);
#5603=FACE_BOUND('',#5224,.T.);
#5604=FACE_BOUND('',#5225,.T.);
#5605=FACE_BOUND('',#5226,.T.);
#5606=FACE_BOUND('',#5227,.T.);
#5607=FACE_BOUND('',#5228,.T.);
#5608=FACE_BOUND('',#5229,.T.);
#5609=FACE_BOUND('',#5230,.T.);
#5610=FACE_BOUND('',#5231,.T.);
#5611=FACE_BOUND('',#5232,.T.);
#5612=FACE_BOUND('',#5233,.T.);
#5613=FACE_BOUND('',#5234,.T.);
#5614=FACE_BOUND('',#5235,.T.);
#5615=FACE_BOUND('',#5236,.T.);
#5616=FACE_BOUND('',#5237,.T.);
#5617=FACE_BOUND('',#5238,.T.);
#5618=FACE_BOUND('',#5239,.T.);
#5619=FACE_BOUND('',#5240,.T.);
#5620=FACE_BOUND('',#5241,.T.);
#5621=FACE_BOUND('',#5242,.T.);
#5622=FACE_BOUND('',#5243,.T.);
#5623=FACE_BOUND('',#5244,.T.);
#5624=FACE_BOUND('',#5245,.T.);
#5625=FACE_BOUND('',#5246,.T.);
#5626=FACE_BOUND('',#5247,.T.);
#5627=FACE_BOUND('',#5248,.T.);
#5628=FACE_BOUND('',#5249,.T.);
#5629=FACE_BOUND('',#5250,.T.);
#5630=FACE_BOUND('',#5251,.T.);
#5631=FACE_BOUND('',#5252,.T.);
#5632=FACE_BOUND('',#5253,.T.);
#5633=PLANE('',#6361);
#5634=PLANE('',#6362);
#5635=PLANE('',#6363);
#5636=PLANE('',#6364);
#5637=PLANE('',#6365);
#5638=PLANE('',#6366);
#5639=PLANE('',#6367);
#5640=PLANE('',#6368);
#5641=PLANE('',#6369);
#5642=PLANE('',#6370);
#5643=PLANE('',#6372);
#5644=PLANE('',#6373);
#5645=PLANE('',#6374);
#5646=PLANE('',#6375);
#5647=PLANE('',#6380);
#5648=PLANE('',#6381);
#5649=PLANE('',#6382);
#5650=PLANE('',#6394);
#5651=PLANE('',#6395);
#5652=PLANE('',#6399);
#5653=PLANE('',#6402);
#5654=PLANE('',#6404);
#5655=PLANE('',#6405);
#5656=PLANE('',#6406);
#5657=PLANE('',#6409);
#5658=PLANE('',#6410);
#5659=PLANE('',#6412);
#5660=PLANE('',#6414);
#5661=PLANE('',#6416);
#5662=PLANE('',#6417);
#5663=PLANE('',#6418);
#5664=PLANE('',#6420);
#5665=PLANE('',#6422);
#5666=PLANE('',#6425);
#5667=PLANE('',#6427);
#5668=PLANE('',#6430);
#5669=PLANE('',#6431);
#5670=PLANE('',#6432);
#5671=PLANE('',#6493);
#5672=PLANE('',#6494);
#5673=PLANE('',#6495);
#5674=PLANE('',#6496);
#5675=PLANE('',#6497);
#5676=PLANE('',#6498);
#5677=PLANE('',#6499);
#5678=PLANE('',#6500);
#5679=PLANE('',#6501);
#5680=PLANE('',#6502);
#5681=PLANE('',#6503);
#5682=PLANE('',#6504);
#5683=PLANE('',#6512);
#5684=PLANE('',#6513);
#5685=PLANE('',#6515);
#5686=PLANE('',#6516);
#5687=PLANE('',#6517);
#5688=PLANE('',#6518);
#5689=PLANE('',#6519);
#5690=PLANE('',#6520);
#5691=PLANE('',#6521);
#5692=PLANE('',#6522);
#5693=PLANE('',#6523);
#5694=PLANE('',#6524);
#5695=PLANE('',#6525);
#5696=PLANE('',#6526);
#5697=PLANE('',#6527);
#5698=PLANE('',#6528);
#5699=PLANE('',#6529);
#5700=PLANE('',#6531);
#5701=PLANE('',#6532);
#5702=PLANE('',#6533);
#5703=PLANE('',#6534);
#5704=PLANE('',#6535);
#5705=PLANE('',#6536);
#5706=PLANE('',#6537);
#5707=PLANE('',#6538);
#5708=PLANE('',#6540);
#5709=PLANE('',#6541);
#5710=PLANE('',#6542);
#5711=PLANE('',#6543);
#5712=PLANE('',#6544);
#5713=PLANE('',#6545);
#5714=PLANE('',#6546);
#5715=PLANE('',#6547);
#5716=PLANE('',#6548);
#5717=PLANE('',#6549);
#5718=PLANE('',#6550);
#5719=PLANE('',#6551);
#5720=PLANE('',#6552);
#5721=PLANE('',#6553);
#5722=PLANE('',#6555);
#5723=PLANE('',#6556);
#5724=PLANE('',#6557);
#5725=PLANE('',#6558);
#5726=PLANE('',#6559);
#5727=PLANE('',#6560);
#5728=PLANE('',#6562);
#5729=PLANE('',#6563);
#5730=PLANE('',#6564);
#5731=PLANE('',#6565);
#5732=PLANE('',#6566);
#5733=PLANE('',#6567);
#5734=PLANE('',#6568);
#5735=PLANE('',#6569);
#5736=PLANE('',#6570);
#5737=PLANE('',#6571);
#5738=PLANE('',#6572);
#5739=PLANE('',#6573);
#5740=PLANE('',#6574);
#5741=PLANE('',#6579);
#5742=PLANE('',#6583);
#5743=PLANE('',#6584);
#5744=PLANE('',#6585);
#5745=PLANE('',#6586);
#5746=PLANE('',#6587);
#5747=PLANE('',#6588);
#5748=PLANE('',#6589);
#5749=PLANE('',#6590);
#5750=PLANE('',#6591);
#5751=PLANE('',#6595);
#5752=PLANE('',#6599);
#5753=PLANE('',#6600);
#5754=PLANE('',#6602);
#5755=PLANE('',#6606);
#5756=PLANE('',#6607);
#5757=PLANE('',#6608);
#5758=PLANE('',#6613);
#5759=PLANE('',#6616);
#5760=PLANE('',#6617);
#5761=PLANE('',#6626);
#5762=PLANE('',#6631);
#5763=PLANE('',#6632);
#5764=PLANE('',#6633);
#5765=PLANE('',#6634);
#5766=PLANE('',#6635);
#5767=PLANE('',#6636);
#5768=PLANE('',#6637);
#5769=PLANE('',#6640);
#5770=PLANE('',#6643);
#5771=PLANE('',#6646);
#5772=PLANE('',#6651);
#5773=PLANE('',#6652);
#5774=PLANE('',#6653);
#5775=PLANE('',#6654);
#5776=PLANE('',#6657);
#5777=PLANE('',#6660);
#5778=PLANE('',#6662);
#5779=PLANE('',#6663);
#5780=PLANE('',#6664);
#5781=PLANE('',#6665);
#5782=PLANE('',#6721);
#5783=PLANE('',#6730);
#5784=PLANE('',#6732);
#5785=PLANE('',#6733);
#5786=PLANE('',#6734);
#5787=PLANE('',#6736);
#5788=PLANE('',#6737);
#5789=PLANE('',#6738);
#5790=PLANE('',#6739);
#5791=PLANE('',#6741);
#5792=PLANE('',#6742);
#5793=PLANE('',#6743);
#5794=PLANE('',#6745);
#5795=PLANE('',#6746);
#5796=PLANE('',#6751);
#5797=PLANE('',#6752);
#5798=PLANE('',#6753);
#5799=PLANE('',#6754);
#5800=PLANE('',#6755);
#5801=PLANE('',#6756);
#5802=PLANE('',#6757);
#5803=PLANE('',#6758);
#5804=PLANE('',#6759);
#5805=PLANE('',#6760);
#5806=PLANE('',#6761);
#5807=PLANE('',#6762);
#5808=PLANE('',#6763);
#5809=PLANE('',#6764);
#5810=PLANE('',#6765);
#5811=PLANE('',#6766);
#5812=PLANE('',#6767);
#5813=PLANE('',#6768);
#5814=PLANE('',#6769);
#5815=PLANE('',#6770);
#5816=PLANE('',#6771);
#5817=PLANE('',#6772);
#5818=PLANE('',#6773);
#5819=PLANE('',#6774);
#5820=PLANE('',#6775);
#5821=PLANE('',#6776);
#5822=PLANE('',#6777);
#5823=PLANE('',#6778);
#5824=PLANE('',#6779);
#5825=PLANE('',#6780);
#5826=PLANE('',#6781);
#5827=PLANE('',#6782);
#5828=PLANE('',#6783);
#5829=PLANE('',#6784);
#5830=PLANE('',#6785);
#5831=PLANE('',#6786);
#5832=PLANE('',#6787);
#5833=PLANE('',#6788);
#5834=PLANE('',#6789);
#5835=PLANE('',#6790);
#5836=PLANE('',#6791);
#5837=PLANE('',#6792);
#5838=PLANE('',#6793);
#5839=PLANE('',#6794);
#5840=PLANE('',#6795);
#5841=PLANE('',#6796);
#5842=PLANE('',#6797);
#5843=PLANE('',#6798);
#5844=PLANE('',#6799);
#5845=PLANE('',#6800);
#5846=PLANE('',#6801);
#5847=PLANE('',#6802);
#5848=PLANE('',#6803);
#5849=PLANE('',#6804);
#5850=PLANE('',#6805);
#5851=PLANE('',#6806);
#5852=PLANE('',#6807);
#5853=PLANE('',#6808);
#5854=PLANE('',#6809);
#5855=PLANE('',#6810);
#5856=PLANE('',#6811);
#5857=PLANE('',#6812);
#5858=PLANE('',#6813);
#5859=PLANE('',#6814);
#5860=PLANE('',#6815);
#5861=PLANE('',#6816);
#5862=PLANE('',#6817);
#5863=PLANE('',#6818);
#5864=PLANE('',#6819);
#5865=PLANE('',#6820);
#5866=PLANE('',#6821);
#5867=PLANE('',#6822);
#5868=PLANE('',#6823);
#5869=PLANE('',#6824);
#5870=PLANE('',#6825);
#5871=PLANE('',#6826);
#5872=PLANE('',#6827);
#5873=PLANE('',#6828);
#5874=PLANE('',#6829);
#5875=PLANE('',#6830);
#5876=PLANE('',#6835);
#5877=PLANE('',#6836);
#5878=PLANE('',#6840);
#5879=PLANE('',#6841);
#5880=PLANE('',#6842);
#5881=PLANE('',#6846);
#5882=PLANE('',#6850);
#5883=PLANE('',#6851);
#5884=PLANE('',#6852);
#5885=PLANE('',#6856);
#5886=PLANE('',#6857);
#5887=PLANE('',#6861);
#5888=PLANE('',#6862);
#5889=PLANE('',#6863);
#5890=ADVANCED_FACE('',(#5254),#5633,.T.);
#5891=ADVANCED_FACE('',(#5255),#5634,.T.);
#5892=ADVANCED_FACE('',(#5256),#5635,.T.);
#5893=ADVANCED_FACE('',(#5257),#5636,.T.);
#5894=ADVANCED_FACE('',(#5258),#5637,.T.);
#5895=ADVANCED_FACE('',(#5259),#5638,.F.);
#5896=ADVANCED_FACE('',(#5260),#5639,.T.);
#5897=ADVANCED_FACE('',(#5261),#5640,.T.);
#5898=ADVANCED_FACE('',(#5262),#5641,.T.);
#5899=ADVANCED_FACE('',(#5263),#5642,.T.);
#5900=ADVANCED_FACE('',(#5264),#5643,.T.);
#5901=ADVANCED_FACE('',(#5265),#5644,.T.);
#5902=ADVANCED_FACE('',(#5266),#5645,.T.);
#5903=ADVANCED_FACE('',(#5267),#5646,.T.);
#5904=ADVANCED_FACE('',(#5268),#5647,.T.);
#5905=ADVANCED_FACE('',(#5269),#5648,.F.);
#5906=ADVANCED_FACE('',(#5270,#5271),#5649,.T.);
#5907=ADVANCED_FACE('',(#5272,#5273,#5274,#5275),#5650,.F.);
#5908=ADVANCED_FACE('',(#5276),#5651,.F.);
#5909=ADVANCED_FACE('',(#5277),#35,.T.);
#5910=ADVANCED_FACE('',(#5278),#5652,.F.);
#5911=ADVANCED_FACE('',(#5279),#36,.T.);
#5912=ADVANCED_FACE('',(#5280),#5653,.F.);
#5913=ADVANCED_FACE('',(#5281),#5654,.F.);
#5914=ADVANCED_FACE('',(#5282),#5655,.F.);
#5915=ADVANCED_FACE('',(#5283),#5656,.F.);
#5916=ADVANCED_FACE('',(#5284),#5657,.T.);
#5917=ADVANCED_FACE('',(#5285),#5658,.F.);
#5918=ADVANCED_FACE('',(#5286,#5287,#5288,#5289),#5659,.T.);
#5919=ADVANCED_FACE('',(#5290),#37,.F.);
#5920=ADVANCED_FACE('',(#5291),#5660,.T.);
#5921=ADVANCED_FACE('',(#5292),#38,.F.);
#5922=ADVANCED_FACE('',(#5293),#5661,.T.);
#5923=ADVANCED_FACE('',(#5294),#5662,.T.);
#5924=ADVANCED_FACE('',(#5295),#5663,.T.);
#5925=ADVANCED_FACE('',(#5296),#5664,.T.);
#5926=ADVANCED_FACE('',(#5297),#5665,.F.);
#5927=ADVANCED_FACE('',(#5298),#5666,.T.);
#5928=ADVANCED_FACE('',(#5299),#5667,.F.);
#5929=ADVANCED_FACE('',(#5300),#5668,.F.);
#5930=ADVANCED_FACE('',(#5301),#5669,.F.);
#5931=ADVANCED_FACE('',(#5302),#5670,.F.);
#5932=ADVANCED_FACE('',(#5303),#39,.T.);
#5933=ADVANCED_FACE('',(#5304),#40,.T.);
#5934=ADVANCED_FACE('',(#5305),#41,.T.);
#5935=ADVANCED_FACE('',(#5306),#42,.T.);
#5936=ADVANCED_FACE('',(#5307),#43,.F.);
#5937=ADVANCED_FACE('',(#5308),#44,.T.);
#5938=ADVANCED_FACE('',(#5309),#45,.T.);
#5939=ADVANCED_FACE('',(#5310),#24,.T.);
#5940=ADVANCED_FACE('',(#5311),#16,.T.);
#5941=ADVANCED_FACE('',(#5312),#46,.T.);
#5942=ADVANCED_FACE('',(#5313),#47,.T.);
#5943=ADVANCED_FACE('',(#5314),#48,.T.);
#5944=ADVANCED_FACE('',(#5315),#49,.T.);
#5945=ADVANCED_FACE('',(#5316),#17,.T.);
#5946=ADVANCED_FACE('',(#5317),#18,.T.);
#5947=ADVANCED_FACE('',(#5318),#50,.T.);
#5948=ADVANCED_FACE('',(#5319),#51,.T.);
#5949=ADVANCED_FACE('',(#5320),#52,.T.);
#5950=ADVANCED_FACE('',(#5321),#53,.F.);
#5951=ADVANCED_FACE('',(#5322),#25,.T.);
#5952=ADVANCED_FACE('',(#5323),#26,.T.);
#5953=ADVANCED_FACE('',(#5324),#27,.T.);
#5954=ADVANCED_FACE('',(#5325),#28,.T.);
#5955=ADVANCED_FACE('',(#5326),#54,.T.);
#5956=ADVANCED_FACE('',(#5327),#55,.T.);
#5957=ADVANCED_FACE('',(#5328),#56,.T.);
#5958=ADVANCED_FACE('',(#5329),#57,.T.);
#5959=ADVANCED_FACE('',(#5330),#19,.T.);
#5960=ADVANCED_FACE('',(#5331),#20,.T.);
#5961=ADVANCED_FACE('',(#5332),#58,.T.);
#5962=ADVANCED_FACE('',(#5333),#59,.T.);
#5963=ADVANCED_FACE('',(#5334),#60,.F.);
#5964=ADVANCED_FACE('',(#5335),#5671,.F.);
#5965=ADVANCED_FACE('',(#5336),#5672,.F.);
#5966=ADVANCED_FACE('',(#5337),#5673,.T.);
#5967=ADVANCED_FACE('',(#5338),#5674,.T.);
#5968=ADVANCED_FACE('',(#5339),#5675,.F.);
#5969=ADVANCED_FACE('',(#5340),#5676,.T.);
#5970=ADVANCED_FACE('',(#5341),#5677,.F.);
#5971=ADVANCED_FACE('',(#5342),#5678,.T.);
#5972=ADVANCED_FACE('',(#5343),#5679,.F.);
#5973=ADVANCED_FACE('',(#5344),#5680,.F.);
#5974=ADVANCED_FACE('',(#5345),#5681,.T.);
#5975=ADVANCED_FACE('',(#5346),#5682,.T.);
#5976=ADVANCED_FACE('',(#5347,#5348),#61,.T.);
#5977=ADVANCED_FACE('',(#5349,#5350),#62,.F.);
#5978=ADVANCED_FACE('',(#5351,#5352),#5683,.F.);
#5979=ADVANCED_FACE('',(#5353,#5354),#5684,.T.);
#5980=ADVANCED_FACE('',(#5355),#5685,.F.);
#5981=ADVANCED_FACE('',(#5356),#5686,.T.);
#5982=ADVANCED_FACE('',(#5357),#5687,.T.);
#5983=ADVANCED_FACE('',(#5358),#5688,.T.);
#5984=ADVANCED_FACE('',(#5359),#5689,.F.);
#5985=ADVANCED_FACE('',(#5360),#5690,.F.);
#5986=ADVANCED_FACE('',(#5361),#5691,.F.);
#5987=ADVANCED_FACE('',(#5362),#5692,.F.);
#5988=ADVANCED_FACE('',(#5363),#5693,.F.);
#5989=ADVANCED_FACE('',(#5364),#5694,.F.);
#5990=ADVANCED_FACE('',(#5365),#5695,.F.);
#5991=ADVANCED_FACE('',(#5366),#5696,.F.);
#5992=ADVANCED_FACE('',(#5367),#5697,.F.);
#5993=ADVANCED_FACE('',(#5368),#5698,.F.);
#5994=ADVANCED_FACE('',(#5369),#5699,.T.);
#5995=ADVANCED_FACE('',(#5370),#5700,.F.);
#5996=ADVANCED_FACE('',(#5371),#5701,.F.);
#5997=ADVANCED_FACE('',(#5372),#5702,.F.);
#5998=ADVANCED_FACE('',(#5373),#5703,.F.);
#5999=ADVANCED_FACE('',(#5374),#5704,.F.);
#6000=ADVANCED_FACE('',(#5375),#5705,.F.);
#6001=ADVANCED_FACE('',(#5376),#5706,.F.);
#6002=ADVANCED_FACE('',(#5377),#5707,.T.);
#6003=ADVANCED_FACE('',(#5378),#5708,.F.);
#6004=ADVANCED_FACE('',(#5379),#5709,.F.);
#6005=ADVANCED_FACE('',(#5380),#5710,.F.);
#6006=ADVANCED_FACE('',(#5381),#5711,.F.);
#6007=ADVANCED_FACE('',(#5382),#5712,.F.);
#6008=ADVANCED_FACE('',(#5383),#5713,.F.);
#6009=ADVANCED_FACE('',(#5384),#5714,.F.);
#6010=ADVANCED_FACE('',(#5385),#5715,.F.);
#6011=ADVANCED_FACE('',(#5386),#5716,.T.);
#6012=ADVANCED_FACE('',(#5387),#5717,.F.);
#6013=ADVANCED_FACE('',(#5388),#5718,.F.);
#6014=ADVANCED_FACE('',(#5389),#5719,.F.);
#6015=ADVANCED_FACE('',(#5390),#5720,.F.);
#6016=ADVANCED_FACE('',(#5391),#5721,.T.);
#6017=ADVANCED_FACE('',(#5392),#5722,.F.);
#6018=ADVANCED_FACE('',(#5393),#5723,.F.);
#6019=ADVANCED_FACE('',(#5394),#5724,.F.);
#6020=ADVANCED_FACE('',(#5395),#5725,.F.);
#6021=ADVANCED_FACE('',(#5396),#5726,.F.);
#6022=ADVANCED_FACE('',(#5397),#5727,.T.);
#6023=ADVANCED_FACE('',(#5398),#5728,.T.);
#6024=ADVANCED_FACE('',(#5399),#5729,.T.);
#6025=ADVANCED_FACE('',(#5400),#5730,.T.);
#6026=ADVANCED_FACE('',(#5401),#5731,.T.);
#6027=ADVANCED_FACE('',(#5402),#5732,.T.);
#6028=ADVANCED_FACE('',(#5403),#5733,.T.);
#6029=ADVANCED_FACE('',(#5404),#5734,.T.);
#6030=ADVANCED_FACE('',(#5405),#5735,.T.);
#6031=ADVANCED_FACE('',(#5406),#5736,.F.);
#6032=ADVANCED_FACE('',(#5407),#5737,.T.);
#6033=ADVANCED_FACE('',(#5408),#5738,.T.);
#6034=ADVANCED_FACE('',(#5409),#5739,.T.);
#6035=ADVANCED_FACE('',(#5410),#5740,.T.);
#6036=ADVANCED_FACE('',(#5411),#63,.F.);
#6037=ADVANCED_FACE('',(#5412),#5741,.T.);
#6038=ADVANCED_FACE('',(#5413),#64,.F.);
#6039=ADVANCED_FACE('',(#5414),#5742,.T.);
#6040=ADVANCED_FACE('',(#5415),#5743,.T.);
#6041=ADVANCED_FACE('',(#5416),#5744,.T.);
#6042=ADVANCED_FACE('',(#5417),#5745,.T.);
#6043=ADVANCED_FACE('',(#5418),#5746,.F.);
#6044=ADVANCED_FACE('',(#5419),#5747,.F.);
#6045=ADVANCED_FACE('',(#5420),#5748,.F.);
#6046=ADVANCED_FACE('',(#5421),#5749,.F.);
#6047=ADVANCED_FACE('',(#5422),#5750,.F.);
#6048=ADVANCED_FACE('',(#5423),#65,.T.);
#6049=ADVANCED_FACE('',(#5424),#5751,.F.);
#6050=ADVANCED_FACE('',(#5425),#66,.T.);
#6051=ADVANCED_FACE('',(#5426),#5752,.T.);
#6052=ADVANCED_FACE('',(#5427,#5428),#5753,.F.);
#6053=ADVANCED_FACE('',(#5429,#5430),#5754,.T.);
#6054=ADVANCED_FACE('',(#5431),#67,.T.);
#6055=ADVANCED_FACE('',(#5432),#5755,.T.);
#6056=ADVANCED_FACE('',(#5433),#5756,.T.);
#6057=ADVANCED_FACE('',(#5434,#5435,#5436,#5437,#5438,#5439,#5440,#5441),
#5757,.T.);
#6058=ADVANCED_FACE('',(#5442,#5443),#5758,.T.);
#6059=ADVANCED_FACE('',(#5444),#5759,.F.);
#6060=ADVANCED_FACE('',(#5445),#5760,.F.);
#6061=ADVANCED_FACE('',(#5446),#5761,.F.);
#6062=ADVANCED_FACE('',(#5447),#68,.T.);
#6063=ADVANCED_FACE('',(#5448),#69,.T.);
#6064=ADVANCED_FACE('',(#5449),#5762,.F.);
#6065=ADVANCED_FACE('',(#5450),#5763,.F.);
#6066=ADVANCED_FACE('',(#5451),#5764,.F.);
#6067=ADVANCED_FACE('',(#5452),#5765,.F.);
#6068=ADVANCED_FACE('',(#5453),#5766,.T.);
#6069=ADVANCED_FACE('',(#5454),#5767,.T.);
#6070=ADVANCED_FACE('',(#5455),#5768,.T.);
#6071=ADVANCED_FACE('',(#5456),#70,.F.);
#6072=ADVANCED_FACE('',(#5457),#5769,.T.);
#6073=ADVANCED_FACE('',(#5458),#71,.F.);
#6074=ADVANCED_FACE('',(#5459,#5460),#5770,.T.);
#6075=ADVANCED_FACE('',(#5461,#5462),#5771,.F.);
#6076=ADVANCED_FACE('',(#5463),#5772,.T.);
#6077=ADVANCED_FACE('',(#5464),#5773,.T.);
#6078=ADVANCED_FACE('',(#5465),#5774,.T.);
#6079=ADVANCED_FACE('',(#5466),#5775,.T.);
#6080=ADVANCED_FACE('',(#5467),#72,.F.);
#6081=ADVANCED_FACE('',(#5468),#5776,.T.);
#6082=ADVANCED_FACE('',(#5469),#73,.F.);
#6083=ADVANCED_FACE('',(#5470),#5777,.T.);
#6084=ADVANCED_FACE('',(#5471,#5472),#74,.F.);
#6085=ADVANCED_FACE('',(#5473),#5778,.F.);
#6086=ADVANCED_FACE('',(#5474),#5779,.F.);
#6087=ADVANCED_FACE('',(#5475),#5780,.T.);
#6088=ADVANCED_FACE('',(#5476),#5781,.F.);
#6089=ADVANCED_FACE('',(#5477,#5478),#75,.T.);
#6090=ADVANCED_FACE('',(#5479),#76,.F.);
#6091=ADVANCED_FACE('',(#5480),#29,.F.);
#6092=ADVANCED_FACE('',(#5481),#30,.F.);
#6093=ADVANCED_FACE('',(#5482),#77,.F.);
#6094=ADVANCED_FACE('',(#5483),#78,.F.);
#6095=ADVANCED_FACE('',(#5484),#79,.F.);
#6096=ADVANCED_FACE('',(#5485,#5486),#31,.F.);
#6097=ADVANCED_FACE('',(#5487),#80,.F.);
#6098=ADVANCED_FACE('',(#5488),#81,.F.);
#6099=ADVANCED_FACE('',(#5489),#82,.T.);
#6100=ADVANCED_FACE('',(#5490),#21,.T.);
#6101=ADVANCED_FACE('',(#5491),#83,.T.);
#6102=ADVANCED_FACE('',(#5492),#84,.T.);
#6103=ADVANCED_FACE('',(#5493),#85,.F.);
#6104=ADVANCED_FACE('',(#5494),#32,.T.);
#6105=ADVANCED_FACE('',(#5495),#33,.T.);
#6106=ADVANCED_FACE('',(#5496),#86,.T.);
#6107=ADVANCED_FACE('',(#5497),#87,.T.);
#6108=ADVANCED_FACE('',(#5498),#88,.T.);
#6109=ADVANCED_FACE('',(#5499),#34,.T.);
#6110=ADVANCED_FACE('',(#5500),#22,.T.);
#6111=ADVANCED_FACE('',(#5501),#89,.T.);
#6112=ADVANCED_FACE('',(#5502),#90,.T.);
#6113=ADVANCED_FACE('',(#5503),#23,.T.);
#6114=ADVANCED_FACE('',(#5504),#91,.T.);
#6115=ADVANCED_FACE('',(#5505,#5506),#5782,.T.);
#6116=ADVANCED_FACE('',(#5507),#92,.F.);
#6117=ADVANCED_FACE('',(#5508),#93,.T.);
#6118=ADVANCED_FACE('',(#5509),#5783,.T.);
#6119=ADVANCED_FACE('',(#5510),#94,.T.);
#6120=ADVANCED_FACE('',(#5511),#5784,.T.);
#6121=ADVANCED_FACE('',(#5512),#5785,.T.);
#6122=ADVANCED_FACE('',(#5513),#5786,.T.);
#6123=ADVANCED_FACE('',(#5514),#95,.F.);
#6124=ADVANCED_FACE('',(#5515),#5787,.T.);
#6125=ADVANCED_FACE('',(#5516),#5788,.T.);
#6126=ADVANCED_FACE('',(#5517),#5789,.F.);
#6127=ADVANCED_FACE('',(#5518),#5790,.F.);
#6128=ADVANCED_FACE('',(#5519),#96,.T.);
#6129=ADVANCED_FACE('',(#5520),#5791,.F.);
#6130=ADVANCED_FACE('',(#5521),#5792,.F.);
#6131=ADVANCED_FACE('',(#5522),#5793,.F.);
#6132=ADVANCED_FACE('',(#5523),#97,.F.);
#6133=ADVANCED_FACE('',(#5524),#5794,.F.);
#6134=ADVANCED_FACE('',(#5525,#5526),#5795,.T.);
#6135=ADVANCED_FACE('',(#5527,#5528),#98,.F.);
#6136=ADVANCED_FACE('',(#5529,#5530),#99,.T.);
#6137=ADVANCED_FACE('',(#5531),#5796,.F.);
#6138=ADVANCED_FACE('',(#5532),#5797,.F.);
#6139=ADVANCED_FACE('',(#5533),#5798,.F.);
#6140=ADVANCED_FACE('',(#5534),#5799,.F.);
#6141=ADVANCED_FACE('',(#5535),#5800,.F.);
#6142=ADVANCED_FACE('',(#5536),#5801,.F.);
#6143=ADVANCED_FACE('',(#5537),#5802,.F.);
#6144=ADVANCED_FACE('',(#5538),#5803,.F.);
#6145=ADVANCED_FACE('',(#5539),#5804,.F.);
#6146=ADVANCED_FACE('',(#5540),#5805,.F.);
#6147=ADVANCED_FACE('',(#5541),#5806,.F.);
#6148=ADVANCED_FACE('',(#5542),#5807,.T.);
#6149=ADVANCED_FACE('',(#5543),#5808,.T.);
#6150=ADVANCED_FACE('',(#5544),#5809,.T.);
#6151=ADVANCED_FACE('',(#5545),#5810,.T.);
#6152=ADVANCED_FACE('',(#5546),#5811,.T.);
#6153=ADVANCED_FACE('',(#5547),#5812,.T.);
#6154=ADVANCED_FACE('',(#5548),#5813,.T.);
#6155=ADVANCED_FACE('',(#5549),#5814,.T.);
#6156=ADVANCED_FACE('',(#5550),#5815,.F.);
#6157=ADVANCED_FACE('',(#5551),#5816,.T.);
#6158=ADVANCED_FACE('',(#5552),#5817,.T.);
#6159=ADVANCED_FACE('',(#5553),#5818,.T.);
#6160=ADVANCED_FACE('',(#5554),#5819,.T.);
#6161=ADVANCED_FACE('',(#5555),#5820,.T.);
#6162=ADVANCED_FACE('',(#5556),#5821,.F.);
#6163=ADVANCED_FACE('',(#5557),#5822,.F.);
#6164=ADVANCED_FACE('',(#5558),#5823,.F.);
#6165=ADVANCED_FACE('',(#5559),#5824,.T.);
#6166=ADVANCED_FACE('',(#5560),#5825,.T.);
#6167=ADVANCED_FACE('',(#5561),#5826,.T.);
#6168=ADVANCED_FACE('',(#5562),#5827,.T.);
#6169=ADVANCED_FACE('',(#5563),#5828,.T.);
#6170=ADVANCED_FACE('',(#5564),#5829,.T.);
#6171=ADVANCED_FACE('',(#5565),#5830,.T.);
#6172=ADVANCED_FACE('',(#5566),#5831,.T.);
#6173=ADVANCED_FACE('',(#5567),#5832,.T.);
#6174=ADVANCED_FACE('',(#5568),#5833,.T.);
#6175=ADVANCED_FACE('',(#5569),#5834,.T.);
#6176=ADVANCED_FACE('',(#5570),#5835,.F.);
#6177=ADVANCED_FACE('',(#5571),#5836,.F.);
#6178=ADVANCED_FACE('',(#5572),#5837,.F.);
#6179=ADVANCED_FACE('',(#5573),#5838,.F.);
#6180=ADVANCED_FACE('',(#5574),#5839,.F.);
#6181=ADVANCED_FACE('',(#5575),#5840,.F.);
#6182=ADVANCED_FACE('',(#5576),#5841,.F.);
#6183=ADVANCED_FACE('',(#5577),#5842,.F.);
#6184=ADVANCED_FACE('',(#5578),#5843,.T.);
#6185=ADVANCED_FACE('',(#5579),#5844,.T.);
#6186=ADVANCED_FACE('',(#5580),#5845,.T.);
#6187=ADVANCED_FACE('',(#5581),#5846,.T.);
#6188=ADVANCED_FACE('',(#5582),#5847,.T.);
#6189=ADVANCED_FACE('',(#5583),#5848,.T.);
#6190=ADVANCED_FACE('',(#5584),#5849,.T.);
#6191=ADVANCED_FACE('',(#5585),#5850,.T.);
#6192=ADVANCED_FACE('',(#5586),#5851,.T.);
#6193=ADVANCED_FACE('',(#5587),#5852,.T.);
#6194=ADVANCED_FACE('',(#5588),#5853,.T.);
#6195=ADVANCED_FACE('',(#5589),#5854,.T.);
#6196=ADVANCED_FACE('',(#5590),#5855,.T.);
#6197=ADVANCED_FACE('',(#5591),#5856,.T.);
#6198=ADVANCED_FACE('',(#5592),#5857,.T.);
#6199=ADVANCED_FACE('',(#5593),#5858,.F.);
#6200=ADVANCED_FACE('',(#5594),#5859,.T.);
#6201=ADVANCED_FACE('',(#5595),#5860,.F.);
#6202=ADVANCED_FACE('',(#5596),#5861,.T.);
#6203=ADVANCED_FACE('',(#5597),#5862,.F.);
#6204=ADVANCED_FACE('',(#5598),#5863,.F.);
#6205=ADVANCED_FACE('',(#5599),#5864,.T.);
#6206=ADVANCED_FACE('',(#5600),#5865,.F.);
#6207=ADVANCED_FACE('',(#5601),#5866,.T.);
#6208=ADVANCED_FACE('',(#5602),#5867,.F.);
#6209=ADVANCED_FACE('',(#5603),#5868,.F.);
#6210=ADVANCED_FACE('',(#5604),#5869,.T.);
#6211=ADVANCED_FACE('',(#5605),#5870,.F.);
#6212=ADVANCED_FACE('',(#5606),#5871,.T.);
#6213=ADVANCED_FACE('',(#5607),#5872,.T.);
#6214=ADVANCED_FACE('',(#5608),#5873,.F.);
#6215=ADVANCED_FACE('',(#5609),#5874,.T.);
#6216=ADVANCED_FACE('',(#5610),#5875,.F.);
#6217=ADVANCED_FACE('',(#5611),#100,.F.);
#6218=ADVANCED_FACE('',(#5612),#5876,.F.);
#6219=ADVANCED_FACE('',(#5613),#5877,.F.);
#6220=ADVANCED_FACE('',(#5614),#101,.T.);
#6221=ADVANCED_FACE('',(#5615),#5878,.F.);
#6222=ADVANCED_FACE('',(#5616),#5879,.F.);
#6223=ADVANCED_FACE('',(#5617),#5880,.F.);
#6224=ADVANCED_FACE('',(#5618),#102,.F.);
#6225=ADVANCED_FACE('',(#5619),#5881,.T.);
#6226=ADVANCED_FACE('',(#5620),#103,.T.);
#6227=ADVANCED_FACE('',(#5621),#5882,.T.);
#6228=ADVANCED_FACE('',(#5622),#5883,.T.);
#6229=ADVANCED_FACE('',(#5623),#5884,.T.);
#6230=ADVANCED_FACE('',(#5624),#104,.F.);
#6231=ADVANCED_FACE('',(#5625),#5885,.T.);
#6232=ADVANCED_FACE('',(#5626),#5886,.T.);
#6233=ADVANCED_FACE('',(#5627),#105,.T.);
#6234=ADVANCED_FACE('',(#5628),#5887,.F.);
#6235=ADVANCED_FACE('',(#5629,#5630),#5888,.F.);
#6236=ADVANCED_FACE('',(#5631,#5632),#5889,.T.);
#6237=CLOSED_SHELL('',(#5890,#5891,#5892,#5893,#5894,#5895,#5896,#5897,
#5898,#5899));
#6238=CLOSED_SHELL('',(#5900,#5901,#5902,#5903,#5904,#5905,#5906,#5907,
#5908,#5909,#5910,#5911,#5912,#5913,#5914,#5915,#5916,#5917,#5918,#5919,
#5920,#5921,#5922,#5923,#5924,#5925,#5926,#5927,#5928,#5929,#5930,#5931,
#5932,#5933,#5934,#5935,#5936,#5937,#5938,#5939,#5940,#5941,#5942,#5943,
#5944,#5945,#5946,#5947,#5948,#5949,#5950,#5951,#5952,#5953,#5954,#5955,
#5956,#5957,#5958,#5959,#5960,#5961,#5962,#5963,#5964,#5965,#5966,#5967,
#5968,#5969,#5970,#5971,#5972,#5973,#5974,#5975));
#6239=CLOSED_SHELL('',(#5976,#5977,#5978,#5979));
#6240=CLOSED_SHELL('',(#5980,#5981,#5982,#5983,#5984,#5985,#5986,#5987,
#5988,#5989,#5990,#5991,#5992,#5993,#5994));
#6241=CLOSED_SHELL('',(#5995,#5996,#5997,#5998,#5999,#6000,#6001,#6002));
#6242=CLOSED_SHELL('',(#6003,#6004,#6005,#6006,#6007,#6008,#6009,#6010,
#6011,#6012,#6013,#6014,#6015,#6016));
#6243=CLOSED_SHELL('',(#6017,#6018,#6019,#6020,#6021,#6022));
#6244=CLOSED_SHELL('',(#6023,#6024,#6025,#6026,#6027,#6028,#6029,#6030,
#6031,#6032,#6033,#6034,#6035));
#6245=CLOSED_SHELL('',(#6036,#6037,#6038,#6039,#6040,#6041,#6042,#6043,
#6044,#6045,#6046,#6047,#6048,#6049,#6050,#6051,#6052,#6053,#6054));
#6246=CLOSED_SHELL('',(#6055,#6056,#6057,#6058,#6059,#6060,#6061,#6062,
#6063,#6064,#6065,#6066,#6067,#6068,#6069,#6070,#6071,#6072,#6073,#6074,
#6075,#6076,#6077,#6078,#6079,#6080,#6081,#6082,#6083,#6084,#6085,#6086,
#6087,#6088,#6089,#6090,#6091,#6092,#6093,#6094,#6095,#6096,#6097,#6098,
#6099,#6100,#6101,#6102,#6103,#6104,#6105,#6106,#6107,#6108,#6109,#6110,
#6111,#6112,#6113,#6114,#6115,#6116,#6117,#6118,#6119,#6120,#6121,#6122,
#6123,#6124,#6125,#6126,#6127,#6128,#6129,#6130,#6131,#6132,#6133,#6134,
#6135,#6136,#6137,#6138,#6139,#6140,#6141,#6142,#6143,#6144,#6145,#6146,
#6147,#6148,#6149,#6150,#6151,#6152,#6153,#6154,#6155,#6156,#6157,#6158,
#6159,#6160,#6161,#6162,#6163,#6164,#6165,#6166,#6167,#6168,#6169,#6170,
#6171,#6172,#6173,#6174,#6175,#6176,#6177,#6178,#6179,#6180,#6181,#6182,
#6183,#6184,#6185,#6186,#6187,#6188,#6189,#6190,#6191,#6192,#6193,#6194,
#6195,#6196,#6197,#6198,#6199,#6200,#6201,#6202,#6203,#6204,#6205,#6206,
#6207,#6208,#6209,#6210,#6211,#6212,#6213,#6214,#6215,#6216));
#6247=CLOSED_SHELL('',(#6217,#6218,#6219,#6220,#6221,#6222,#6223,#6224,
#6225,#6226,#6227,#6228,#6229,#6230,#6231,#6232,#6233,#6234,#6235,#6236));
#6248=STYLED_ITEM('',(#6259),#6327);
#6249=STYLED_ITEM('',(#6260),#6328);
#6250=STYLED_ITEM('',(#6261),#6329);
#6251=STYLED_ITEM('',(#6262),#6330);
#6252=STYLED_ITEM('',(#6263),#6331);
#6253=STYLED_ITEM('',(#6264),#6332);
#6254=STYLED_ITEM('',(#6265),#6333);
#6255=STYLED_ITEM('',(#6266),#6334);
#6256=STYLED_ITEM('',(#6267),#6335);
#6257=STYLED_ITEM('',(#6268),#6336);
#6258=STYLED_ITEM('',(#6269),#6337);
#6259=PRESENTATION_STYLE_ASSIGNMENT((#6270));
#6260=PRESENTATION_STYLE_ASSIGNMENT((#6271));
#6261=PRESENTATION_STYLE_ASSIGNMENT((#6272));
#6262=PRESENTATION_STYLE_ASSIGNMENT((#6273));
#6263=PRESENTATION_STYLE_ASSIGNMENT((#6274));
#6264=PRESENTATION_STYLE_ASSIGNMENT((#6275));
#6265=PRESENTATION_STYLE_ASSIGNMENT((#6276));
#6266=PRESENTATION_STYLE_ASSIGNMENT((#6277));
#6267=PRESENTATION_STYLE_ASSIGNMENT((#6278));
#6268=PRESENTATION_STYLE_ASSIGNMENT((#6279));
#6269=PRESENTATION_STYLE_ASSIGNMENT((#6280));
#6270=SURFACE_STYLE_USAGE(.BOTH.,#6281);
#6271=SURFACE_STYLE_USAGE(.BOTH.,#6282);
#6272=SURFACE_STYLE_USAGE(.BOTH.,#6283);
#6273=SURFACE_STYLE_USAGE(.BOTH.,#6284);
#6274=SURFACE_STYLE_USAGE(.BOTH.,#6285);
#6275=SURFACE_STYLE_USAGE(.BOTH.,#6286);
#6276=SURFACE_STYLE_USAGE(.BOTH.,#6287);
#6277=SURFACE_STYLE_USAGE(.BOTH.,#6288);
#6278=SURFACE_STYLE_USAGE(.BOTH.,#6289);
#6279=SURFACE_STYLE_USAGE(.BOTH.,#6290);
#6280=SURFACE_STYLE_USAGE(.BOTH.,#6291);
#6281=SURFACE_SIDE_STYLE('',(#6292));
#6282=SURFACE_SIDE_STYLE('',(#6293));
#6283=SURFACE_SIDE_STYLE('',(#6294));
#6284=SURFACE_SIDE_STYLE('',(#6295));
#6285=SURFACE_SIDE_STYLE('',(#6296));
#6286=SURFACE_SIDE_STYLE('',(#6297));
#6287=SURFACE_SIDE_STYLE('',(#6298));
#6288=SURFACE_SIDE_STYLE('',(#6299));
#6289=SURFACE_SIDE_STYLE('',(#6300));
#6290=SURFACE_SIDE_STYLE('',(#6301));
#6291=SURFACE_SIDE_STYLE('',(#6302));
#6292=SURFACE_STYLE_FILL_AREA(#6303);
#6293=SURFACE_STYLE_FILL_AREA(#6304);
#6294=SURFACE_STYLE_FILL_AREA(#6305);
#6295=SURFACE_STYLE_FILL_AREA(#6306);
#6296=SURFACE_STYLE_FILL_AREA(#6307);
#6297=SURFACE_STYLE_FILL_AREA(#6308);
#6298=SURFACE_STYLE_FILL_AREA(#6309);
#6299=SURFACE_STYLE_FILL_AREA(#6310);
#6300=SURFACE_STYLE_FILL_AREA(#6311);
#6301=SURFACE_STYLE_FILL_AREA(#6312);
#6302=SURFACE_STYLE_FILL_AREA(#6313);
#6303=FILL_AREA_STYLE('',(#6314));
#6304=FILL_AREA_STYLE('',(#6315));
#6305=FILL_AREA_STYLE('',(#6316));
#6306=FILL_AREA_STYLE('',(#6317));
#6307=FILL_AREA_STYLE('',(#6318));
#6308=FILL_AREA_STYLE('',(#6319));
#6309=FILL_AREA_STYLE('',(#6320));
#6310=FILL_AREA_STYLE('',(#6321));
#6311=FILL_AREA_STYLE('',(#6322));
#6312=FILL_AREA_STYLE('',(#6323));
#6313=FILL_AREA_STYLE('',(#6324));
#6314=FILL_AREA_STYLE_COLOUR('',#6325);
#6315=FILL_AREA_STYLE_COLOUR('',#6326);
#6316=FILL_AREA_STYLE_COLOUR('',#6325);
#6317=FILL_AREA_STYLE_COLOUR('',#6325);
#6318=FILL_AREA_STYLE_COLOUR('',#6325);
#6319=FILL_AREA_STYLE_COLOUR('',#6325);
#6320=FILL_AREA_STYLE_COLOUR('',#6325);
#6321=FILL_AREA_STYLE_COLOUR('',#6325);
#6322=FILL_AREA_STYLE_COLOUR('',#6325);
#6323=FILL_AREA_STYLE_COLOUR('',#6326);
#6324=FILL_AREA_STYLE_COLOUR('',#6325);
#6325=COLOUR_RGB('',0.192156862745098,0.764705882352941,0.294117647058823);
#6326=COLOUR_RGB('',0.301960784313725,0.301960784313725,0.301960784313725);
#6327=MANIFOLD_SOLID_BREP('n',#6237);
#6328=MANIFOLD_SOLID_BREP('bottom',#6238);
#6329=MANIFOLD_SOLID_BREP('top_ring_green',#6239);
#6330=MANIFOLD_SOLID_BREP('k',#6240);
#6331=MANIFOLD_SOLID_BREP('L',#6241);
#6332=MANIFOLD_SOLID_BREP('e',#6242);
#6333=MANIFOLD_SOLID_BREP('i',#6243);
#6334=MANIFOLD_SOLID_BREP('y',#6244);
#6335=MANIFOLD_SOLID_BREP('bottom_assembly',#6245);
#6336=MANIFOLD_SOLID_BREP('top',#6246);
#6337=MANIFOLD_SOLID_BREP('top_outline_green',#6247);
#6338=SHAPE_DEFINITION_REPRESENTATION(#10451,#6349);
#6339=SHAPE_DEFINITION_REPRESENTATION(#10452,#6350);
#6340=SHAPE_DEFINITION_REPRESENTATION(#10453,#6351);
#6341=SHAPE_DEFINITION_REPRESENTATION(#10454,#6352);
#6342=SHAPE_DEFINITION_REPRESENTATION(#10455,#6353);
#6343=SHAPE_DEFINITION_REPRESENTATION(#10456,#6354);
#6344=SHAPE_DEFINITION_REPRESENTATION(#10457,#6355);
#6345=SHAPE_DEFINITION_REPRESENTATION(#10458,#6356);
#6346=SHAPE_DEFINITION_REPRESENTATION(#10459,#6357);
#6347=SHAPE_DEFINITION_REPRESENTATION(#10460,#6358);
#6348=SHAPE_DEFINITION_REPRESENTATION(#10461,#6359);
#6349=SHAPE_REPRESENTATION('n',(#6360),#10396);
#6350=SHAPE_REPRESENTATION('bottom',(#6371),#10397);
#6351=SHAPE_REPRESENTATION('top_ring_green',(#6505),#10398);
#6352=SHAPE_REPRESENTATION('k',(#6514),#10399);
#6353=SHAPE_REPRESENTATION('L',(#6530),#10400);
#6354=SHAPE_REPRESENTATION('e',(#6539),#10401);
#6355=SHAPE_REPRESENTATION('i',(#6554),#10402);
#6356=SHAPE_REPRESENTATION('y',(#6561),#10403);
#6357=SHAPE_REPRESENTATION('bottom_assembly',(#6575),#10404);
#6358=SHAPE_REPRESENTATION('top',(#6605),#10405);
#6359=SHAPE_REPRESENTATION('top_outline_green',(#6831),#10406);
#6360=AXIS2_PLACEMENT_3D('',#8592,#6864,#6865);
#6361=AXIS2_PLACEMENT_3D('',#8593,#6866,#6867);
#6362=AXIS2_PLACEMENT_3D('',#8602,#6872,#6873);
#6363=AXIS2_PLACEMENT_3D('',#8608,#6877,#6878);
#6364=AXIS2_PLACEMENT_3D('',#8614,#6882,#6883);
#6365=AXIS2_PLACEMENT_3D('',#8620,#6887,#6888);
#6366=AXIS2_PLACEMENT_3D('',#8626,#6892,#6893);
#6367=AXIS2_PLACEMENT_3D('',#8632,#6897,#6898);
#6368=AXIS2_PLACEMENT_3D('',#8636,#6901,#6902);
#6369=AXIS2_PLACEMENT_3D('',#8640,#6905,#6906);
#6370=AXIS2_PLACEMENT_3D('',#8642,#6908,#6909);
#6371=AXIS2_PLACEMENT_3D('',#8643,#6910,#6911);
#6372=AXIS2_PLACEMENT_3D('',#8644,#6912,#6913);
#6373=AXIS2_PLACEMENT_3D('',#8653,#6918,#6919);
#6374=AXIS2_PLACEMENT_3D('',#8662,#6924,#6925);
#6375=AXIS2_PLACEMENT_3D('',#8671,#6930,#6931);
#6376=AXIS2_PLACEMENT_3D('',#8679,#6935,#6936);
#6377=AXIS2_PLACEMENT_3D('',#8680,#6937,#6938);
#6378=AXIS2_PLACEMENT_3D('',#8684,#6940,#6941);
#6379=AXIS2_PLACEMENT_3D('',#8685,#6942,#6943);
#6380=AXIS2_PLACEMENT_3D('',#8686,#6944,#6945);
#6381=AXIS2_PLACEMENT_3D('',#8699,#6952,#6953);
#6382=AXIS2_PLACEMENT_3D('',#8708,#6958,#6959);
#6383=AXIS2_PLACEMENT_3D('',#8712,#6961,#6962);
#6384=AXIS2_PLACEMENT_3D('',#8716,#6964,#6965);
#6385=AXIS2_PLACEMENT_3D('',#8720,#6967,#6968);
#6386=AXIS2_PLACEMENT_3D('',#8724,#6970,#6971);
#6387=AXIS2_PLACEMENT_3D('',#8728,#6973,#6974);
#6388=AXIS2_PLACEMENT_3D('',#8732,#6976,#6977);
#6389=AXIS2_PLACEMENT_3D('',#8735,#6979,#6980);
#6390=AXIS2_PLACEMENT_3D('',#8744,#6985,#6986);
#6391=AXIS2_PLACEMENT_3D('',#8745,#6987,#6988);
#6392=AXIS2_PLACEMENT_3D('',#8749,#6990,#6991);
#6393=AXIS2_PLACEMENT_3D('',#8750,#6992,#6993);
#6394=AXIS2_PLACEMENT_3D('',#8755,#6996,#6997);
#6395=AXIS2_PLACEMENT_3D('',#8785,#7013,#7014);
#6396=AXIS2_PLACEMENT_3D('',#8796,#7020,#7021);
#6397=AXIS2_PLACEMENT_3D('',#8797,#7022,#7023);
#6398=AXIS2_PLACEMENT_3D('',#8798,#7024,#7025);
#6399=AXIS2_PLACEMENT_3D('',#8801,#7027,#7028);
#6400=AXIS2_PLACEMENT_3D('',#8805,#7031,#7032);
#6401=AXIS2_PLACEMENT_3D('',#8806,#7033,#7034);
#6402=AXIS2_PLACEMENT_3D('',#8809,#7036,#7037);
#6403=AXIS2_PLACEMENT_3D('',#8814,#7040,#7041);
#6404=AXIS2_PLACEMENT_3D('',#8819,#7044,#7045);
#6405=AXIS2_PLACEMENT_3D('',#8825,#7049,#7050);
#6406=AXIS2_PLACEMENT_3D('',#8831,#7054,#7055);
#6407=AXIS2_PLACEMENT_3D('',#8839,#7059,#7060);
#6408=AXIS2_PLACEMENT_3D('',#8843,#7062,#7063);
#6409=AXIS2_PLACEMENT_3D('',#8844,#7064,#7065);
#6410=AXIS2_PLACEMENT_3D('',#8853,#7070,#7071);
#6411=AXIS2_PLACEMENT_3D('',#8859,#7074,#7075);
#6412=AXIS2_PLACEMENT_3D('',#8868,#7080,#7081);
#6413=AXIS2_PLACEMENT_3D('',#8896,#7096,#7097);
#6414=AXIS2_PLACEMENT_3D('',#8898,#7099,#7100);
#6415=AXIS2_PLACEMENT_3D('',#8900,#7102,#7103);
#6416=AXIS2_PLACEMENT_3D('',#8901,#7104,#7105);
#6417=AXIS2_PLACEMENT_3D('',#8909,#7110,#7111);
#6418=AXIS2_PLACEMENT_3D('',#8913,#7114,#7115);
#6419=AXIS2_PLACEMENT_3D('',#8921,#7119,#7120);
#6420=AXIS2_PLACEMENT_3D('',#8923,#7122,#7123);
#6421=AXIS2_PLACEMENT_3D('',#8924,#7124,#7125);
#6422=AXIS2_PLACEMENT_3D('',#8929,#7128,#7129);
#6423=AXIS2_PLACEMENT_3D('',#8933,#7133,#7134);
#6424=AXIS2_PLACEMENT_3D('',#8934,#7135,#7136);
#6425=AXIS2_PLACEMENT_3D('',#8935,#7137,#7138);
#6426=AXIS2_PLACEMENT_3D('',#8941,#7142,#7143);
#6427=AXIS2_PLACEMENT_3D('',#8942,#7144,#7145);
#6428=AXIS2_PLACEMENT_3D('',#8944,#7147,#7148);
#6429=AXIS2_PLACEMENT_3D('',#8945,#7149,#7150);
#6430=AXIS2_PLACEMENT_3D('',#8948,#7153,#7154);
#6431=AXIS2_PLACEMENT_3D('',#8949,#7155,#7156);
#6432=AXIS2_PLACEMENT_3D('',#8950,#7157,#7158);
#6433=AXIS2_PLACEMENT_3D('',#8951,#7159,#7160);
#6434=AXIS2_PLACEMENT_3D('',#8952,#7161,#7162);
#6435=AXIS2_PLACEMENT_3D('',#8953,#7163,#7164);
#6436=AXIS2_PLACEMENT_3D('',#8954,#7165,#7166);
#6437=AXIS2_PLACEMENT_3D('',#8955,#7167,#7168);
#6438=AXIS2_PLACEMENT_3D('',#8956,#7169,#7170);
#6439=AXIS2_PLACEMENT_3D('',#8957,#7171,#7172);
#6440=AXIS2_PLACEMENT_3D('',#8958,#7173,#7174);
#6441=AXIS2_PLACEMENT_3D('',#8959,#7175,#7176);
#6442=AXIS2_PLACEMENT_3D('',#8960,#7177,#7178);
#6443=AXIS2_PLACEMENT_3D('',#8961,#7179,#7180);
#6444=AXIS2_PLACEMENT_3D('',#8962,#7181,#7182);
#6445=AXIS2_PLACEMENT_3D('',#8963,#7183,#7184);
#6446=AXIS2_PLACEMENT_3D('',#8964,#7185,#7186);
#6447=AXIS2_PLACEMENT_3D('',#8965,#7187,#7188);
#6448=AXIS2_PLACEMENT_3D('',#8966,#7189,#7190);
#6449=AXIS2_PLACEMENT_3D('',#8967,#7191,#7192);
#6450=AXIS2_PLACEMENT_3D('',#8968,#7193,#7194);
#6451=AXIS2_PLACEMENT_3D('',#8969,#7195,#7196);
#6452=AXIS2_PLACEMENT_3D('',#8970,#7197,#7198);
#6453=AXIS2_PLACEMENT_3D('',#8971,#7199,#7200);
#6454=AXIS2_PLACEMENT_3D('',#8972,#7201,#7202);
#6455=AXIS2_PLACEMENT_3D('',#8973,#7203,#7204);
#6456=AXIS2_PLACEMENT_3D('',#8974,#7205,#7206);
#6457=AXIS2_PLACEMENT_3D('',#8975,#7207,#7208);
#6458=AXIS2_PLACEMENT_3D('',#8976,#7209,#7210);
#6459=AXIS2_PLACEMENT_3D('',#8977,#7211,#7212);
#6460=AXIS2_PLACEMENT_3D('',#8978,#7213,#7214);
#6461=AXIS2_PLACEMENT_3D('',#8979,#7215,#7216);
#6462=AXIS2_PLACEMENT_3D('',#8980,#7217,#7218);
#6463=AXIS2_PLACEMENT_3D('',#8981,#7219,#7220);
#6464=AXIS2_PLACEMENT_3D('',#8982,#7221,#7222);
#6465=AXIS2_PLACEMENT_3D('',#8983,#7223,#7224);
#6466=AXIS2_PLACEMENT_3D('',#8984,#7225,#7226);
#6467=AXIS2_PLACEMENT_3D('',#8985,#7227,#7228);
#6468=AXIS2_PLACEMENT_3D('',#8986,#7229,#7230);
#6469=AXIS2_PLACEMENT_3D('',#8987,#7231,#7232);
#6470=AXIS2_PLACEMENT_3D('',#8988,#7233,#7234);
#6471=AXIS2_PLACEMENT_3D('',#8989,#7235,#7236);
#6472=AXIS2_PLACEMENT_3D('',#8990,#7237,#7238);
#6473=AXIS2_PLACEMENT_3D('',#8991,#7239,#7240);
#6474=AXIS2_PLACEMENT_3D('',#8992,#7241,#7242);
#6475=AXIS2_PLACEMENT_3D('',#8993,#7243,#7244);
#6476=AXIS2_PLACEMENT_3D('',#8994,#7245,#7246);
#6477=AXIS2_PLACEMENT_3D('',#8995,#7247,#7248);
#6478=AXIS2_PLACEMENT_3D('',#8996,#7249,#7250);
#6479=AXIS2_PLACEMENT_3D('',#8997,#7251,#7252);
#6480=AXIS2_PLACEMENT_3D('',#8998,#7253,#7254);
#6481=AXIS2_PLACEMENT_3D('',#8999,#7255,#7256);
#6482=AXIS2_PLACEMENT_3D('',#9000,#7257,#7258);
#6483=AXIS2_PLACEMENT_3D('',#9001,#7259,#7260);
#6484=AXIS2_PLACEMENT_3D('',#9002,#7261,#7262);
#6485=AXIS2_PLACEMENT_3D('',#9003,#7263,#7264);
#6486=AXIS2_PLACEMENT_3D('',#9004,#7265,#7266);
#6487=AXIS2_PLACEMENT_3D('',#9005,#7267,#7268);
#6488=AXIS2_PLACEMENT_3D('',#9006,#7269,#7270);
#6489=AXIS2_PLACEMENT_3D('',#9007,#7271,#7272);
#6490=AXIS2_PLACEMENT_3D('',#9008,#7273,#7274);
#6491=AXIS2_PLACEMENT_3D('',#9009,#7275,#7276);
#6492=AXIS2_PLACEMENT_3D('',#9010,#7277,#7278);
#6493=AXIS2_PLACEMENT_3D('',#9011,#7279,#7280);
#6494=AXIS2_PLACEMENT_3D('',#9014,#7283,#7284);
#6495=AXIS2_PLACEMENT_3D('',#9016,#7286,#7287);
#6496=AXIS2_PLACEMENT_3D('',#9018,#7289,#7290);
#6497=AXIS2_PLACEMENT_3D('',#9019,#7291,#7292);
#6498=AXIS2_PLACEMENT_3D('',#9022,#7295,#7296);
#6499=AXIS2_PLACEMENT_3D('',#9024,#7298,#7299);
#6500=AXIS2_PLACEMENT_3D('',#9026,#7301,#7302);
#6501=AXIS2_PLACEMENT_3D('',#9027,#7303,#7304);
#6502=AXIS2_PLACEMENT_3D('',#9030,#7307,#7308);
#6503=AXIS2_PLACEMENT_3D('',#9032,#7310,#7311);
#6504=AXIS2_PLACEMENT_3D('',#9034,#7313,#7314);
#6505=AXIS2_PLACEMENT_3D('',#9035,#7315,#7316);
#6506=AXIS2_PLACEMENT_3D('',#9036,#7317,#7318);
#6507=AXIS2_PLACEMENT_3D('',#9037,#7319,#7320);
#6508=AXIS2_PLACEMENT_3D('',#9039,#7321,#7322);
#6509=AXIS2_PLACEMENT_3D('',#9041,#7323,#7324);
#6510=AXIS2_PLACEMENT_3D('',#9042,#7325,#7326);
#6511=AXIS2_PLACEMENT_3D('',#9044,#7327,#7328);
#6512=AXIS2_PLACEMENT_3D('',#9046,#7329,#7330);
#6513=AXIS2_PLACEMENT_3D('',#9047,#7331,#7332);
#6514=AXIS2_PLACEMENT_3D('',#9048,#7333,#7334);
#6515=AXIS2_PLACEMENT_3D('',#9049,#7335,#7336);
#6516=AXIS2_PLACEMENT_3D('',#9058,#7341,#7342);
#6517=AXIS2_PLACEMENT_3D('',#9064,#7346,#7347);
#6518=AXIS2_PLACEMENT_3D('',#9070,#7351,#7352);
#6519=AXIS2_PLACEMENT_3D('',#9076,#7356,#7357);
#6520=AXIS2_PLACEMENT_3D('',#9082,#7361,#7362);
#6521=AXIS2_PLACEMENT_3D('',#9088,#7366,#7367);
#6522=AXIS2_PLACEMENT_3D('',#9094,#7371,#7372);
#6523=AXIS2_PLACEMENT_3D('',#9100,#7376,#7377);
#6524=AXIS2_PLACEMENT_3D('',#9106,#7381,#7382);
#6525=AXIS2_PLACEMENT_3D('',#9112,#7386,#7387);
#6526=AXIS2_PLACEMENT_3D('',#9118,#7391,#7392);
#6527=AXIS2_PLACEMENT_3D('',#9124,#7396,#7397);
#6528=AXIS2_PLACEMENT_3D('',#9127,#7400,#7401);
#6529=AXIS2_PLACEMENT_3D('',#9128,#7402,#7403);
#6530=AXIS2_PLACEMENT_3D('',#9129,#7404,#7405);
#6531=AXIS2_PLACEMENT_3D('',#9130,#7406,#7407);
#6532=AXIS2_PLACEMENT_3D('',#9139,#7412,#7413);
#6533=AXIS2_PLACEMENT_3D('',#9145,#7417,#7418);
#6534=AXIS2_PLACEMENT_3D('',#9151,#7422,#7423);
#6535=AXIS2_PLACEMENT_3D('',#9157,#7427,#7428);
#6536=AXIS2_PLACEMENT_3D('',#9163,#7432,#7433);
#6537=AXIS2_PLACEMENT_3D('',#9166,#7436,#7437);
#6538=AXIS2_PLACEMENT_3D('',#9167,#7438,#7439);
#6539=AXIS2_PLACEMENT_3D('',#9168,#7440,#7441);
#6540=AXIS2_PLACEMENT_3D('',#9169,#7442,#7443);
#6541=AXIS2_PLACEMENT_3D('',#9178,#7448,#7449);
#6542=AXIS2_PLACEMENT_3D('',#9184,#7453,#7454);
#6543=AXIS2_PLACEMENT_3D('',#9190,#7458,#7459);
#6544=AXIS2_PLACEMENT_3D('',#9196,#7463,#7464);
#6545=AXIS2_PLACEMENT_3D('',#9202,#7468,#7469);
#6546=AXIS2_PLACEMENT_3D('',#9208,#7473,#7474);
#6547=AXIS2_PLACEMENT_3D('',#9214,#7478,#7479);
#6548=AXIS2_PLACEMENT_3D('',#9220,#7483,#7484);
#6549=AXIS2_PLACEMENT_3D('',#9226,#7488,#7489);
#6550=AXIS2_PLACEMENT_3D('',#9232,#7493,#7494);
#6551=AXIS2_PLACEMENT_3D('',#9238,#7498,#7499);
#6552=AXIS2_PLACEMENT_3D('',#9241,#7502,#7503);
#6553=AXIS2_PLACEMENT_3D('',#9242,#7504,#7505);
#6554=AXIS2_PLACEMENT_3D('',#9243,#7506,#7507);
#6555=AXIS2_PLACEMENT_3D('',#9244,#7508,#7509);
#6556=AXIS2_PLACEMENT_3D('',#9253,#7514,#7515);
#6557=AXIS2_PLACEMENT_3D('',#9259,#7519,#7520);
#6558=AXIS2_PLACEMENT_3D('',#9265,#7524,#7525);
#6559=AXIS2_PLACEMENT_3D('',#9268,#7528,#7529);
#6560=AXIS2_PLACEMENT_3D('',#9269,#7530,#7531);
#6561=AXIS2_PLACEMENT_3D('',#9270,#7532,#7533);
#6562=AXIS2_PLACEMENT_3D('',#9271,#7534,#7535);
#6563=AXIS2_PLACEMENT_3D('',#9280,#7540,#7541);
#6564=AXIS2_PLACEMENT_3D('',#9286,#7545,#7546);
#6565=AXIS2_PLACEMENT_3D('',#9292,#7550,#7551);
#6566=AXIS2_PLACEMENT_3D('',#9298,#7555,#7556);
#6567=AXIS2_PLACEMENT_3D('',#9304,#7560,#7561);
#6568=AXIS2_PLACEMENT_3D('',#9310,#7565,#7566);
#6569=AXIS2_PLACEMENT_3D('',#9316,#7570,#7571);
#6570=AXIS2_PLACEMENT_3D('',#9322,#7575,#7576);
#6571=AXIS2_PLACEMENT_3D('',#9328,#7580,#7581);
#6572=AXIS2_PLACEMENT_3D('',#9332,#7584,#7585);
#6573=AXIS2_PLACEMENT_3D('',#9336,#7588,#7589);
#6574=AXIS2_PLACEMENT_3D('',#9338,#7591,#7592);
#6575=AXIS2_PLACEMENT_3D('',#9339,#7593,#7594);
#6576=AXIS2_PLACEMENT_3D('',#9340,#7595,#7596);
#6577=AXIS2_PLACEMENT_3D('',#9341,#7597,#7598);
#6578=AXIS2_PLACEMENT_3D('',#9346,#7600,#7601);
#6579=AXIS2_PLACEMENT_3D('',#9349,#7603,#7604);
#6580=AXIS2_PLACEMENT_3D('',#9355,#7608,#7609);
#6581=AXIS2_PLACEMENT_3D('',#9356,#7610,#7611);
#6582=AXIS2_PLACEMENT_3D('',#9358,#7612,#7613);
#6583=AXIS2_PLACEMENT_3D('',#9361,#7615,#7616);
#6584=AXIS2_PLACEMENT_3D('',#9367,#7620,#7621);
#6585=AXIS2_PLACEMENT_3D('',#9373,#7625,#7626);
#6586=AXIS2_PLACEMENT_3D('',#9379,#7630,#7631);
#6587=AXIS2_PLACEMENT_3D('',#9388,#7636,#7637);
#6588=AXIS2_PLACEMENT_3D('',#9397,#7642,#7643);
#6589=AXIS2_PLACEMENT_3D('',#9403,#7647,#7648);
#6590=AXIS2_PLACEMENT_3D('',#9409,#7652,#7653);
#6591=AXIS2_PLACEMENT_3D('',#9415,#7657,#7658);
#6592=AXIS2_PLACEMENT_3D('',#9421,#7662,#7663);
#6593=AXIS2_PLACEMENT_3D('',#9422,#7664,#7665);
#6594=AXIS2_PLACEMENT_3D('',#9424,#7666,#7667);
#6595=AXIS2_PLACEMENT_3D('',#9427,#7669,#7670);
#6596=AXIS2_PLACEMENT_3D('',#9433,#7674,#7675);
#6597=AXIS2_PLACEMENT_3D('',#9434,#7676,#7677);
#6598=AXIS2_PLACEMENT_3D('',#9435,#7678,#7679);
#6599=AXIS2_PLACEMENT_3D('',#9436,#7680,#7681);
#6600=AXIS2_PLACEMENT_3D('',#9439,#7684,#7685);
#6601=AXIS2_PLACEMENT_3D('',#9440,#7686,#7687);
#6602=AXIS2_PLACEMENT_3D('',#9441,#7688,#7689);
#6603=AXIS2_PLACEMENT_3D('',#9442,#7690,#7691);
#6604=AXIS2_PLACEMENT_3D('',#9443,#7692,#7693);
#6605=AXIS2_PLACEMENT_3D('',#9444,#7694,#7695);
#6606=AXIS2_PLACEMENT_3D('',#9445,#7696,#7697);
#6607=AXIS2_PLACEMENT_3D('',#9470,#7710,#7711);
#6608=AXIS2_PLACEMENT_3D('',#9495,#7724,#7725);
#6609=AXIS2_PLACEMENT_3D('',#9560,#7758,#7759);
#6610=AXIS2_PLACEMENT_3D('',#9567,#7762,#7763);
#6611=AXIS2_PLACEMENT_3D('',#9571,#7765,#7766);
#6612=AXIS2_PLACEMENT_3D('',#9579,#7770,#7771);
#6613=AXIS2_PLACEMENT_3D('',#9624,#7794,#7795);
#6614=AXIS2_PLACEMENT_3D('',#9625,#7796,#7797);
#6615=AXIS2_PLACEMENT_3D('',#9627,#7798,#7799);
#6616=AXIS2_PLACEMENT_3D('',#9629,#7800,#7801);
#6617=AXIS2_PLACEMENT_3D('',#9646,#7810,#7811);
#6618=AXIS2_PLACEMENT_3D('',#9650,#7813,#7814);
#6619=AXIS2_PLACEMENT_3D('',#9654,#7816,#7817);
#6620=AXIS2_PLACEMENT_3D('',#9659,#7820,#7821);
#6621=AXIS2_PLACEMENT_3D('',#9669,#7829,#7830);
#6622=AXIS2_PLACEMENT_3D('',#9674,#7833,#7834);
#6623=AXIS2_PLACEMENT_3D('',#9678,#7836,#7837);
#6624=AXIS2_PLACEMENT_3D('',#9682,#7839,#7840);
#6625=AXIS2_PLACEMENT_3D('',#9686,#7842,#7843);
#6626=AXIS2_PLACEMENT_3D('',#9687,#7844,#7845);
#6627=AXIS2_PLACEMENT_3D('',#9693,#7849,#7850);
#6628=AXIS2_PLACEMENT_3D('',#9694,#7851,#7852);
#6629=AXIS2_PLACEMENT_3D('',#9695,#7853,#7854);
#6630=AXIS2_PLACEMENT_3D('',#9696,#7855,#7856);
#6631=AXIS2_PLACEMENT_3D('',#9699,#7858,#7859);
#6632=AXIS2_PLACEMENT_3D('',#9705,#7863,#7864);
#6633=AXIS2_PLACEMENT_3D('',#9711,#7868,#7869);
#6634=AXIS2_PLACEMENT_3D('',#9715,#7872,#7873);
#6635=AXIS2_PLACEMENT_3D('',#9721,#7877,#7878);
#6636=AXIS2_PLACEMENT_3D('',#9725,#7881,#7882);
#6637=AXIS2_PLACEMENT_3D('',#9729,#7885,#7886);
#6638=AXIS2_PLACEMENT_3D('',#9731,#7888,#7889);
#6639=AXIS2_PLACEMENT_3D('',#9734,#7891,#7892);
#6640=AXIS2_PLACEMENT_3D('',#9735,#7893,#7894);
#6641=AXIS2_PLACEMENT_3D('',#9744,#7900,#7901);
#6642=AXIS2_PLACEMENT_3D('',#9745,#7902,#7903);
#6643=AXIS2_PLACEMENT_3D('',#9746,#7904,#7905);
#6644=AXIS2_PLACEMENT_3D('',#9747,#7906,#7907);
#6645=AXIS2_PLACEMENT_3D('',#9752,#7909,#7910);
#6646=AXIS2_PLACEMENT_3D('',#9763,#7916,#7917);
#6647=AXIS2_PLACEMENT_3D('',#9769,#7920,#7921);
#6648=AXIS2_PLACEMENT_3D('',#9773,#7923,#7924);
#6649=AXIS2_PLACEMENT_3D('',#9779,#7927,#7928);
#6650=AXIS2_PLACEMENT_3D('',#9782,#7930,#7931);
#6651=AXIS2_PLACEMENT_3D('',#9784,#7932,#7933);
#6652=AXIS2_PLACEMENT_3D('',#9790,#7937,#7938);
#6653=AXIS2_PLACEMENT_3D('',#9794,#7941,#7942);
#6654=AXIS2_PLACEMENT_3D('',#9800,#7946,#7947);
#6655=AXIS2_PLACEMENT_3D('',#9802,#7949,#7950);
#6656=AXIS2_PLACEMENT_3D('',#9803,#7951,#7952);
#6657=AXIS2_PLACEMENT_3D('',#9806,#7954,#7955);
#6658=AXIS2_PLACEMENT_3D('',#9810,#7958,#7959);
#6659=AXIS2_PLACEMENT_3D('',#9811,#7960,#7961);
#6660=AXIS2_PLACEMENT_3D('',#9814,#7963,#7964);
#6661=AXIS2_PLACEMENT_3D('',#9816,#7966,#7967);
#6662=AXIS2_PLACEMENT_3D('',#9817,#7968,#7969);
#6663=AXIS2_PLACEMENT_3D('',#9819,#7971,#7972);
#6664=AXIS2_PLACEMENT_3D('',#9821,#7974,#7975);
#6665=AXIS2_PLACEMENT_3D('',#9822,#7976,#7977);
#6666=AXIS2_PLACEMENT_3D('',#9823,#7978,#7979);
#6667=AXIS2_PLACEMENT_3D('',#9825,#7980,#7981);
#6668=AXIS2_PLACEMENT_3D('',#9826,#7982,#7983);
#6669=AXIS2_PLACEMENT_3D('',#9828,#7984,#7985);
#6670=AXIS2_PLACEMENT_3D('',#9829,#7986,#7987);
#6671=AXIS2_PLACEMENT_3D('',#9830,#7988,#7989);
#6672=AXIS2_PLACEMENT_3D('',#9831,#7990,#7991);
#6673=AXIS2_PLACEMENT_3D('',#9832,#7992,#7993);
#6674=AXIS2_PLACEMENT_3D('',#9833,#7994,#7995);
#6675=AXIS2_PLACEMENT_3D('',#9834,#7996,#7997);
#6676=AXIS2_PLACEMENT_3D('',#9835,#7998,#7999);
#6677=AXIS2_PLACEMENT_3D('',#9836,#8000,#8001);
#6678=AXIS2_PLACEMENT_3D('',#9837,#8002,#8003);
#6679=AXIS2_PLACEMENT_3D('',#9838,#8004,#8005);
#6680=AXIS2_PLACEMENT_3D('',#9839,#8006,#8007);
#6681=AXIS2_PLACEMENT_3D('',#9845,#8008,#8009);
#6682=AXIS2_PLACEMENT_3D('',#9846,#8010,#8011);
#6683=AXIS2_PLACEMENT_3D('',#9851,#8012,#8013);
#6684=AXIS2_PLACEMENT_3D('',#9852,#8014,#8015);
#6685=AXIS2_PLACEMENT_3D('',#9853,#8016,#8017);
#6686=AXIS2_PLACEMENT_3D('',#9854,#8018,#8019);
#6687=AXIS2_PLACEMENT_3D('',#9855,#8020,#8021);
#6688=AXIS2_PLACEMENT_3D('',#9856,#8022,#8023);
#6689=AXIS2_PLACEMENT_3D('',#9857,#8024,#8025);
#6690=AXIS2_PLACEMENT_3D('',#9859,#8026,#8027);
#6691=AXIS2_PLACEMENT_3D('',#9860,#8028,#8029);
#6692=AXIS2_PLACEMENT_3D('',#9861,#8030,#8031);
#6693=AXIS2_PLACEMENT_3D('',#9864,#8033,#8034);
#6694=AXIS2_PLACEMENT_3D('',#9867,#8036,#8037);
#6695=AXIS2_PLACEMENT_3D('',#9868,#8038,#8039);
#6696=AXIS2_PLACEMENT_3D('',#9869,#8040,#8041);
#6697=AXIS2_PLACEMENT_3D('',#9870,#8042,#8043);
#6698=AXIS2_PLACEMENT_3D('',#9871,#8044,#8045);
#6699=AXIS2_PLACEMENT_3D('',#9873,#8046,#8047);
#6700=AXIS2_PLACEMENT_3D('',#9874,#8048,#8049);
#6701=AXIS2_PLACEMENT_3D('',#9875,#8050,#8051);
#6702=AXIS2_PLACEMENT_3D('',#9877,#8052,#8053);
#6703=AXIS2_PLACEMENT_3D('',#9878,#8054,#8055);
#6704=AXIS2_PLACEMENT_3D('',#9879,#8056,#8057);
#6705=AXIS2_PLACEMENT_3D('',#9882,#8059,#8060);
#6706=AXIS2_PLACEMENT_3D('',#9885,#8062,#8063);
#6707=AXIS2_PLACEMENT_3D('',#9886,#8064,#8065);
#6708=AXIS2_PLACEMENT_3D('',#9887,#8066,#8067);
#6709=AXIS2_PLACEMENT_3D('',#9888,#8068,#8069);
#6710=AXIS2_PLACEMENT_3D('',#9889,#8070,#8071);
#6711=AXIS2_PLACEMENT_3D('',#9891,#8072,#8073);
#6712=AXIS2_PLACEMENT_3D('',#9892,#8074,#8075);
#6713=AXIS2_PLACEMENT_3D('',#9893,#8076,#8077);
#6714=AXIS2_PLACEMENT_3D('',#9894,#8078,#8079);
#6715=AXIS2_PLACEMENT_3D('',#9895,#8080,#8081);
#6716=AXIS2_PLACEMENT_3D('',#9898,#8083,#8084);
#6717=AXIS2_PLACEMENT_3D('',#9900,#8086,#8087);
#6718=AXIS2_PLACEMENT_3D('',#9901,#8088,#8089);
#6719=AXIS2_PLACEMENT_3D('',#9902,#8090,#8091);
#6720=AXIS2_PLACEMENT_3D('',#9903,#8092,#8093);
#6721=AXIS2_PLACEMENT_3D('',#9904,#8094,#8095);
#6722=AXIS2_PLACEMENT_3D('',#9908,#8097,#8098);
#6723=AXIS2_PLACEMENT_3D('',#9916,#8102,#8103);
#6724=AXIS2_PLACEMENT_3D('',#9922,#8106,#8107);
#6725=AXIS2_PLACEMENT_3D('',#9923,#8108,#8109);
#6726=AXIS2_PLACEMENT_3D('',#9930,#8112,#8113);
#6727=AXIS2_PLACEMENT_3D('',#9938,#8117,#8118);
#6728=AXIS2_PLACEMENT_3D('',#9941,#8120,#8121);
#6729=AXIS2_PLACEMENT_3D('',#9944,#8124,#8125);
#6730=AXIS2_PLACEMENT_3D('',#9947,#8128,#8129);
#6731=AXIS2_PLACEMENT_3D('',#9949,#8131,#8132);
#6732=AXIS2_PLACEMENT_3D('',#9951,#8134,#8135);
#6733=AXIS2_PLACEMENT_3D('',#9953,#8137,#8138);
#6734=AXIS2_PLACEMENT_3D('',#9955,#8140,#8141);
#6735=AXIS2_PLACEMENT_3D('',#9957,#8143,#8144);
#6736=AXIS2_PLACEMENT_3D('',#9959,#8146,#8147);
#6737=AXIS2_PLACEMENT_3D('',#9961,#8149,#8150);
#6738=AXIS2_PLACEMENT_3D('',#9962,#8151,#8152);
#6739=AXIS2_PLACEMENT_3D('',#9964,#8154,#8155);
#6740=AXIS2_PLACEMENT_3D('',#9966,#8157,#8158);
#6741=AXIS2_PLACEMENT_3D('',#9968,#8160,#8161);
#6742=AXIS2_PLACEMENT_3D('',#9970,#8163,#8164);
#6743=AXIS2_PLACEMENT_3D('',#9972,#8166,#8167);
#6744=AXIS2_PLACEMENT_3D('',#9974,#8169,#8170);
#6745=AXIS2_PLACEMENT_3D('',#9976,#8172,#8173);
#6746=AXIS2_PLACEMENT_3D('',#9977,#8174,#8175);
#6747=AXIS2_PLACEMENT_3D('',#9978,#8176,#8177);
#6748=AXIS2_PLACEMENT_3D('',#9980,#8178,#8179);
#6749=AXIS2_PLACEMENT_3D('',#9982,#8180,#8181);
#6750=AXIS2_PLACEMENT_3D('',#9983,#8182,#8183);
#6751=AXIS2_PLACEMENT_3D('',#9984,#8184,#8185);
#6752=AXIS2_PLACEMENT_3D('',#9990,#8189,#8190);
#6753=AXIS2_PLACEMENT_3D('',#9994,#8193,#8194);
#6754=AXIS2_PLACEMENT_3D('',#9998,#8197,#8198);
#6755=AXIS2_PLACEMENT_3D('',#10002,#8201,#8202);
#6756=AXIS2_PLACEMENT_3D('',#10006,#8205,#8206);
#6757=AXIS2_PLACEMENT_3D('',#10010,#8209,#8210);
#6758=AXIS2_PLACEMENT_3D('',#10014,#8213,#8214);
#6759=AXIS2_PLACEMENT_3D('',#10018,#8217,#8218);
#6760=AXIS2_PLACEMENT_3D('',#10022,#8221,#8222);
#6761=AXIS2_PLACEMENT_3D('',#10026,#8225,#8226);
#6762=AXIS2_PLACEMENT_3D('',#10028,#8228,#8229);
#6763=AXIS2_PLACEMENT_3D('',#10029,#8230,#8231);
#6764=AXIS2_PLACEMENT_3D('',#10035,#8235,#8236);
#6765=AXIS2_PLACEMENT_3D('',#10039,#8239,#8240);
#6766=AXIS2_PLACEMENT_3D('',#10043,#8243,#8244);
#6767=AXIS2_PLACEMENT_3D('',#10047,#8247,#8248);
#6768=AXIS2_PLACEMENT_3D('',#10051,#8251,#8252);
#6769=AXIS2_PLACEMENT_3D('',#10055,#8255,#8256);
#6770=AXIS2_PLACEMENT_3D('',#10059,#8259,#8260);
#6771=AXIS2_PLACEMENT_3D('',#10063,#8263,#8264);
#6772=AXIS2_PLACEMENT_3D('',#10067,#8267,#8268);
#6773=AXIS2_PLACEMENT_3D('',#10071,#8271,#8272);
#6774=AXIS2_PLACEMENT_3D('',#10075,#8275,#8276);
#6775=AXIS2_PLACEMENT_3D('',#10077,#8278,#8279);
#6776=AXIS2_PLACEMENT_3D('',#10078,#8280,#8281);
#6777=AXIS2_PLACEMENT_3D('',#10084,#8285,#8286);
#6778=AXIS2_PLACEMENT_3D('',#10088,#8289,#8290);
#6779=AXIS2_PLACEMENT_3D('',#10092,#8293,#8294);
#6780=AXIS2_PLACEMENT_3D('',#10096,#8297,#8298);
#6781=AXIS2_PLACEMENT_3D('',#10100,#8301,#8302);
#6782=AXIS2_PLACEMENT_3D('',#10104,#8305,#8306);
#6783=AXIS2_PLACEMENT_3D('',#10108,#8309,#8310);
#6784=AXIS2_PLACEMENT_3D('',#10112,#8313,#8314);
#6785=AXIS2_PLACEMENT_3D('',#10116,#8317,#8318);
#6786=AXIS2_PLACEMENT_3D('',#10120,#8321,#8322);
#6787=AXIS2_PLACEMENT_3D('',#10124,#8325,#8326);
#6788=AXIS2_PLACEMENT_3D('',#10128,#8329,#8330);
#6789=AXIS2_PLACEMENT_3D('',#10130,#8332,#8333);
#6790=AXIS2_PLACEMENT_3D('',#10131,#8334,#8335);
#6791=AXIS2_PLACEMENT_3D('',#10137,#8339,#8340);
#6792=AXIS2_PLACEMENT_3D('',#10141,#8343,#8344);
#6793=AXIS2_PLACEMENT_3D('',#10145,#8347,#8348);
#6794=AXIS2_PLACEMENT_3D('',#10149,#8351,#8352);
#6795=AXIS2_PLACEMENT_3D('',#10153,#8355,#8356);
#6796=AXIS2_PLACEMENT_3D('',#10157,#8359,#8360);
#6797=AXIS2_PLACEMENT_3D('',#10161,#8363,#8364);
#6798=AXIS2_PLACEMENT_3D('',#10163,#8366,#8367);
#6799=AXIS2_PLACEMENT_3D('',#10164,#8368,#8369);
#6800=AXIS2_PLACEMENT_3D('',#10170,#8373,#8374);
#6801=AXIS2_PLACEMENT_3D('',#10174,#8377,#8378);
#6802=AXIS2_PLACEMENT_3D('',#10178,#8381,#8382);
#6803=AXIS2_PLACEMENT_3D('',#10180,#8384,#8385);
#6804=AXIS2_PLACEMENT_3D('',#10181,#8386,#8387);
#6805=AXIS2_PLACEMENT_3D('',#10187,#8391,#8392);
#6806=AXIS2_PLACEMENT_3D('',#10191,#8395,#8396);
#6807=AXIS2_PLACEMENT_3D('',#10195,#8399,#8400);
#6808=AXIS2_PLACEMENT_3D('',#10199,#8403,#8404);
#6809=AXIS2_PLACEMENT_3D('',#10203,#8407,#8408);
#6810=AXIS2_PLACEMENT_3D('',#10205,#8410,#8411);
#6811=AXIS2_PLACEMENT_3D('',#10206,#8412,#8413);
#6812=AXIS2_PLACEMENT_3D('',#10212,#8417,#8418);
#6813=AXIS2_PLACEMENT_3D('',#10218,#8422,#8423);
#6814=AXIS2_PLACEMENT_3D('',#10221,#8426,#8427);
#6815=AXIS2_PLACEMENT_3D('',#10222,#8428,#8429);
#6816=AXIS2_PLACEMENT_3D('',#10223,#8430,#8431);
#6817=AXIS2_PLACEMENT_3D('',#10229,#8435,#8436);
#6818=AXIS2_PLACEMENT_3D('',#10235,#8440,#8441);
#6819=AXIS2_PLACEMENT_3D('',#10238,#8444,#8445);
#6820=AXIS2_PLACEMENT_3D('',#10239,#8446,#8447);
#6821=AXIS2_PLACEMENT_3D('',#10240,#8448,#8449);
#6822=AXIS2_PLACEMENT_3D('',#10246,#8453,#8454);
#6823=AXIS2_PLACEMENT_3D('',#10252,#8458,#8459);
#6824=AXIS2_PLACEMENT_3D('',#10255,#8462,#8463);
#6825=AXIS2_PLACEMENT_3D('',#10256,#8464,#8465);
#6826=AXIS2_PLACEMENT_3D('',#10257,#8466,#8467);
#6827=AXIS2_PLACEMENT_3D('',#10263,#8471,#8472);
#6828=AXIS2_PLACEMENT_3D('',#10269,#8476,#8477);
#6829=AXIS2_PLACEMENT_3D('',#10272,#8480,#8481);
#6830=AXIS2_PLACEMENT_3D('',#10273,#8482,#8483);
#6831=AXIS2_PLACEMENT_3D('',#10274,#8484,#8485);
#6832=AXIS2_PLACEMENT_3D('',#10275,#8486,#8487);
#6833=AXIS2_PLACEMENT_3D('',#10276,#8488,#8489);
#6834=AXIS2_PLACEMENT_3D('',#10281,#8491,#8492);
#6835=AXIS2_PLACEMENT_3D('',#10284,#8494,#8495);
#6836=AXIS2_PLACEMENT_3D('',#10290,#8499,#8500);
#6837=AXIS2_PLACEMENT_3D('',#10296,#8504,#8505);
#6838=AXIS2_PLACEMENT_3D('',#10300,#8507,#8508);
#6839=AXIS2_PLACEMENT_3D('',#10301,#8509,#8510);
#6840=AXIS2_PLACEMENT_3D('',#10302,#8511,#8512);
#6841=AXIS2_PLACEMENT_3D('',#10308,#8516,#8517);
#6842=AXIS2_PLACEMENT_3D('',#10314,#8521,#8522);
#6843=AXIS2_PLACEMENT_3D('',#10320,#8526,#8527);
#6844=AXIS2_PLACEMENT_3D('',#10321,#8528,#8529);
#6845=AXIS2_PLACEMENT_3D('',#10323,#8530,#8531);
#6846=AXIS2_PLACEMENT_3D('',#10326,#8533,#8534);
#6847=AXIS2_PLACEMENT_3D('',#10335,#8539,#8540);
#6848=AXIS2_PLACEMENT_3D('',#10339,#8542,#8543);
#6849=AXIS2_PLACEMENT_3D('',#10340,#8544,#8545);
#6850=AXIS2_PLACEMENT_3D('',#10341,#8546,#8547);
#6851=AXIS2_PLACEMENT_3D('',#10347,#8551,#8552);
#6852=AXIS2_PLACEMENT_3D('',#10353,#8556,#8557);
#6853=AXIS2_PLACEMENT_3D('',#10359,#8561,#8562);
#6854=AXIS2_PLACEMENT_3D('',#10360,#8563,#8564);
#6855=AXIS2_PLACEMENT_3D('',#10362,#8565,#8566);
#6856=AXIS2_PLACEMENT_3D('',#10365,#8568,#8569);
#6857=AXIS2_PLACEMENT_3D('',#10371,#8573,#8574);
#6858=AXIS2_PLACEMENT_3D('',#10377,#8578,#8579);
#6859=AXIS2_PLACEMENT_3D('',#10378,#8580,#8581);
#6860=AXIS2_PLACEMENT_3D('',#10379,#8582,#8583);
#6861=AXIS2_PLACEMENT_3D('',#10380,#8584,#8585);
#6862=AXIS2_PLACEMENT_3D('',#10383,#8588,#8589);
#6863=AXIS2_PLACEMENT_3D('',#10384,#8590,#8591);
#6864=DIRECTION('',(0.,0.,1.));
#6865=DIRECTION('',(1.,0.,0.));
#6866=DIRECTION('',(-1.,0.,0.));
#6867=DIRECTION('',(0.,0.,1.));
#6868=DIRECTION('',(0.,1.,0.));
#6869=DIRECTION('',(0.,0.,1.));
#6870=DIRECTION('',(0.,1.,0.));
#6871=DIRECTION('',(0.,0.,1.));
#6872=DIRECTION('',(0.,0.,1.));
#6873=DIRECTION('',(1.,0.,0.));
#6874=DIRECTION('',(0.,1.,0.));
#6875=DIRECTION('',(1.,0.,0.));
#6876=DIRECTION('',(1.,0.,0.));
#6877=DIRECTION('',(1.,0.,0.));
#6878=DIRECTION('',(0.,0.,-1.));
#6879=DIRECTION('',(0.,1.,0.));
#6880=DIRECTION('',(0.,0.,-1.));
#6881=DIRECTION('',(0.,0.,-1.));
#6882=DIRECTION('',(0.,0.,1.));
#6883=DIRECTION('',(1.,0.,0.));
#6884=DIRECTION('',(0.,1.,0.));
#6885=DIRECTION('',(1.,0.,0.));
#6886=DIRECTION('',(1.,0.,0.));
#6887=DIRECTION('',(-1.,0.,0.));
#6888=DIRECTION('',(0.,0.,1.));
#6889=DIRECTION('',(0.,1.,0.));
#6890=DIRECTION('',(0.,0.,1.));
#6891=DIRECTION('',(0.,0.,1.));
#6892=DIRECTION('',(0.,-1.,0.));
#6893=DIRECTION('',(1.,0.,0.));
#6894=DIRECTION('',(1.,0.,0.));
#6895=DIRECTION('',(0.,0.,-1.));
#6896=DIRECTION('',(-1.,0.,0.));
#6897=DIRECTION('',(0.,0.,-1.));
#6898=DIRECTION('',(-1.,0.,0.));
#6899=DIRECTION('',(0.,1.,0.));
#6900=DIRECTION('',(-1.,0.,0.));
#6901=DIRECTION('',(0.,0.,1.));
#6902=DIRECTION('',(1.,0.,0.));
#6903=DIRECTION('',(1.,0.,0.));
#6904=DIRECTION('',(0.,1.,0.));
#6905=DIRECTION('',(1.,0.,0.));
#6906=DIRECTION('',(0.,0.,-1.));
#6907=DIRECTION('',(0.,0.,-1.));
#6908=DIRECTION('',(0.,-1.,0.));
#6909=DIRECTION('',(1.,0.,0.));
#6910=DIRECTION('',(0.,0.,1.));
#6911=DIRECTION('',(1.,0.,0.));
#6912=DIRECTION('',(-1.,0.,0.));
#6913=DIRECTION('',(0.,0.,1.));
#6914=DIRECTION('',(0.,0.,1.));
#6915=DIRECTION('',(0.,1.,0.));
#6916=DIRECTION('',(0.,0.,1.));
#6917=DIRECTION('',(0.,-1.,0.));
#6918=DIRECTION('',(1.,0.,0.));
#6919=DIRECTION('',(0.,0.,-1.));
#6920=DIRECTION('',(0.,0.,-1.));
#6921=DIRECTION('',(0.,1.,0.));
#6922=DIRECTION('',(0.,0.,1.));
#6923=DIRECTION('',(0.,-1.,0.));
#6924=DIRECTION('',(-1.,0.,0.));
#6925=DIRECTION('',(0.,0.,1.));
#6926=DIRECTION('',(0.,0.,-1.));
#6927=DIRECTION('',(0.,-1.,0.));
#6928=DIRECTION('',(0.,0.,1.));
#6929=DIRECTION('',(0.,1.,0.));
#6930=DIRECTION('',(0.,-1.,0.));
#6931=DIRECTION('',(1.,0.,0.));
#6932=DIRECTION('',(0.,0.,1.));
#6933=DIRECTION('',(-1.,0.,0.));
#6934=DIRECTION('',(0.,0.,-1.));
#6935=DIRECTION('',(0.,-1.,0.));
#6936=DIRECTION('',(0.,0.,-1.));
#6937=DIRECTION('',(0.,-1.,0.));
#6938=DIRECTION('',(0.,0.,-1.));
#6939=DIRECTION('',(1.,0.,0.));
#6940=DIRECTION('',(0.,-1.,0.));
#6941=DIRECTION('',(0.,0.,-1.));
#6942=DIRECTION('',(0.,-1.,0.));
#6943=DIRECTION('',(0.,0.,-1.));
#6944=DIRECTION('',(1.,0.,0.));
#6945=DIRECTION('',(0.,0.,-1.));
#6946=DIRECTION('',(0.,1.,0.));
#6947=DIRECTION('',(0.,0.,-1.));
#6948=DIRECTION('',(0.,-1.,0.));
#6949=DIRECTION('',(0.,1.50845519650157E-16,1.));
#6950=DIRECTION('',(0.,-1.,0.));
#6951=DIRECTION('',(0.,0.,-1.));
#6952=DIRECTION('',(0.,-2.16840434497101E-16,-1.));
#6953=DIRECTION('',(0.,1.,-2.16840434497101E-16));
#6954=DIRECTION('',(0.,-1.,2.16840434497101E-16));
#6955=DIRECTION('',(-1.,0.,0.));
#6956=DIRECTION('',(0.,1.,-2.16840434497101E-16));
#6957=DIRECTION('',(-1.,0.,0.));
#6958=DIRECTION('',(0.,-1.,0.));
#6959=DIRECTION('',(1.,0.,0.));
#6960=DIRECTION('',(1.,0.,0.));
#6961=DIRECTION('',(0.,-1.,0.));
#6962=DIRECTION('',(0.,0.,-1.));
#6963=DIRECTION('',(0.,0.,1.));
#6964=DIRECTION('',(0.,-1.,0.));
#6965=DIRECTION('',(0.,0.,-1.));
#6966=DIRECTION('',(-1.,0.,0.));
#6967=DIRECTION('',(0.,-1.,0.));
#6968=DIRECTION('',(0.,0.,-1.));
#6969=DIRECTION('',(0.,0.,-1.));
#6970=DIRECTION('',(0.,-1.,0.));
#6971=DIRECTION('',(0.,0.,-1.));
#6972=DIRECTION('',(1.,0.,0.));
#6973=DIRECTION('',(0.,-1.,0.));
#6974=DIRECTION('',(0.,0.,-1.));
#6975=DIRECTION('',(0.,0.,1.));
#6976=DIRECTION('',(0.,-1.,0.));
#6977=DIRECTION('',(0.,0.,-1.));
#6978=DIRECTION('',(1.,0.,0.));
#6979=DIRECTION('',(0.,-1.,0.));
#6980=DIRECTION('',(0.,0.,-1.));
#6981=DIRECTION('',(0.,0.,1.));
#6982=DIRECTION('',(1.,0.,0.));
#6983=DIRECTION('',(1.,0.,0.));
#6984=DIRECTION('',(0.,0.,-1.));
#6985=DIRECTION('',(0.,-1.,0.));
#6986=DIRECTION('',(0.,0.,-1.));
#6987=DIRECTION('',(0.,-1.,0.));
#6988=DIRECTION('',(0.,0.,-1.));
#6989=DIRECTION('',(-1.,0.,0.));
#6990=DIRECTION('',(0.,-1.,0.));
#6991=DIRECTION('',(0.,0.,-1.));
#6992=DIRECTION('',(0.,-1.,0.));
#6993=DIRECTION('',(0.,0.,-1.));
#6994=DIRECTION('',(0.,0.,1.));
#6995=DIRECTION('',(1.,0.,0.));
#6996=DIRECTION('',(0.,0.,1.));
#6997=DIRECTION('',(1.,0.,0.));
#6998=DIRECTION('',(0.,-1.,0.));
#6999=DIRECTION('',(1.,0.,0.));
#7000=DIRECTION('',(0.,-1.,0.));
#7001=DIRECTION('',(1.,0.,0.));
#7002=DIRECTION('',(1.,0.,0.));
#7003=DIRECTION('',(0.,-1.,0.));
#7004=DIRECTION('',(1.,0.,0.));
#7005=DIRECTION('',(0.,-1.,0.));
#7006=DIRECTION('',(0.,-1.,0.));
#7007=DIRECTION('',(1.,0.,0.));
#7008=DIRECTION('',(0.,-1.,0.));
#7009=DIRECTION('',(1.,-5.42101086242753E-16,0.));
#7010=DIRECTION('',(0.,-1.,0.));
#7011=DIRECTION('',(-1.,0.,0.));
#7012=DIRECTION('',(0.,-1.,0.));
#7013=DIRECTION('',(-1.,0.,0.));
#7014=DIRECTION('',(0.,0.,1.));
#7015=DIRECTION('',(0.,1.,-2.16840434497101E-16));
#7016=DIRECTION('',(0.,0.,-1.));
#7017=DIRECTION('',(0.,-1.,0.));
#7018=DIRECTION('',(0.,-1.,0.));
#7019=DIRECTION('',(0.,-1.50845519650157E-16,-1.));
#7020=DIRECTION('',(-1.,0.,0.));
#7021=DIRECTION('',(0.,0.,1.));
#7022=DIRECTION('',(0.,-1.,0.));
#7023=DIRECTION('',(0.,0.,-1.));
#7024=DIRECTION('',(0.,-1.,0.));
#7025=DIRECTION('',(0.,0.,-1.));
#7026=DIRECTION('',(0.,-1.,0.));
#7027=DIRECTION('',(0.,0.,-1.));
#7028=DIRECTION('',(-1.,0.,0.));
#7029=DIRECTION('',(1.,0.,0.));
#7030=DIRECTION('',(0.,-1.,0.));
#7031=DIRECTION('',(0.,-1.,0.));
#7032=DIRECTION('',(0.,0.,-1.));
#7033=DIRECTION('',(0.,-1.,0.));
#7034=DIRECTION('',(0.,0.,-1.));
#7035=DIRECTION('',(0.,-1.,0.));
#7036=DIRECTION('',(1.,0.,0.));
#7037=DIRECTION('',(0.,0.,-1.));
#7038=DIRECTION('',(0.,0.,1.));
#7039=DIRECTION('',(0.,-1.,2.16840434497101E-16));
#7040=DIRECTION('',(1.,0.,0.));
#7041=DIRECTION('',(0.,0.,-1.));
#7042=DIRECTION('',(0.,1.50845519650157E-16,1.));
#7043=DIRECTION('',(0.,-1.,0.));
#7044=DIRECTION('',(-1.,0.,0.));
#7045=DIRECTION('',(0.,0.,1.));
#7046=DIRECTION('',(0.,-1.50845519650157E-16,-1.));
#7047=DIRECTION('',(0.,-1.,0.));
#7048=DIRECTION('',(0.,-1.,0.));
#7049=DIRECTION('',(0.,0.,1.));
#7050=DIRECTION('',(1.,0.,0.));
#7051=DIRECTION('',(-1.,0.,0.));
#7052=DIRECTION('',(0.,-1.,0.));
#7053=DIRECTION('',(0.,-1.,0.));
#7054=DIRECTION('',(0.,-1.,0.));
#7055=DIRECTION('',(1.,0.,0.));
#7056=DIRECTION('',(0.,0.,-1.));
#7057=DIRECTION('',(-1.,0.,0.));
#7058=DIRECTION('',(0.,0.,1.));
#7059=DIRECTION('',(0.,-1.,0.));
#7060=DIRECTION('',(0.,0.,-1.));
#7061=DIRECTION('',(1.,0.,0.));
#7062=DIRECTION('',(0.,-1.,0.));
#7063=DIRECTION('',(0.,0.,-1.));
#7064=DIRECTION('',(0.,-2.16840434497101E-16,-1.));
#7065=DIRECTION('',(0.,1.,-2.16840434497101E-16));
#7066=DIRECTION('',(0.,-1.,2.16840434497101E-16));
#7067=DIRECTION('',(-1.,0.,0.));
#7068=DIRECTION('',(0.,1.,-2.16840434497101E-16));
#7069=DIRECTION('',(-1.,0.,0.));
#7070=DIRECTION('',(0.,-1.,1.50845519650157E-16));
#7071=DIRECTION('',(0.,-1.50845519650157E-16,-1.));
#7072=DIRECTION('',(0.,-1.50845519650157E-16,-1.));
#7073=DIRECTION('',(-1.,0.,0.));
#7074=DIRECTION('',(0.,-1.,1.50845519650157E-16));
#7075=DIRECTION('',(0.,-1.50845519650157E-16,-1.));
#7076=DIRECTION('',(0.,-1.50845519650157E-16,-1.));
#7077=DIRECTION('',(-1.,0.,0.));
#7078=DIRECTION('',(0.,1.50845519650157E-16,1.));
#7079=DIRECTION('',(-1.,0.,0.));
#7080=DIRECTION('',(0.,0.,1.));
#7081=DIRECTION('',(1.,0.,0.));
#7082=DIRECTION('',(1.,0.,0.));
#7083=DIRECTION('',(0.,-1.,0.));
#7084=DIRECTION('',(1.,0.,0.));
#7085=DIRECTION('',(0.,-1.,0.));
#7086=DIRECTION('',(0.,-1.,0.));
#7087=DIRECTION('',(1.,0.,0.));
#7088=DIRECTION('',(0.,-1.,0.));
#7089=DIRECTION('',(1.,0.,0.));
#7090=DIRECTION('',(1.,0.,0.));
#7091=DIRECTION('',(0.,-1.,0.));
#7092=DIRECTION('',(1.,-5.42101086242753E-16,0.));
#7093=DIRECTION('',(0.,-1.,0.));
#7094=DIRECTION('',(0.,-1.,0.));
#7095=DIRECTION('',(-1.,0.,0.));
#7096=DIRECTION('',(0.,-1.,0.));
#7097=DIRECTION('',(0.,0.,-1.));
#7098=DIRECTION('',(0.,-1.,0.));
#7099=DIRECTION('',(0.,0.,-1.));
#7100=DIRECTION('',(-1.,0.,0.));
#7101=DIRECTION('',(0.,1.,0.));
#7102=DIRECTION('',(0.,-1.,0.));
#7103=DIRECTION('',(0.,0.,-1.));
#7104=DIRECTION('',(-1.,0.,0.));
#7105=DIRECTION('',(0.,0.,1.));
#7106=DIRECTION('',(0.,-1.,0.));
#7107=DIRECTION('',(0.,0.,1.));
#7108=DIRECTION('',(0.,-1.,0.));
#7109=DIRECTION('',(0.,-1.50845519650157E-16,-1.));
#7110=DIRECTION('',(0.,0.,1.));
#7111=DIRECTION('',(1.,0.,0.));
#7112=DIRECTION('',(1.,0.,0.));
#7113=DIRECTION('',(0.,-1.,0.));
#7114=DIRECTION('',(0.,-1.,1.50845519650157E-16));
#7115=DIRECTION('',(0.,-1.50845519650157E-16,-1.));
#7116=DIRECTION('',(0.,-1.50845519650157E-16,-1.));
#7117=DIRECTION('',(-1.,0.,0.));
#7118=DIRECTION('',(0.,1.50845519650157E-16,1.));
#7119=DIRECTION('',(0.,-1.,1.50845519650157E-16));
#7120=DIRECTION('',(0.,-1.50845519650157E-16,-1.));
#7121=DIRECTION('',(-1.,0.,0.));
#7122=DIRECTION('',(0.,-1.,0.));
#7123=DIRECTION('',(1.,0.,0.));
#7124=DIRECTION('',(0.,-1.,0.));
#7125=DIRECTION('',(0.,0.,-1.));
#7126=DIRECTION('',(0.,0.,-1.));
#7127=DIRECTION('',(1.,0.,0.));
#7128=DIRECTION('',(-1.,0.,0.));
#7129=DIRECTION('',(0.,0.,1.));
#7130=DIRECTION('',(0.,-1.,0.));
#7131=DIRECTION('',(0.,1.,0.));
#7132=DIRECTION('',(0.,-1.,0.));
#7133=DIRECTION('',(-1.,0.,0.));
#7134=DIRECTION('',(0.,0.,1.));
#7135=DIRECTION('',(-1.,0.,0.));
#7136=DIRECTION('',(0.,0.,1.));
#7137=DIRECTION('',(0.,-1.,0.));
#7138=DIRECTION('',(1.,0.,0.));
#7139=DIRECTION('',(1.,0.,0.));
#7140=DIRECTION('',(0.,0.,1.));
#7141=DIRECTION('',(1.,0.,0.));
#7142=DIRECTION('',(0.,-1.,0.));
#7143=DIRECTION('',(0.,0.,-1.));
#7144=DIRECTION('',(1.,0.,0.));
#7145=DIRECTION('',(0.,0.,-1.));
#7146=DIRECTION('',(0.,-1.,0.));
#7147=DIRECTION('',(1.,0.,0.));
#7148=DIRECTION('',(0.,0.,-1.));
#7149=DIRECTION('',(1.,0.,0.));
#7150=DIRECTION('',(0.,0.,-1.));
#7151=DIRECTION('',(0.,-1.,0.));
#7152=DIRECTION('',(0.,1.,0.));
#7153=DIRECTION('',(0.,0.,-1.));
#7154=DIRECTION('',(-1.,0.,0.));
#7155=DIRECTION('',(0.,0.,1.));
#7156=DIRECTION('',(1.,0.,0.));
#7157=DIRECTION('',(0.,0.,1.));
#7158=DIRECTION('',(1.,0.,0.));
#7159=DIRECTION('',(0.,-1.,0.));
#7160=DIRECTION('',(0.,0.,-1.));
#7161=DIRECTION('',(0.,-1.,0.));
#7162=DIRECTION('',(0.,0.,-1.));
#7163=DIRECTION('',(0.,1.,0.));
#7164=DIRECTION('',(0.,0.,1.));
#7165=DIRECTION('',(0.,-1.,0.));
#7166=DIRECTION('',(0.,0.,-1.));
#7167=DIRECTION('',(0.,1.,0.));
#7168=DIRECTION('',(0.,0.,1.));
#7169=DIRECTION('',(0.,-1.,1.50845519650157E-16));
#7170=DIRECTION('',(0.,-1.50845519650157E-16,-1.));
#7171=DIRECTION('',(0.,-1.,0.));
#7172=DIRECTION('',(0.,0.,-1.));
#7173=DIRECTION('',(0.,1.,0.));
#7174=DIRECTION('',(0.,0.,1.));
#7175=DIRECTION('',(0.,-1.50845519650157E-16,-1.));
#7176=DIRECTION('',(0.,1.,-1.50845519650157E-16));
#7177=DIRECTION('',(0.,0.,-1.));
#7178=DIRECTION('',(-1.,0.,0.));
#7179=DIRECTION('',(0.,0.,1.));
#7180=DIRECTION('',(1.,0.,0.));
#7181=DIRECTION('',(0.,-1.,1.50845519650157E-16));
#7182=DIRECTION('',(0.,-1.50845519650157E-16,-1.));
#7183=DIRECTION('',(-1.,0.,0.));
#7184=DIRECTION('',(0.,0.,1.));
#7185=DIRECTION('',(1.,0.,0.));
#7186=DIRECTION('',(0.,0.,-1.));
#7187=DIRECTION('',(1.,1.73472347597681E-15,0.));
#7188=DIRECTION('',(-1.73472347597681E-15,1.,0.));
#7189=DIRECTION('',(-1.,0.,0.));
#7190=DIRECTION('',(0.,0.,1.));
#7191=DIRECTION('',(1.,0.,0.));
#7192=DIRECTION('',(0.,0.,-1.));
#7193=DIRECTION('',(0.,-1.,0.));
#7194=DIRECTION('',(0.,0.,-1.));
#7195=DIRECTION('',(0.,1.,0.));
#7196=DIRECTION('',(0.,0.,1.));
#7197=DIRECTION('',(0.,-1.,0.));
#7198=DIRECTION('',(0.,0.,-1.));
#7199=DIRECTION('',(0.,1.,0.));
#7200=DIRECTION('',(0.,0.,1.));
#7201=DIRECTION('',(-1.,0.,0.));
#7202=DIRECTION('',(0.,0.,1.));
#7203=DIRECTION('',(-1.,0.,0.));
#7204=DIRECTION('',(0.,0.,1.));
#7205=DIRECTION('',(0.,0.,-1.));
#7206=DIRECTION('',(-1.,0.,0.));
#7207=DIRECTION('',(0.,0.,-1.));
#7208=DIRECTION('',(-1.,0.,0.));
#7209=DIRECTION('',(0.,0.,-1.));
#7210=DIRECTION('',(-1.,0.,0.));
#7211=DIRECTION('',(0.,0.,-1.));
#7212=DIRECTION('',(-1.,0.,0.));
#7213=DIRECTION('',(0.,-1.50845519650157E-16,-1.));
#7214=DIRECTION('',(0.,1.,-1.50845519650157E-16));
#7215=DIRECTION('',(0.,2.16840434497101E-16,1.));
#7216=DIRECTION('',(0.,-1.,2.16840434497101E-16));
#7217=DIRECTION('',(1.,0.,0.));
#7218=DIRECTION('',(0.,0.,-1.));
#7219=DIRECTION('',(-1.,0.,0.));
#7220=DIRECTION('',(0.,0.,1.));
#7221=DIRECTION('',(1.,0.,0.));
#7222=DIRECTION('',(0.,0.,-1.));
#7223=DIRECTION('',(0.,1.50845519650157E-16,1.));
#7224=DIRECTION('',(0.,-1.,1.50845519650157E-16));
#7225=DIRECTION('',(0.,2.16840434497101E-16,1.));
#7226=DIRECTION('',(0.,-1.,2.16840434497101E-16));
#7227=DIRECTION('',(-1.,0.,0.));
#7228=DIRECTION('',(0.,0.,1.));
#7229=DIRECTION('',(-1.,0.,0.));
#7230=DIRECTION('',(0.,0.,1.));
#7231=DIRECTION('',(1.,0.,0.));
#7232=DIRECTION('',(0.,0.,-1.));
#7233=DIRECTION('',(-1.,0.,0.));
#7234=DIRECTION('',(0.,0.,1.));
#7235=DIRECTION('',(0.,-1.,0.));
#7236=DIRECTION('',(0.,0.,-1.));
#7237=DIRECTION('',(0.,-1.,0.));
#7238=DIRECTION('',(0.,0.,-1.));
#7239=DIRECTION('',(0.,0.,-1.));
#7240=DIRECTION('',(-1.,0.,0.));
#7241=DIRECTION('',(0.,-1.,0.));
#7242=DIRECTION('',(0.,0.,-1.));
#7243=DIRECTION('',(0.,0.,-1.));
#7244=DIRECTION('',(-1.,0.,0.));
#7245=DIRECTION('',(1.,0.,0.));
#7246=DIRECTION('',(0.,0.,-1.));
#7247=DIRECTION('',(0.,-1.,0.));
#7248=DIRECTION('',(0.,0.,-1.));
#7249=DIRECTION('',(0.,-1.,2.16840434497101E-16));
#7250=DIRECTION('',(0.,-2.16840434497101E-16,-1.));
#7251=DIRECTION('',(0.,1.,0.));
#7252=DIRECTION('',(0.,0.,1.));
#7253=DIRECTION('',(0.,0.,-1.));
#7254=DIRECTION('',(-1.,0.,0.));
#7255=DIRECTION('',(0.,0.,-1.));
#7256=DIRECTION('',(-1.,0.,0.));
#7257=DIRECTION('',(0.,0.,1.));
#7258=DIRECTION('',(1.,0.,0.));
#7259=DIRECTION('',(0.,4.33680868994202E-16,-1.));
#7260=DIRECTION('',(0.,1.,4.33680868994202E-16));
#7261=DIRECTION('',(0.,1.,-2.16840434497101E-16));
#7262=DIRECTION('',(0.,2.16840434497101E-16,1.));
#7263=DIRECTION('',(0.,1.,0.));
#7264=DIRECTION('',(0.,0.,1.));
#7265=DIRECTION('',(1.,0.,4.33680868994202E-16));
#7266=DIRECTION('',(4.33680868994202E-16,0.,-1.));
#7267=DIRECTION('',(1.,0.,0.));
#7268=DIRECTION('',(0.,0.,-1.));
#7269=DIRECTION('',(-1.,0.,0.));
#7270=DIRECTION('',(0.,0.,1.));
#7271=DIRECTION('',(-1.,0.,0.));
#7272=DIRECTION('',(0.,0.,1.));
#7273=DIRECTION('',(1.,0.,0.));
#7274=DIRECTION('',(0.,0.,-1.));
#7275=DIRECTION('',(1.,0.,0.));
#7276=DIRECTION('',(0.,0.,-1.));
#7277=DIRECTION('',(-1.,0.,0.));
#7278=DIRECTION('',(0.,0.,1.));
#7279=DIRECTION('',(0.,1.,0.));
#7280=DIRECTION('',(0.,0.,1.));
#7281=DIRECTION('',(0.,0.,-1.));
#7282=DIRECTION('',(0.,0.,-1.));
#7283=DIRECTION('',(1.,0.,0.));
#7284=DIRECTION('',(0.,0.,-1.));
#7285=DIRECTION('',(0.,0.,-1.));
#7286=DIRECTION('',(1.,0.,0.));
#7287=DIRECTION('',(0.,0.,-1.));
#7288=DIRECTION('',(0.,0.,-1.));
#7289=DIRECTION('',(5.42101086242753E-16,1.,0.));
#7290=DIRECTION('',(-1.,5.42101086242753E-16,0.));
#7291=DIRECTION('',(1.,0.,0.));
#7292=DIRECTION('',(0.,0.,-1.));
#7293=DIRECTION('',(0.,0.,-1.));
#7294=DIRECTION('',(0.,0.,-1.));
#7295=DIRECTION('',(0.,1.,0.));
#7296=DIRECTION('',(0.,0.,1.));
#7297=DIRECTION('',(0.,0.,-1.));
#7298=DIRECTION('',(0.,1.,0.));
#7299=DIRECTION('',(0.,0.,1.));
#7300=DIRECTION('',(0.,0.,-1.));
#7301=DIRECTION('',(1.,0.,0.));
#7302=DIRECTION('',(0.,0.,-1.));
#7303=DIRECTION('',(0.,1.,0.));
#7304=DIRECTION('',(0.,0.,1.));
#7305=DIRECTION('',(0.,0.,-1.));
#7306=DIRECTION('',(0.,0.,-1.));
#7307=DIRECTION('',(1.,0.,0.));
#7308=DIRECTION('',(0.,0.,-1.));
#7309=DIRECTION('',(0.,0.,-1.));
#7310=DIRECTION('',(1.,0.,0.));
#7311=DIRECTION('',(0.,0.,-1.));
#7312=DIRECTION('',(0.,0.,-1.));
#7313=DIRECTION('',(0.,1.,0.));
#7314=DIRECTION('',(0.,0.,1.));
#7315=DIRECTION('',(0.,0.,1.));
#7316=DIRECTION('',(1.,0.,0.));
#7317=DIRECTION('',(0.,1.,0.));
#7318=DIRECTION('',(0.,0.,1.));
#7319=DIRECTION('',(0.,-1.,0.));
#7320=DIRECTION('',(0.,0.,-1.));
#7321=DIRECTION('',(0.,-1.,0.));
#7322=DIRECTION('',(0.,0.,-1.));
#7323=DIRECTION('',(0.,1.,0.));
#7324=DIRECTION('',(0.,0.,1.));
#7325=DIRECTION('',(0.,-1.,0.));
#7326=DIRECTION('',(0.,0.,-1.));
#7327=DIRECTION('',(0.,-1.,0.));
#7328=DIRECTION('',(0.,0.,-1.));
#7329=DIRECTION('',(0.,-1.,0.));
#7330=DIRECTION('',(1.,0.,0.));
#7331=DIRECTION('',(0.,-1.,0.));
#7332=DIRECTION('',(1.,0.,0.));
#7333=DIRECTION('',(0.,0.,1.));
#7334=DIRECTION('',(1.,0.,0.));
#7335=DIRECTION('',(0.,0.,1.));
#7336=DIRECTION('',(1.,0.,0.));
#7337=DIRECTION('',(1.,0.,0.));
#7338=DIRECTION('',(0.,1.,0.));
#7339=DIRECTION('',(1.,0.,0.));
#7340=DIRECTION('',(0.,1.,0.));
#7341=DIRECTION('',(1.,0.,0.));
#7342=DIRECTION('',(0.,0.,-1.));
#7343=DIRECTION('',(0.,1.,0.));
#7344=DIRECTION('',(0.,0.,-1.));
#7345=DIRECTION('',(0.,0.,-1.));
#7346=DIRECTION('',(0.,0.,1.));
#7347=DIRECTION('',(1.,0.,0.));
#7348=DIRECTION('',(0.,1.,0.));
#7349=DIRECTION('',(1.,0.,0.));
#7350=DIRECTION('',(1.,0.,0.));
#7351=DIRECTION('',(-1.,0.,-1.5298466018342E-16));
#7352=DIRECTION('',(-1.5298466018342E-16,0.,1.));
#7353=DIRECTION('',(0.,1.,0.));
#7354=DIRECTION('',(-1.5298466018342E-16,0.,1.));
#7355=DIRECTION('',(-1.5298466018342E-16,0.,1.));
#7356=DIRECTION('',(-0.461748613235034,0.,-0.887010833178222));
#7357=DIRECTION('',(-0.887010833178222,0.,0.461748613235034));
#7358=DIRECTION('',(-0.887010833178222,0.,0.461748613235034));
#7359=DIRECTION('',(-0.887010833178222,0.,0.461748613235034));
#7360=DIRECTION('',(0.,1.,0.));
#7361=DIRECTION('',(0.,0.,-1.));
#7362=DIRECTION('',(-1.,0.,0.));
#7363=DIRECTION('',(-1.,0.,0.));
#7364=DIRECTION('',(-1.,0.,0.));
#7365=DIRECTION('',(0.,1.,0.));
#7366=DIRECTION('',(1.,0.,0.));
#7367=DIRECTION('',(0.,0.,-1.));
#7368=DIRECTION('',(0.,0.,-1.));
#7369=DIRECTION('',(0.,0.,-1.));
#7370=DIRECTION('',(0.,1.,0.));
#7371=DIRECTION('',(0.461748613235034,0.,0.887010833178222));
#7372=DIRECTION('',(0.887010833178222,0.,-0.461748613235034));
#7373=DIRECTION('',(0.887010833178222,0.,-0.461748613235034));
#7374=DIRECTION('',(0.887010833178222,0.,-0.461748613235034));
#7375=DIRECTION('',(0.,1.,0.));
#7376=DIRECTION('',(0.461748613235034,0.,-0.887010833178222));
#7377=DIRECTION('',(-0.887010833178222,0.,-0.461748613235034));
#7378=DIRECTION('',(-0.887010833178222,0.,-0.461748613235034));
#7379=DIRECTION('',(-0.887010833178222,0.,-0.461748613235034));
#7380=DIRECTION('',(0.,1.,0.));
#7381=DIRECTION('',(1.,0.,0.));
#7382=DIRECTION('',(0.,0.,-1.));
#7383=DIRECTION('',(0.,0.,-1.));
#7384=DIRECTION('',(0.,0.,-1.));
#7385=DIRECTION('',(0.,1.,0.));
#7386=DIRECTION('',(0.,0.,1.));
#7387=DIRECTION('',(1.,0.,0.));
#7388=DIRECTION('',(1.,0.,0.));
#7389=DIRECTION('',(1.,0.,0.));
#7390=DIRECTION('',(0.,1.,0.));
#7391=DIRECTION('',(-0.461748613235034,0.,0.887010833178222));
#7392=DIRECTION('',(0.887010833178222,0.,0.461748613235034));
#7393=DIRECTION('',(0.887010833178222,0.,0.461748613235034));
#7394=DIRECTION('',(0.887010833178222,0.,0.461748613235034));
#7395=DIRECTION('',(0.,1.,0.));
#7396=DIRECTION('',(1.,0.,0.));
#7397=DIRECTION('',(0.,0.,-1.));
#7398=DIRECTION('',(0.,0.,-1.));
#7399=DIRECTION('',(0.,0.,-1.));
#7400=DIRECTION('',(0.,-1.,0.));
#7401=DIRECTION('',(1.,0.,0.));
#7402=DIRECTION('',(0.,-1.,0.));
#7403=DIRECTION('',(1.,0.,0.));
#7404=DIRECTION('',(0.,0.,1.));
#7405=DIRECTION('',(1.,0.,0.));
#7406=DIRECTION('',(0.,0.,1.));
#7407=DIRECTION('',(1.,0.,0.));
#7408=DIRECTION('',(1.,0.,0.));
#7409=DIRECTION('',(0.,1.,0.));
#7410=DIRECTION('',(1.,0.,0.));
#7411=DIRECTION('',(0.,1.,0.));
#7412=DIRECTION('',(-1.,0.,0.));
#7413=DIRECTION('',(0.,0.,1.));
#7414=DIRECTION('',(0.,0.,1.));
#7415=DIRECTION('',(0.,0.,1.));
#7416=DIRECTION('',(0.,1.,0.));
#7417=DIRECTION('',(0.,0.,-1.));
#7418=DIRECTION('',(-1.,0.,0.));
#7419=DIRECTION('',(-1.,0.,0.));
#7420=DIRECTION('',(-1.,0.,0.));
#7421=DIRECTION('',(0.,1.,0.));
#7422=DIRECTION('',(1.,0.,0.));
#7423=DIRECTION('',(0.,0.,-1.));
#7424=DIRECTION('',(0.,0.,-1.));
#7425=DIRECTION('',(0.,0.,-1.));
#7426=DIRECTION('',(0.,1.,0.));
#7427=DIRECTION('',(0.,0.,1.));
#7428=DIRECTION('',(1.,0.,0.));
#7429=DIRECTION('',(1.,0.,0.));
#7430=DIRECTION('',(1.,0.,0.));
#7431=DIRECTION('',(0.,1.,0.));
#7432=DIRECTION('',(1.,0.,0.));
#7433=DIRECTION('',(0.,0.,-1.));
#7434=DIRECTION('',(0.,0.,-1.));
#7435=DIRECTION('',(0.,0.,-1.));
#7436=DIRECTION('',(0.,-1.,0.));
#7437=DIRECTION('',(1.,0.,0.));
#7438=DIRECTION('',(0.,-1.,0.));
#7439=DIRECTION('',(1.,0.,0.));
#7440=DIRECTION('',(0.,0.,1.));
#7441=DIRECTION('',(1.,0.,0.));
#7442=DIRECTION('',(0.,0.,1.));
#7443=DIRECTION('',(1.,0.,0.));
#7444=DIRECTION('',(1.,0.,0.));
#7445=DIRECTION('',(0.,1.,0.));
#7446=DIRECTION('',(1.,0.,0.));
#7447=DIRECTION('',(0.,1.,0.));
#7448=DIRECTION('',(-1.,0.,-1.7347234759768E-16));
#7449=DIRECTION('',(-1.7347234759768E-16,0.,1.));
#7450=DIRECTION('',(-1.7347234759768E-16,0.,1.));
#7451=DIRECTION('',(-1.7347234759768E-16,0.,1.));
#7452=DIRECTION('',(0.,1.,0.));
#7453=DIRECTION('',(0.,0.,-1.));
#7454=DIRECTION('',(-1.,0.,0.));
#7455=DIRECTION('',(-1.,0.,0.));
#7456=DIRECTION('',(-1.,0.,0.));
#7457=DIRECTION('',(0.,1.,0.));
#7458=DIRECTION('',(1.,0.,0.));
#7459=DIRECTION('',(0.,0.,-1.));
#7460=DIRECTION('',(0.,0.,-1.));
#7461=DIRECTION('',(0.,0.,-1.));
#7462=DIRECTION('',(0.,1.,0.));
#7463=DIRECTION('',(0.,0.,1.));
#7464=DIRECTION('',(1.,0.,0.));
#7465=DIRECTION('',(1.,0.,0.));
#7466=DIRECTION('',(1.,0.,0.));
#7467=DIRECTION('',(0.,1.,0.));
#7468=DIRECTION('',(1.,0.,0.));
#7469=DIRECTION('',(0.,0.,-1.));
#7470=DIRECTION('',(0.,0.,-1.));
#7471=DIRECTION('',(0.,0.,-1.));
#7472=DIRECTION('',(0.,1.,0.));
#7473=DIRECTION('',(0.,0.,-1.));
#7474=DIRECTION('',(-1.,0.,0.));
#7475=DIRECTION('',(-1.,0.,0.));
#7476=DIRECTION('',(-1.,0.,0.));
#7477=DIRECTION('',(0.,1.,0.));
#7478=DIRECTION('',(1.,0.,0.));
#7479=DIRECTION('',(0.,0.,-1.));
#7480=DIRECTION('',(0.,0.,-1.));
#7481=DIRECTION('',(0.,0.,-1.));
#7482=DIRECTION('',(0.,1.,0.));
#7483=DIRECTION('',(0.,0.,-1.));
#7484=DIRECTION('',(-1.,0.,0.));
#7485=DIRECTION('',(0.,1.,0.));
#7486=DIRECTION('',(-1.,0.,0.));
#7487=DIRECTION('',(-1.,0.,0.));
#7488=DIRECTION('',(1.,0.,0.));
#7489=DIRECTION('',(0.,0.,-1.));
#7490=DIRECTION('',(0.,0.,-1.));
#7491=DIRECTION('',(0.,0.,-1.));
#7492=DIRECTION('',(0.,1.,0.));
#7493=DIRECTION('',(0.,0.,-1.));
#7494=DIRECTION('',(-1.,0.,0.));
#7495=DIRECTION('',(-1.,0.,0.));
#7496=DIRECTION('',(-1.,0.,0.));
#7497=DIRECTION('',(0.,1.,0.));
#7498=DIRECTION('',(1.,0.,0.));
#7499=DIRECTION('',(0.,0.,-1.));
#7500=DIRECTION('',(0.,0.,-1.));
#7501=DIRECTION('',(0.,0.,-1.));
#7502=DIRECTION('',(0.,-1.,0.));
#7503=DIRECTION('',(1.,0.,0.));
#7504=DIRECTION('',(0.,-1.,0.));
#7505=DIRECTION('',(1.,0.,0.));
#7506=DIRECTION('',(0.,0.,1.));
#7507=DIRECTION('',(1.,0.,0.));
#7508=DIRECTION('',(0.,0.,1.));
#7509=DIRECTION('',(1.,0.,0.));
#7510=DIRECTION('',(1.,0.,0.));
#7511=DIRECTION('',(0.,1.,0.));
#7512=DIRECTION('',(1.,0.,0.));
#7513=DIRECTION('',(0.,1.,0.));
#7514=DIRECTION('',(-1.,0.,0.));
#7515=DIRECTION('',(0.,0.,1.));
#7516=DIRECTION('',(0.,0.,1.));
#7517=DIRECTION('',(0.,0.,1.));
#7518=DIRECTION('',(0.,1.,0.));
#7519=DIRECTION('',(0.,0.,-1.));
#7520=DIRECTION('',(-1.,0.,0.));
#7521=DIRECTION('',(-1.,0.,0.));
#7522=DIRECTION('',(-1.,0.,0.));
#7523=DIRECTION('',(0.,1.,0.));
#7524=DIRECTION('',(1.,0.,0.));
#7525=DIRECTION('',(0.,0.,-1.));
#7526=DIRECTION('',(0.,0.,-1.));
#7527=DIRECTION('',(0.,0.,-1.));
#7528=DIRECTION('',(0.,-1.,0.));
#7529=DIRECTION('',(1.,0.,0.));
#7530=DIRECTION('',(0.,-1.,0.));
#7531=DIRECTION('',(1.,0.,0.));
#7532=DIRECTION('',(0.,0.,1.));
#7533=DIRECTION('',(1.,0.,0.));
#7534=DIRECTION('',(0.,0.,1.));
#7535=DIRECTION('',(1.,0.,0.));
#7536=DIRECTION('',(0.,1.,0.));
#7537=DIRECTION('',(1.,0.,0.));
#7538=DIRECTION('',(0.,1.,0.));
#7539=DIRECTION('',(1.,0.,0.));
#7540=DIRECTION('',(-1.,0.,0.));
#7541=DIRECTION('',(0.,0.,1.));
#7542=DIRECTION('',(0.,1.,0.));
#7543=DIRECTION('',(0.,0.,1.));
#7544=DIRECTION('',(0.,0.,1.));
#7545=DIRECTION('',(-0.689668713444833,0.,0.724125034573));
#7546=DIRECTION('',(0.724125034573,0.,0.689668713444833));
#7547=DIRECTION('',(0.,1.,0.));
#7548=DIRECTION('',(0.724125034573,0.,0.689668713444833));
#7549=DIRECTION('',(0.724125034573,0.,0.689668713444833));
#7550=DIRECTION('',(-1.,0.,0.));
#7551=DIRECTION('',(0.,0.,1.));
#7552=DIRECTION('',(0.,1.,0.));
#7553=DIRECTION('',(0.,0.,1.));
#7554=DIRECTION('',(0.,0.,1.));
#7555=DIRECTION('',(0.,0.,-1.));
#7556=DIRECTION('',(-1.,0.,0.));
#7557=DIRECTION('',(0.,1.,0.));
#7558=DIRECTION('',(-1.,0.,0.));
#7559=DIRECTION('',(-1.,0.,0.));
#7560=DIRECTION('',(0.689668713444833,0.,-0.724125034573));
#7561=DIRECTION('',(-0.724125034573,0.,-0.689668713444833));
#7562=DIRECTION('',(0.,1.,0.));
#7563=DIRECTION('',(-0.724125034573,0.,-0.689668713444833));
#7564=DIRECTION('',(-0.724125034573,0.,-0.689668713444833));
#7565=DIRECTION('',(-0.689668713444833,0.,-0.724125034573));
#7566=DIRECTION('',(-0.724125034573,0.,0.689668713444833));
#7567=DIRECTION('',(0.,1.,0.));
#7568=DIRECTION('',(-0.724125034573,0.,0.689668713444833));
#7569=DIRECTION('',(-0.724125034573,0.,0.689668713444833));
#7570=DIRECTION('',(0.,0.,-1.));
#7571=DIRECTION('',(-1.,0.,0.));
#7572=DIRECTION('',(0.,1.,0.));
#7573=DIRECTION('',(-1.,0.,0.));
#7574=DIRECTION('',(-1.,0.,0.));
#7575=DIRECTION('',(0.,-1.,0.));
#7576=DIRECTION('',(1.,0.,0.));
#7577=DIRECTION('',(0.,0.,-1.));
#7578=DIRECTION('',(0.724125034573,0.,-0.689668713444833));
#7579=DIRECTION('',(0.,0.,-1.));
#7580=DIRECTION('',(1.,0.,0.));
#7581=DIRECTION('',(0.,0.,-1.));
#7582=DIRECTION('',(0.,1.,0.));
#7583=DIRECTION('',(0.,0.,-1.));
#7584=DIRECTION('',(1.,0.,0.));
#7585=DIRECTION('',(0.,0.,-1.));
#7586=DIRECTION('',(0.,0.,-1.));
#7587=DIRECTION('',(0.,1.,0.));
#7588=DIRECTION('',(0.689668713444833,0.,0.724125034573));
#7589=DIRECTION('',(0.724125034573,0.,-0.689668713444833));
#7590=DIRECTION('',(0.724125034573,0.,-0.689668713444833));
#7591=DIRECTION('',(0.,-1.,0.));
#7592=DIRECTION('',(1.,0.,0.));
#7593=DIRECTION('',(0.,0.,1.));
#7594=DIRECTION('',(1.,0.,0.));
#7595=DIRECTION('',(0.,1.,0.));
#7596=DIRECTION('',(0.,0.,1.));
#7597=DIRECTION('',(0.,-1.,0.));
#7598=DIRECTION('',(0.,0.,-1.));
#7599=DIRECTION('',(0.,1.,0.));
#7600=DIRECTION('',(0.,-1.,0.));
#7601=DIRECTION('',(0.,0.,-1.));
#7602=DIRECTION('',(0.,1.,0.));
#7603=DIRECTION('',(0.,0.,-1.));
#7604=DIRECTION('',(-1.,0.,0.));
#7605=DIRECTION('',(-1.,0.,0.));
#7606=DIRECTION('',(-1.,0.,0.));
#7607=DIRECTION('',(0.,1.,0.));
#7608=DIRECTION('',(0.,1.,0.));
#7609=DIRECTION('',(0.,0.,1.));
#7610=DIRECTION('',(0.,-1.,0.));
#7611=DIRECTION('',(0.,0.,-1.));
#7612=DIRECTION('',(0.,-1.,0.));
#7613=DIRECTION('',(0.,0.,-1.));
#7614=DIRECTION('',(0.,1.,0.));
#7615=DIRECTION('',(1.,0.,0.));
#7616=DIRECTION('',(0.,0.,-1.));
#7617=DIRECTION('',(0.,0.,-1.));
#7618=DIRECTION('',(0.,0.,-1.));
#7619=DIRECTION('',(0.,1.,0.));
#7620=DIRECTION('',(0.,0.,1.));
#7621=DIRECTION('',(1.,0.,0.));
#7622=DIRECTION('',(1.,0.,0.));
#7623=DIRECTION('',(1.,0.,0.));
#7624=DIRECTION('',(0.,1.,0.));
#7625=DIRECTION('',(-1.,0.,0.));
#7626=DIRECTION('',(0.,0.,1.));
#7627=DIRECTION('',(0.,0.,1.));
#7628=DIRECTION('',(0.,1.,0.));
#7629=DIRECTION('',(0.,0.,1.));
#7630=DIRECTION('',(0.,0.,1.));
#7631=DIRECTION('',(1.,0.,0.));
#7632=DIRECTION('',(1.,0.,0.));
#7633=DIRECTION('',(0.,1.,0.));
#7634=DIRECTION('',(1.,0.,0.));
#7635=DIRECTION('',(0.,1.,0.));
#7636=DIRECTION('',(-1.,0.,0.));
#7637=DIRECTION('',(0.,0.,1.));
#7638=DIRECTION('',(0.,0.,1.));
#7639=DIRECTION('',(0.,1.,0.));
#7640=DIRECTION('',(0.,0.,1.));
#7641=DIRECTION('',(0.,1.,0.));
#7642=DIRECTION('',(0.,0.,1.));
#7643=DIRECTION('',(1.,0.,0.));
#7644=DIRECTION('',(1.,0.,0.));
#7645=DIRECTION('',(1.,0.,0.));
#7646=DIRECTION('',(0.,1.,0.));
#7647=DIRECTION('',(-1.,0.,0.));
#7648=DIRECTION('',(0.,0.,1.));
#7649=DIRECTION('',(0.,0.,1.));
#7650=DIRECTION('',(0.,0.,1.));
#7651=DIRECTION('',(0.,1.,0.));
#7652=DIRECTION('',(0.,0.,1.));
#7653=DIRECTION('',(1.,0.,0.));
#7654=DIRECTION('',(1.,0.,0.));
#7655=DIRECTION('',(1.,0.,0.));
#7656=DIRECTION('',(0.,1.,0.));
#7657=DIRECTION('',(1.,0.,0.));
#7658=DIRECTION('',(0.,0.,-1.));
#7659=DIRECTION('',(0.,0.,-1.));
#7660=DIRECTION('',(0.,0.,-1.));
#7661=DIRECTION('',(0.,1.,0.));
#7662=DIRECTION('',(0.,1.,0.));
#7663=DIRECTION('',(0.,0.,1.));
#7664=DIRECTION('',(0.,1.,0.));
#7665=DIRECTION('',(0.,0.,1.));
#7666=DIRECTION('',(0.,1.,0.));
#7667=DIRECTION('',(0.,0.,1.));
#7668=DIRECTION('',(0.,1.,0.));
#7669=DIRECTION('',(0.,0.,-1.));
#7670=DIRECTION('',(-1.,0.,0.));
#7671=DIRECTION('',(-1.,0.,0.));
#7672=DIRECTION('',(-1.,0.,0.));
#7673=DIRECTION('',(0.,1.,0.));
#7674=DIRECTION('',(0.,1.,0.));
#7675=DIRECTION('',(0.,0.,1.));
#7676=DIRECTION('',(0.,1.,0.));
#7677=DIRECTION('',(0.,0.,1.));
#7678=DIRECTION('',(0.,1.,0.));
#7679=DIRECTION('',(0.,0.,1.));
#7680=DIRECTION('',(-1.,0.,0.));
#7681=DIRECTION('',(0.,0.,1.));
#7682=DIRECTION('',(0.,0.,1.));
#7683=DIRECTION('',(0.,0.,1.));
#7684=DIRECTION('',(0.,1.,0.));
#7685=DIRECTION('',(-1.,0.,0.));
#7686=DIRECTION('',(0.,1.,0.));
#7687=DIRECTION('',(0.,0.,1.));
#7688=DIRECTION('',(0.,1.,0.));
#7689=DIRECTION('',(-1.,0.,0.));
#7690=DIRECTION('',(0.,1.,0.));
#7691=DIRECTION('',(0.,0.,1.));
#7692=DIRECTION('',(0.,1.,0.));
#7693=DIRECTION('',(0.,0.,1.));
#7694=DIRECTION('',(0.,0.,1.));
#7695=DIRECTION('',(1.,0.,0.));
#7696=DIRECTION('',(-1.,0.,0.));
#7697=DIRECTION('',(0.,0.,1.));
#7698=DIRECTION('',(0.,-1.,0.));
#7699=DIRECTION('',(0.,0.,1.));
#7700=DIRECTION('',(0.,-1.,0.));
#7701=DIRECTION('',(0.,0.,1.));
#7702=DIRECTION('',(0.,-1.,0.));
#7703=DIRECTION('',(0.,0.,1.));
#7704=DIRECTION('',(0.,1.,0.));
#7705=DIRECTION('',(0.,0.,1.));
#7706=DIRECTION('',(0.,1.,0.));
#7707=DIRECTION('',(0.,0.,1.));
#7708=DIRECTION('',(0.,-1.,0.));
#7709=DIRECTION('',(0.,0.,-1.));
#7710=DIRECTION('',(1.,0.,0.));
#7711=DIRECTION('',(0.,0.,-1.));
#7712=DIRECTION('',(0.,0.,-1.));
#7713=DIRECTION('',(0.,-1.,0.));
#7714=DIRECTION('',(0.,0.,-1.));
#7715=DIRECTION('',(0.,-1.,0.));
#7716=DIRECTION('',(0.,0.,-1.));
#7717=DIRECTION('',(0.,1.,0.));
#7718=DIRECTION('',(0.,0.,-1.));
#7719=DIRECTION('',(0.,1.,0.));
#7720=DIRECTION('',(0.,0.,-1.));
#7721=DIRECTION('',(0.,-1.,0.));
#7722=DIRECTION('',(0.,0.,1.));
#7723=DIRECTION('',(0.,-1.,0.));
#7724=DIRECTION('',(0.,-1.,0.));
#7725=DIRECTION('',(1.,0.,0.));
#7726=DIRECTION('',(0.,0.,1.));
#7727=DIRECTION('',(1.,0.,0.));
#7728=DIRECTION('',(0.,0.,-1.));
#7729=DIRECTION('',(-1.,0.,0.));
#7730=DIRECTION('',(0.,0.,1.));
#7731=DIRECTION('',(-1.,0.,0.));
#7732=DIRECTION('',(0.,0.,-1.));
#7733=DIRECTION('',(-1.,0.,0.));
#7734=DIRECTION('',(0.,0.,1.));
#7735=DIRECTION('',(-1.,0.,0.));
#7736=DIRECTION('',(0.,0.,1.));
#7737=DIRECTION('',(-0.887010833178222,0.,-0.461748613235034));
#7738=DIRECTION('',(-1.,0.,0.));
#7739=DIRECTION('',(0.,0.,1.));
#7740=DIRECTION('',(0.887010833178222,0.,0.461748613235034));
#7741=DIRECTION('',(-0.887010833178222,0.,0.461748613235034));
#7742=DIRECTION('',(0.,0.,1.));
#7743=DIRECTION('',(1.,0.,0.));
#7744=DIRECTION('',(0.887010833178222,0.,-0.461748613235034));
#7745=DIRECTION('',(1.5298466018342E-16,0.,-1.));
#7746=DIRECTION('',(-1.,0.,0.));
#7747=DIRECTION('',(-0.724125034573,0.,0.689668713444833));
#7748=DIRECTION('',(0.,0.,1.));
#7749=DIRECTION('',(1.,0.,0.));
#7750=DIRECTION('',(0.724125034573,0.,-0.689668713444833));
#7751=DIRECTION('',(0.724125034573,0.,0.689668713444833));
#7752=DIRECTION('',(1.,0.,0.));
#7753=DIRECTION('',(0.,0.,-1.));
#7754=DIRECTION('',(-0.724125034573,0.,-0.689668713444833));
#7755=DIRECTION('',(0.,0.,-1.));
#7756=DIRECTION('',(-1.,0.,0.));
#7757=DIRECTION('',(0.,0.,1.));
#7758=DIRECTION('',(0.,-1.,0.));
#7759=DIRECTION('',(0.,0.,-1.));
#7760=DIRECTION('',(1.,0.,0.));
#7761=DIRECTION('',(0.,0.,1.));
#7762=DIRECTION('',(0.,-1.,0.));
#7763=DIRECTION('',(0.,0.,-1.));
#7764=DIRECTION('',(-1.,0.,0.));
#7765=DIRECTION('',(0.,-1.,0.));
#7766=DIRECTION('',(0.,0.,-1.));
#7767=DIRECTION('',(0.,0.,-1.));
#7768=DIRECTION('',(1.,0.,0.));
#7769=DIRECTION('',(0.,0.,1.));
#7770=DIRECTION('',(0.,-1.,0.));
#7771=DIRECTION('',(0.,0.,-1.));
#7772=DIRECTION('',(1.,0.,0.));
#7773=DIRECTION('',(1.7347234759768E-16,0.,-1.));
#7774=DIRECTION('',(-1.,0.,0.));
#7775=DIRECTION('',(0.,0.,1.));
#7776=DIRECTION('',(1.,0.,0.));
#7777=DIRECTION('',(0.,0.,1.));
#7778=DIRECTION('',(1.,0.,0.));
#7779=DIRECTION('',(0.,0.,1.));
#7780=DIRECTION('',(1.,0.,0.));
#7781=DIRECTION('',(0.,0.,1.));
#7782=DIRECTION('',(-1.,0.,0.));
#7783=DIRECTION('',(0.,0.,1.));
#7784=DIRECTION('',(1.,0.,0.));
#7785=DIRECTION('',(0.,0.,-1.));
#7786=DIRECTION('',(-1.,0.,0.));
#7787=DIRECTION('',(0.,0.,1.));
#7788=DIRECTION('',(1.,0.,0.));
#7789=DIRECTION('',(0.,0.,-1.));
#7790=DIRECTION('',(-1.,0.,0.));
#7791=DIRECTION('',(0.,0.,1.));
#7792=DIRECTION('',(-1.,0.,0.));
#7793=DIRECTION('',(0.,0.,1.));
#7794=DIRECTION('',(0.,-1.,0.));
#7795=DIRECTION('',(1.,0.,0.));
#7796=DIRECTION('',(0.,-1.,0.));
#7797=DIRECTION('',(0.,0.,-1.));
#7798=DIRECTION('',(0.,-1.,0.));
#7799=DIRECTION('',(0.,0.,-1.));
#7800=DIRECTION('',(0.,0.,-1.));
#7801=DIRECTION('',(-1.,0.,0.));
#7802=DIRECTION('',(0.,-1.,0.));
#7803=DIRECTION('',(1.,0.,0.));
#7804=DIRECTION('',(0.,-1.,0.));
#7805=DIRECTION('',(-1.,0.,0.));
#7806=DIRECTION('',(0.,-1.,0.));
#7807=DIRECTION('',(1.,0.,0.));
#7808=DIRECTION('',(0.,-1.,0.));
#7809=DIRECTION('',(-1.,0.,0.));
#7810=DIRECTION('',(0.,-1.,0.));
#7811=DIRECTION('',(1.,0.,0.));
#7812=DIRECTION('',(1.,0.,0.));
#7813=DIRECTION('',(0.,-1.,0.));
#7814=DIRECTION('',(0.,0.,-1.));
#7815=DIRECTION('',(0.,0.,-1.));
#7816=DIRECTION('',(0.,-1.,0.));
#7817=DIRECTION('',(0.,0.,-1.));
#7818=DIRECTION('',(0.,0.,1.));
#7819=DIRECTION('',(-1.,0.,0.));
#7820=DIRECTION('',(0.,1.,0.));
#7821=DIRECTION('',(0.,0.,1.));
#7822=DIRECTION('',(0.,0.,-1.));
#7823=DIRECTION('',(0.,0.,1.));
#7824=DIRECTION('',(1.,0.,0.));
#7825=DIRECTION('',(0.,0.,1.));
#7826=DIRECTION('',(1.,0.,0.));
#7827=DIRECTION('',(0.,0.,1.));
#7828=DIRECTION('',(0.,0.,-1.));
#7829=DIRECTION('',(0.,1.,0.));
#7830=DIRECTION('',(0.,0.,1.));
#7831=DIRECTION('',(-1.,0.,0.));
#7832=DIRECTION('',(0.,0.,1.));
#7833=DIRECTION('',(0.,-1.,0.));
#7834=DIRECTION('',(0.,0.,-1.));
#7835=DIRECTION('',(0.,0.,1.));
#7836=DIRECTION('',(0.,-1.,0.));
#7837=DIRECTION('',(0.,0.,-1.));
#7838=DIRECTION('',(1.,0.,0.));
#7839=DIRECTION('',(0.,-1.,0.));
#7840=DIRECTION('',(0.,0.,-1.));
#7841=DIRECTION('',(0.,0.,1.));
#7842=DIRECTION('',(0.,-1.,0.));
#7843=DIRECTION('',(0.,0.,-1.));
#7844=DIRECTION('',(1.,0.,0.));
#7845=DIRECTION('',(0.,0.,-1.));
#7846=DIRECTION('',(0.,-1.,0.));
#7847=DIRECTION('',(0.,0.,1.));
#7848=DIRECTION('',(0.,-1.,0.));
#7849=DIRECTION('',(0.,-1.,0.));
#7850=DIRECTION('',(0.,0.,-1.));
#7851=DIRECTION('',(0.,-1.,0.));
#7852=DIRECTION('',(0.,0.,-1.));
#7853=DIRECTION('',(0.,-1.,0.));
#7854=DIRECTION('',(0.,0.,-1.));
#7855=DIRECTION('',(0.,-1.,0.));
#7856=DIRECTION('',(0.,0.,-1.));
#7857=DIRECTION('',(0.,-1.,0.));
#7858=DIRECTION('',(0.,0.,1.));
#7859=DIRECTION('',(1.,0.,0.));
#7860=DIRECTION('',(0.,-1.,0.));
#7861=DIRECTION('',(-1.,0.,0.));
#7862=DIRECTION('',(0.,-1.,0.));
#7863=DIRECTION('',(-1.,0.,0.));
#7864=DIRECTION('',(0.,0.,1.));
#7865=DIRECTION('',(0.,0.,-1.));
#7866=DIRECTION('',(0.,-1.,0.));
#7867=DIRECTION('',(0.,-1.,0.));
#7868=DIRECTION('',(-1.,0.,0.));
#7869=DIRECTION('',(0.,0.,1.));
#7870=DIRECTION('',(0.,0.,-1.));
#7871=DIRECTION('',(0.,-1.,0.));
#7872=DIRECTION('',(0.,0.,1.));
#7873=DIRECTION('',(1.,0.,0.));
#7874=DIRECTION('',(-1.,0.,0.));
#7875=DIRECTION('',(0.,-1.,0.));
#7876=DIRECTION('',(0.,-1.,0.));
#7877=DIRECTION('',(0.,0.,1.));
#7878=DIRECTION('',(1.,0.,0.));
#7879=DIRECTION('',(0.,1.,0.));
#7880=DIRECTION('',(1.,0.,0.));
#7881=DIRECTION('',(-1.,0.,0.));
#7882=DIRECTION('',(0.,0.,1.));
#7883=DIRECTION('',(0.,1.,0.));
#7884=DIRECTION('',(0.,0.,1.));
#7885=DIRECTION('',(0.,0.,1.));
#7886=DIRECTION('',(1.,0.,0.));
#7887=DIRECTION('',(1.,0.,0.));
#7888=DIRECTION('',(0.,1.,0.));
#7889=DIRECTION('',(0.,0.,1.));
#7890=DIRECTION('',(0.,1.,0.));
#7891=DIRECTION('',(0.,1.,0.));
#7892=DIRECTION('',(0.,0.,1.));
#7893=DIRECTION('',(0.,0.,-1.));
#7894=DIRECTION('',(-1.,0.,0.));
#7895=DIRECTION('',(0.,1.,0.));
#7896=DIRECTION('',(-1.,0.,0.));
#7897=DIRECTION('',(0.,1.,0.));
#7898=DIRECTION('',(0.,1.,0.));
#7899=DIRECTION('',(-1.,0.,0.));
#7900=DIRECTION('',(0.,1.,0.));
#7901=DIRECTION('',(0.,0.,1.));
#7902=DIRECTION('',(0.,1.,0.));
#7903=DIRECTION('',(0.,0.,1.));
#7904=DIRECTION('',(0.,1.,0.));
#7905=DIRECTION('',(-1.,0.,0.));
#7906=DIRECTION('',(0.,-1.,0.));
#7907=DIRECTION('',(0.,0.,-1.));
#7908=DIRECTION('',(-1.,0.,0.));
#7909=DIRECTION('',(0.,-1.,0.));
#7910=DIRECTION('',(0.,0.,-1.));
#7911=DIRECTION('',(0.,0.,-1.));
#7912=DIRECTION('',(1.,0.,0.));
#7913=DIRECTION('',(0.,0.,1.));
#7914=DIRECTION('',(1.,0.,0.));
#7915=DIRECTION('',(0.,0.,1.));
#7916=DIRECTION('',(0.,-1.,0.));
#7917=DIRECTION('',(1.,0.,0.));
#7918=DIRECTION('',(-1.,0.,0.));
#7919=DIRECTION('',(0.,0.,1.));
#7920=DIRECTION('',(0.,-1.,0.));
#7921=DIRECTION('',(0.,0.,-1.));
#7922=DIRECTION('',(1.,0.,0.));
#7923=DIRECTION('',(0.,-1.,0.));
#7924=DIRECTION('',(0.,0.,-1.));
#7925=DIRECTION('',(0.,0.,-1.));
#7926=DIRECTION('',(-1.,0.,0.));
#7927=DIRECTION('',(0.,-1.,0.));
#7928=DIRECTION('',(0.,0.,-1.));
#7929=DIRECTION('',(0.,0.,-1.));
#7930=DIRECTION('',(0.,-1.,0.));
#7931=DIRECTION('',(0.,0.,-1.));
#7932=DIRECTION('',(0.,0.,1.));
#7933=DIRECTION('',(1.,0.,0.));
#7934=DIRECTION('',(0.,-1.,0.));
#7935=DIRECTION('',(-1.,0.,0.));
#7936=DIRECTION('',(0.,-1.,0.));
#7937=DIRECTION('',(-1.,0.,0.));
#7938=DIRECTION('',(0.,0.,1.));
#7939=DIRECTION('',(0.,0.,-1.));
#7940=DIRECTION('',(0.,-1.,0.));
#7941=DIRECTION('',(-1.,0.,0.));
#7942=DIRECTION('',(0.,0.,1.));
#7943=DIRECTION('',(0.,-1.,0.));
#7944=DIRECTION('',(0.,0.,-1.));
#7945=DIRECTION('',(0.,1.,0.));
#7946=DIRECTION('',(0.,0.,1.));
#7947=DIRECTION('',(1.,0.,0.));
#7948=DIRECTION('',(-1.,0.,0.));
#7949=DIRECTION('',(0.,-1.,0.));
#7950=DIRECTION('',(0.,0.,-1.));
#7951=DIRECTION('',(0.,-1.,0.));
#7952=DIRECTION('',(0.,0.,-1.));
#7953=DIRECTION('',(0.,-1.,0.));
#7954=DIRECTION('',(0.,0.,-1.));
#7955=DIRECTION('',(-1.,0.,0.));
#7956=DIRECTION('',(1.,0.,0.));
#7957=DIRECTION('',(0.,1.,0.));
#7958=DIRECTION('',(0.,-1.,0.));
#7959=DIRECTION('',(0.,0.,-1.));
#7960=DIRECTION('',(0.,-1.,0.));
#7961=DIRECTION('',(0.,0.,-1.));
#7962=DIRECTION('',(0.,-1.,0.));
#7963=DIRECTION('',(1.,0.,0.));
#7964=DIRECTION('',(0.,0.,-1.));
#7965=DIRECTION('',(0.,0.,1.));
#7966=DIRECTION('',(0.,-1.,0.));
#7967=DIRECTION('',(0.,0.,-1.));
#7968=DIRECTION('',(-1.,0.,0.));
#7969=DIRECTION('',(0.,0.,1.));
#7970=DIRECTION('',(0.,0.,1.));
#7971=DIRECTION('',(0.,-1.,0.));
#7972=DIRECTION('',(0.,0.,-1.));
#7973=DIRECTION('',(0.,0.,1.));
#7974=DIRECTION('',(-1.,0.,0.));
#7975=DIRECTION('',(0.,0.,1.));
#7976=DIRECTION('',(0.,-1.,0.));
#7977=DIRECTION('',(1.,0.,0.));
#7978=DIRECTION('',(0.,-1.,0.));
#7979=DIRECTION('',(0.,0.,-1.));
#7980=DIRECTION('',(0.,-1.,0.));
#7981=DIRECTION('',(0.,0.,-1.));
#7982=DIRECTION('',(0.,-1.,0.));
#7983=DIRECTION('',(0.,0.,-1.));
#7984=DIRECTION('',(1.,0.,0.));
#7985=DIRECTION('',(0.,0.,-1.));
#7986=DIRECTION('',(1.,0.,0.));
#7987=DIRECTION('',(0.,0.,-1.));
#7988=DIRECTION('',(-1.,0.,0.));
#7989=DIRECTION('',(0.,0.,1.));
#7990=DIRECTION('',(0.,-1.,0.));
#7991=DIRECTION('',(0.,0.,-1.));
#7992=DIRECTION('',(0.,0.,1.));
#7993=DIRECTION('',(1.,0.,0.));
#7994=DIRECTION('',(0.,-1.,0.));
#7995=DIRECTION('',(0.,0.,-1.));
#7996=DIRECTION('',(0.,0.,1.));
#7997=DIRECTION('',(1.,0.,0.));
#7998=DIRECTION('',(0.,0.,-1.));
#7999=DIRECTION('',(-1.,0.,0.));
#8000=DIRECTION('',(-0.707106781186548,0.,-0.707106781186548));
#8001=DIRECTION('',(-0.707106781186548,0.,0.707106781186548));
#8002=DIRECTION('',(0.,0.,1.));
#8003=DIRECTION('',(1.,0.,0.));
#8004=DIRECTION('',(-0.707106781186548,0.,0.707106781186548));
#8005=DIRECTION('',(-0.707106781186548,0.,-0.707106781186548));
#8006=DIRECTION('',(-1.,0.,0.));
#8007=DIRECTION('',(0.,0.,1.));
#8008=DIRECTION('',(-0.707106781186548,0.,-0.707106781186548));
#8009=DIRECTION('',(-0.707106781186548,0.,0.707106781186548));
#8010=DIRECTION('',(0.,-1.,0.));
#8011=DIRECTION('',(0.,0.,-1.));
#8012=DIRECTION('',(-1.,0.,0.));
#8013=DIRECTION('',(0.,0.,1.));
#8014=DIRECTION('',(-0.707106781186548,0.,-0.707106781186548));
#8015=DIRECTION('',(0.707106781186548,0.,-0.707106781186548));
#8016=DIRECTION('',(0.,0.,-1.));
#8017=DIRECTION('',(-1.,0.,0.));
#8018=DIRECTION('',(0.,-1.,0.));
#8019=DIRECTION('',(0.,0.,-1.));
#8020=DIRECTION('',(0.,-1.,0.));
#8021=DIRECTION('',(0.,0.,-1.));
#8022=DIRECTION('',(1.,8.67361737988403E-16,0.));
#8023=DIRECTION('',(-8.67361737988403E-16,1.,0.));
#8024=DIRECTION('',(1.,0.,0.));
#8025=DIRECTION('',(0.,0.,-1.));
#8026=DIRECTION('',(0.,0.,-1.));
#8027=DIRECTION('',(-1.,0.,0.));
#8028=DIRECTION('',(0.,0.,1.));
#8029=DIRECTION('',(1.,0.,0.));
#8030=DIRECTION('',(0.,0.,1.));
#8031=DIRECTION('',(1.,0.,0.));
#8032=DIRECTION('',(0.,0.,-1.));
#8033=DIRECTION('',(1.,0.,0.));
#8034=DIRECTION('',(0.,0.,-1.));
#8035=DIRECTION('',(-1.,0.,0.));
#8036=DIRECTION('',(-1.,0.,0.));
#8037=DIRECTION('',(0.,0.,1.));
#8038=DIRECTION('',(0.,1.,0.));
#8039=DIRECTION('',(0.,0.,1.));
#8040=DIRECTION('',(0.,-1.,0.));
#8041=DIRECTION('',(0.,0.,-1.));
#8042=DIRECTION('',(0.,-1.,0.));
#8043=DIRECTION('',(0.,0.,-1.));
#8044=DIRECTION('',(-1.,0.,0.));
#8045=DIRECTION('',(0.,0.,1.));
#8046=DIRECTION('',(0.,-1.,0.));
#8047=DIRECTION('',(0.,0.,-1.));
#8048=DIRECTION('',(0.,-1.,0.));
#8049=DIRECTION('',(0.,0.,-1.));
#8050=DIRECTION('',(0.,-1.,0.));
#8051=DIRECTION('',(0.,0.,-1.));
#8052=DIRECTION('',(0.,0.,1.));
#8053=DIRECTION('',(1.,0.,0.));
#8054=DIRECTION('',(-1.,0.,0.));
#8055=DIRECTION('',(0.,0.,1.));
#8056=DIRECTION('',(-1.,0.,0.));
#8057=DIRECTION('',(0.,0.,1.));
#8058=DIRECTION('',(1.,0.,0.));
#8059=DIRECTION('',(0.,0.,1.));
#8060=DIRECTION('',(1.,0.,0.));
#8061=DIRECTION('',(0.,0.,-1.));
#8062=DIRECTION('',(0.,0.,-1.));
#8063=DIRECTION('',(-1.,0.,0.));
#8064=DIRECTION('',(0.,-1.,0.));
#8065=DIRECTION('',(0.,0.,-1.));
#8066=DIRECTION('',(0.,-1.,0.));
#8067=DIRECTION('',(0.,0.,-1.));
#8068=DIRECTION('',(0.,-1.,0.));
#8069=DIRECTION('',(0.,0.,-1.));
#8070=DIRECTION('',(0.,0.,-1.));
#8071=DIRECTION('',(-1.,0.,0.));
#8072=DIRECTION('',(0.,-1.,0.));
#8073=DIRECTION('',(0.,0.,-1.));
#8074=DIRECTION('',(1.,8.67361737988404E-16,0.));
#8075=DIRECTION('',(-8.67361737988404E-16,1.,0.));
#8076=DIRECTION('',(1.,0.,8.67361737988403E-16));
#8077=DIRECTION('',(8.67361737988403E-16,0.,-1.));
#8078=DIRECTION('',(0.,0.,-1.));
#8079=DIRECTION('',(-1.,0.,0.));
#8080=DIRECTION('',(0.,0.,-1.));
#8081=DIRECTION('',(-1.,0.,0.));
#8082=DIRECTION('',(0.,0.,1.));
#8083=DIRECTION('',(1.,0.,0.));
#8084=DIRECTION('',(0.,0.,-1.));
#8085=DIRECTION('',(-1.,0.,0.));
#8086=DIRECTION('',(-1.,0.,0.));
#8087=DIRECTION('',(0.,0.,1.));
#8088=DIRECTION('',(0.,-1.,0.));
#8089=DIRECTION('',(0.,0.,-1.));
#8090=DIRECTION('',(0.,-1.,0.));
#8091=DIRECTION('',(0.,0.,-1.));
#8092=DIRECTION('',(0.,-1.,0.));
#8093=DIRECTION('',(0.,0.,-1.));
#8094=DIRECTION('',(0.,-1.,0.));
#8095=DIRECTION('',(1.,0.,0.));
#8096=DIRECTION('',(1.,0.,0.));
#8097=DIRECTION('',(0.,-1.,0.));
#8098=DIRECTION('',(0.,0.,-1.));
#8099=DIRECTION('',(0.,0.,1.));
#8100=DIRECTION('',(-1.,0.,0.));
#8101=DIRECTION('',(0.,0.,-1.));
#8102=DIRECTION('',(0.,-1.,0.));
#8103=DIRECTION('',(0.,0.,-1.));
#8104=DIRECTION('',(-1.,0.,0.));
#8105=DIRECTION('',(0.,0.,-1.));
#8106=DIRECTION('',(0.,-1.,0.));
#8107=DIRECTION('',(0.,0.,-1.));
#8108=DIRECTION('',(0.,-1.,0.));
#8109=DIRECTION('',(0.,0.,-1.));
#8110=DIRECTION('',(0.,0.,-1.));
#8111=DIRECTION('',(-1.,0.,0.));
#8112=DIRECTION('',(0.,-1.,0.));
#8113=DIRECTION('',(0.,0.,-1.));
#8114=DIRECTION('',(0.,0.,-1.));
#8115=DIRECTION('',(-1.,0.,0.));
#8116=DIRECTION('',(0.,0.,1.));
#8117=DIRECTION('',(0.,-1.,0.));
#8118=DIRECTION('',(0.,0.,-1.));
#8119=DIRECTION('',(1.,0.,0.));
#8120=DIRECTION('',(0.,-1.,0.));
#8121=DIRECTION('',(0.,0.,-1.));
#8122=DIRECTION('',(0.,-1.,0.));
#8123=DIRECTION('',(0.,-1.,0.));
#8124=DIRECTION('',(0.,-1.,0.));
#8125=DIRECTION('',(0.,0.,-1.));
#8126=DIRECTION('',(0.,-1.,0.));
#8127=DIRECTION('',(0.,-1.,0.));
#8128=DIRECTION('',(0.,0.,1.));
#8129=DIRECTION('',(1.,0.,0.));
#8130=DIRECTION('',(0.,-1.,0.));
#8131=DIRECTION('',(0.,-1.,0.));
#8132=DIRECTION('',(0.,0.,-1.));
#8133=DIRECTION('',(0.,-1.,0.));
#8134=DIRECTION('',(-1.,0.,0.));
#8135=DIRECTION('',(0.,0.,1.));
#8136=DIRECTION('',(0.,-1.,0.));
#8137=DIRECTION('',(0.,0.,-1.));
#8138=DIRECTION('',(-1.,0.,0.));
#8139=DIRECTION('',(0.,-1.,0.));
#8140=DIRECTION('',(1.,0.,0.));
#8141=DIRECTION('',(0.,0.,-1.));
#8142=DIRECTION('',(0.,-1.,0.));
#8143=DIRECTION('',(0.,-1.,0.));
#8144=DIRECTION('',(0.,0.,-1.));
#8145=DIRECTION('',(0.,-1.,0.));
#8146=DIRECTION('',(0.,0.,-1.));
#8147=DIRECTION('',(-1.,0.,0.));
#8148=DIRECTION('',(0.,-1.,0.));
#8149=DIRECTION('',(1.,0.,0.));
#8150=DIRECTION('',(0.,0.,-1.));
#8151=DIRECTION('',(1.,0.,0.));
#8152=DIRECTION('',(0.,0.,-1.));
#8153=DIRECTION('',(0.,-1.,0.));
#8154=DIRECTION('',(0.,0.,-1.));
#8155=DIRECTION('',(-1.,0.,0.));
#8156=DIRECTION('',(0.,-1.,0.));
#8157=DIRECTION('',(0.,-1.,0.));
#8158=DIRECTION('',(0.,0.,-1.));
#8159=DIRECTION('',(0.,-1.,0.));
#8160=DIRECTION('',(1.,0.,0.));
#8161=DIRECTION('',(0.,0.,-1.));
#8162=DIRECTION('',(0.,-1.,0.));
#8163=DIRECTION('',(0.,0.,-1.));
#8164=DIRECTION('',(-1.,0.,0.));
#8165=DIRECTION('',(0.,-1.,0.));
#8166=DIRECTION('',(-1.,0.,0.));
#8167=DIRECTION('',(0.,0.,1.));
#8168=DIRECTION('',(0.,-1.,0.));
#8169=DIRECTION('',(0.,-1.,0.));
#8170=DIRECTION('',(0.,0.,-1.));
#8171=DIRECTION('',(0.,-1.,0.));
#8172=DIRECTION('',(0.,0.,1.));
#8173=DIRECTION('',(1.,0.,0.));
#8174=DIRECTION('',(0.,-1.,0.));
#8175=DIRECTION('',(1.,0.,0.));
#8176=DIRECTION('',(0.,-1.,0.));
#8177=DIRECTION('',(0.,0.,-1.));
#8178=DIRECTION('',(0.,-1.,0.));
#8179=DIRECTION('',(0.,0.,-1.));
#8180=DIRECTION('',(0.,-1.,0.));
#8181=DIRECTION('',(0.,0.,-1.));
#8182=DIRECTION('',(0.,-1.,0.));
#8183=DIRECTION('',(0.,0.,-1.));
#8184=DIRECTION('',(0.689668713444833,0.,0.724125034573));
#8185=DIRECTION('',(0.724125034573,0.,-0.689668713444833));
#8186=DIRECTION('',(0.724125034573,0.,-0.689668713444833));
#8187=DIRECTION('',(0.,-1.,0.));
#8188=DIRECTION('',(0.,-1.,0.));
#8189=DIRECTION('',(1.,0.,0.));
#8190=DIRECTION('',(0.,0.,-1.));
#8191=DIRECTION('',(0.,0.,-1.));
#8192=DIRECTION('',(0.,-1.,0.));
#8193=DIRECTION('',(0.,0.,1.));
#8194=DIRECTION('',(1.,0.,0.));
#8195=DIRECTION('',(1.,0.,0.));
#8196=DIRECTION('',(0.,-1.,0.));
#8197=DIRECTION('',(-1.,0.,0.));
#8198=DIRECTION('',(0.,0.,1.));
#8199=DIRECTION('',(0.,0.,1.));
#8200=DIRECTION('',(0.,-1.,0.));
#8201=DIRECTION('',(-0.689668713444833,0.,0.724125034573));
#8202=DIRECTION('',(0.724125034573,0.,0.689668713444833));
#8203=DIRECTION('',(0.724125034573,0.,0.689668713444833));
#8204=DIRECTION('',(0.,-1.,0.));
#8205=DIRECTION('',(-1.,0.,0.));
#8206=DIRECTION('',(0.,0.,1.));
#8207=DIRECTION('',(0.,0.,1.));
#8208=DIRECTION('',(0.,-1.,0.));
#8209=DIRECTION('',(0.,0.,-1.));
#8210=DIRECTION('',(-1.,0.,0.));
#8211=DIRECTION('',(-1.,0.,0.));
#8212=DIRECTION('',(0.,-1.,0.));
#8213=DIRECTION('',(0.689668713444833,0.,-0.724125034573));
#8214=DIRECTION('',(-0.724125034573,0.,-0.689668713444833));
#8215=DIRECTION('',(-0.724125034573,0.,-0.689668713444833));
#8216=DIRECTION('',(0.,-1.,0.));
#8217=DIRECTION('',(-0.689668713444833,0.,-0.724125034573));
#8218=DIRECTION('',(-0.724125034573,0.,0.689668713444833));
#8219=DIRECTION('',(-0.724125034573,0.,0.689668713444833));
#8220=DIRECTION('',(0.,-1.,0.));
#8221=DIRECTION('',(0.,0.,-1.));
#8222=DIRECTION('',(-1.,0.,0.));
#8223=DIRECTION('',(-1.,0.,0.));
#8224=DIRECTION('',(0.,-1.,0.));
#8225=DIRECTION('',(1.,0.,0.));
#8226=DIRECTION('',(0.,0.,-1.));
#8227=DIRECTION('',(0.,0.,-1.));
#8228=DIRECTION('',(0.,-1.,0.));
#8229=DIRECTION('',(1.,0.,0.));
#8230=DIRECTION('',(-1.,0.,-1.7347234759768E-16));
#8231=DIRECTION('',(-1.7347234759768E-16,0.,1.));
#8232=DIRECTION('',(0.,-1.,0.));
#8233=DIRECTION('',(0.,-1.,0.));
#8234=DIRECTION('',(-1.7347234759768E-16,0.,1.));
#8235=DIRECTION('',(0.,0.,-1.));
#8236=DIRECTION('',(-1.,0.,0.));
#8237=DIRECTION('',(0.,-1.,0.));
#8238=DIRECTION('',(-1.,0.,0.));
#8239=DIRECTION('',(1.,0.,0.));
#8240=DIRECTION('',(0.,0.,-1.));
#8241=DIRECTION('',(0.,-1.,0.));
#8242=DIRECTION('',(0.,0.,-1.));
#8243=DIRECTION('',(0.,0.,1.));
#8244=DIRECTION('',(1.,0.,0.));
#8245=DIRECTION('',(0.,-1.,0.));
#8246=DIRECTION('',(1.,0.,0.));
#8247=DIRECTION('',(1.,0.,0.));
#8248=DIRECTION('',(0.,0.,-1.));
#8249=DIRECTION('',(0.,-1.,0.));
#8250=DIRECTION('',(0.,0.,-1.));
#8251=DIRECTION('',(0.,0.,-1.));
#8252=DIRECTION('',(-1.,0.,0.));
#8253=DIRECTION('',(0.,-1.,0.));
#8254=DIRECTION('',(-1.,0.,0.));
#8255=DIRECTION('',(1.,0.,0.));
#8256=DIRECTION('',(0.,0.,-1.));
#8257=DIRECTION('',(0.,-1.,0.));
#8258=DIRECTION('',(0.,0.,-1.));
#8259=DIRECTION('',(0.,0.,-1.));
#8260=DIRECTION('',(-1.,0.,0.));
#8261=DIRECTION('',(-1.,0.,0.));
#8262=DIRECTION('',(0.,-1.,0.));
#8263=DIRECTION('',(1.,0.,0.));
#8264=DIRECTION('',(0.,0.,-1.));
#8265=DIRECTION('',(0.,-1.,0.));
#8266=DIRECTION('',(0.,0.,-1.));
#8267=DIRECTION('',(0.,0.,1.));
#8268=DIRECTION('',(1.,0.,0.));
#8269=DIRECTION('',(0.,-1.,0.));
#8270=DIRECTION('',(1.,0.,0.));
#8271=DIRECTION('',(0.,0.,-1.));
#8272=DIRECTION('',(-1.,0.,0.));
#8273=DIRECTION('',(0.,-1.,0.));
#8274=DIRECTION('',(-1.,0.,0.));
#8275=DIRECTION('',(1.,0.,0.));
#8276=DIRECTION('',(0.,0.,-1.));
#8277=DIRECTION('',(0.,0.,-1.));
#8278=DIRECTION('',(0.,-1.,0.));
#8279=DIRECTION('',(1.,0.,0.));
#8280=DIRECTION('',(1.,0.,0.));
#8281=DIRECTION('',(0.,0.,-1.));
#8282=DIRECTION('',(0.,0.,-1.));
#8283=DIRECTION('',(0.,-1.,0.));
#8284=DIRECTION('',(0.,-1.,0.));
#8285=DIRECTION('',(0.,0.,1.));
#8286=DIRECTION('',(1.,0.,0.));
#8287=DIRECTION('',(1.,0.,0.));
#8288=DIRECTION('',(0.,-1.,0.));
#8289=DIRECTION('',(-1.,0.,-1.5298466018342E-16));
#8290=DIRECTION('',(-1.5298466018342E-16,0.,1.));
#8291=DIRECTION('',(-1.5298466018342E-16,0.,1.));
#8292=DIRECTION('',(0.,-1.,0.));
#8293=DIRECTION('',(-0.461748613235034,0.,-0.887010833178222));
#8294=DIRECTION('',(-0.887010833178222,0.,0.461748613235034));
#8295=DIRECTION('',(0.,-1.,0.));
#8296=DIRECTION('',(-0.887010833178222,0.,0.461748613235034));
#8297=DIRECTION('',(0.,0.,-1.));
#8298=DIRECTION('',(-1.,0.,0.));
#8299=DIRECTION('',(0.,-1.,0.));
#8300=DIRECTION('',(-1.,0.,0.));
#8301=DIRECTION('',(1.,0.,0.));
#8302=DIRECTION('',(0.,0.,-1.));
#8303=DIRECTION('',(0.,-1.,0.));
#8304=DIRECTION('',(0.,0.,-1.));
#8305=DIRECTION('',(0.461748613235034,0.,0.887010833178222));
#8306=DIRECTION('',(0.887010833178222,0.,-0.461748613235034));
#8307=DIRECTION('',(0.,-1.,0.));
#8308=DIRECTION('',(0.887010833178222,0.,-0.461748613235034));
#8309=DIRECTION('',(0.461748613235034,0.,-0.887010833178222));
#8310=DIRECTION('',(-0.887010833178222,0.,-0.461748613235034));
#8311=DIRECTION('',(0.,-1.,0.));
#8312=DIRECTION('',(-0.887010833178222,0.,-0.461748613235034));
#8313=DIRECTION('',(1.,0.,0.));
#8314=DIRECTION('',(0.,0.,-1.));
#8315=DIRECTION('',(0.,-1.,0.));
#8316=DIRECTION('',(0.,0.,-1.));
#8317=DIRECTION('',(0.,0.,1.));
#8318=DIRECTION('',(1.,0.,0.));
#8319=DIRECTION('',(0.,-1.,0.));
#8320=DIRECTION('',(1.,0.,0.));
#8321=DIRECTION('',(0.,0.,1.));
#8322=DIRECTION('',(1.,0.,0.));
#8323=DIRECTION('',(0.,-1.,0.));
#8324=DIRECTION('',(1.,0.,0.));
#8325=DIRECTION('',(-0.461748613235034,0.,0.887010833178222));
#8326=DIRECTION('',(0.887010833178222,0.,0.461748613235034));
#8327=DIRECTION('',(0.,-1.,0.));
#8328=DIRECTION('',(0.887010833178222,0.,0.461748613235034));
#8329=DIRECTION('',(1.,0.,0.));
#8330=DIRECTION('',(0.,0.,-1.));
#8331=DIRECTION('',(0.,0.,-1.));
#8332=DIRECTION('',(0.,-1.,0.));
#8333=DIRECTION('',(1.,0.,0.));
#8334=DIRECTION('',(1.,0.,0.));
#8335=DIRECTION('',(0.,0.,-1.));
#8336=DIRECTION('',(0.,0.,-1.));
#8337=DIRECTION('',(0.,-1.,0.));
#8338=DIRECTION('',(0.,-1.,0.));
#8339=DIRECTION('',(0.,0.,1.));
#8340=DIRECTION('',(1.,0.,0.));
#8341=DIRECTION('',(1.,0.,0.));
#8342=DIRECTION('',(0.,-1.,0.));
#8343=DIRECTION('',(-1.,0.,0.));
#8344=DIRECTION('',(0.,0.,1.));
#8345=DIRECTION('',(0.,0.,1.));
#8346=DIRECTION('',(0.,-1.,0.));
#8347=DIRECTION('',(0.,0.,1.));
#8348=DIRECTION('',(1.,0.,0.));
#8349=DIRECTION('',(1.,0.,0.));
#8350=DIRECTION('',(0.,-1.,0.));
#8351=DIRECTION('',(1.,0.,0.));
#8352=DIRECTION('',(0.,0.,-1.));
#8353=DIRECTION('',(0.,0.,-1.));
#8354=DIRECTION('',(0.,-1.,0.));
#8355=DIRECTION('',(0.,0.,1.));
#8356=DIRECTION('',(1.,0.,0.));
#8357=DIRECTION('',(1.,0.,0.));
#8358=DIRECTION('',(0.,-1.,0.));
#8359=DIRECTION('',(-1.,0.,0.));
#8360=DIRECTION('',(0.,0.,1.));
#8361=DIRECTION('',(0.,0.,1.));
#8362=DIRECTION('',(0.,-1.,0.));
#8363=DIRECTION('',(0.,0.,-1.));
#8364=DIRECTION('',(-1.,0.,0.));
#8365=DIRECTION('',(-1.,0.,0.));
#8366=DIRECTION('',(0.,-1.,0.));
#8367=DIRECTION('',(1.,0.,0.));
#8368=DIRECTION('',(-1.,0.,0.));
#8369=DIRECTION('',(0.,0.,1.));
#8370=DIRECTION('',(0.,-1.,0.));
#8371=DIRECTION('',(0.,-1.,0.));
#8372=DIRECTION('',(0.,0.,1.));
#8373=DIRECTION('',(0.,0.,1.));
#8374=DIRECTION('',(1.,0.,0.));
#8375=DIRECTION('',(0.,-1.,0.));
#8376=DIRECTION('',(1.,0.,0.));
#8377=DIRECTION('',(0.,0.,-1.));
#8378=DIRECTION('',(-1.,0.,0.));
#8379=DIRECTION('',(0.,-1.,0.));
#8380=DIRECTION('',(-1.,0.,0.));
#8381=DIRECTION('',(1.,0.,0.));
#8382=DIRECTION('',(0.,0.,-1.));
#8383=DIRECTION('',(0.,0.,-1.));
#8384=DIRECTION('',(0.,-1.,0.));
#8385=DIRECTION('',(1.,0.,0.));
#8386=DIRECTION('',(-1.,0.,0.));
#8387=DIRECTION('',(0.,0.,1.));
#8388=DIRECTION('',(0.,-1.,0.));
#8389=DIRECTION('',(0.,-1.,0.));
#8390=DIRECTION('',(0.,0.,1.));
#8391=DIRECTION('',(0.,0.,-1.));
#8392=DIRECTION('',(-1.,0.,0.));
#8393=DIRECTION('',(0.,-1.,0.));
#8394=DIRECTION('',(-1.,0.,0.));
#8395=DIRECTION('',(1.,0.,0.));
#8396=DIRECTION('',(0.,0.,-1.));
#8397=DIRECTION('',(0.,-1.,0.));
#8398=DIRECTION('',(0.,0.,-1.));
#8399=DIRECTION('',(0.,0.,1.));
#8400=DIRECTION('',(1.,0.,0.));
#8401=DIRECTION('',(0.,-1.,0.));
#8402=DIRECTION('',(1.,0.,0.));
#8403=DIRECTION('',(0.,0.,1.));
#8404=DIRECTION('',(1.,0.,0.));
#8405=DIRECTION('',(0.,-1.,0.));
#8406=DIRECTION('',(1.,0.,0.));
#8407=DIRECTION('',(1.,0.,0.));
#8408=DIRECTION('',(0.,0.,-1.));
#8409=DIRECTION('',(0.,0.,-1.));
#8410=DIRECTION('',(0.,-1.,0.));
#8411=DIRECTION('',(1.,0.,0.));
#8412=DIRECTION('',(0.707106781186548,0.707106781186548,0.));
#8413=DIRECTION('',(-0.707106781186548,0.707106781186548,0.));
#8414=DIRECTION('',(-0.707106781186548,0.707106781186548,0.));
#8415=DIRECTION('',(0.,0.,1.));
#8416=DIRECTION('',(-0.707106781186548,0.707106781186548,0.));
#8417=DIRECTION('',(1.,0.,0.));
#8418=DIRECTION('',(0.,0.,-1.));
#8419=DIRECTION('',(0.,1.,0.));
#8420=DIRECTION('',(0.,0.,1.));
#8421=DIRECTION('',(0.,1.,0.));
#8422=DIRECTION('',(0.,1.,0.));
#8423=DIRECTION('',(0.,0.,1.));
#8424=DIRECTION('',(-1.,0.,0.));
#8425=DIRECTION('',(-1.,0.,0.));
#8426=DIRECTION('',(0.,0.,-1.));
#8427=DIRECTION('',(1.,0.,0.));
#8428=DIRECTION('',(0.,0.,-1.));
#8429=DIRECTION('',(1.,0.,0.));
#8430=DIRECTION('',(0.,-1.,0.));
#8431=DIRECTION('',(0.,0.,-1.));
#8432=DIRECTION('',(-1.,0.,0.));
#8433=DIRECTION('',(0.,0.,-1.));
#8434=DIRECTION('',(-1.,0.,0.));
#8435=DIRECTION('',(-1.,0.,0.));
#8436=DIRECTION('',(0.,0.,1.));
#8437=DIRECTION('',(0.,1.,0.));
#8438=DIRECTION('',(0.,0.,-1.));
#8439=DIRECTION('',(0.,1.,0.));
#8440=DIRECTION('',(-0.707106781186548,-0.707106781186548,0.));
#8441=DIRECTION('',(0.707106781186548,-0.707106781186548,0.));
#8442=DIRECTION('',(-0.707106781186548,0.707106781186548,0.));
#8443=DIRECTION('',(-0.707106781186548,0.707106781186548,0.));
#8444=DIRECTION('',(0.,0.,1.));
#8445=DIRECTION('',(1.,0.,0.));
#8446=DIRECTION('',(0.,0.,1.));
#8447=DIRECTION('',(1.,0.,0.));
#8448=DIRECTION('',(0.,-1.,0.));
#8449=DIRECTION('',(0.,0.,-1.));
#8450=DIRECTION('',(1.,0.,0.));
#8451=DIRECTION('',(0.,0.,1.));
#8452=DIRECTION('',(1.,0.,0.));
#8453=DIRECTION('',(1.,0.,0.));
#8454=DIRECTION('',(0.,0.,-1.));
#8455=DIRECTION('',(0.,1.,0.));
#8456=DIRECTION('',(0.,0.,1.));
#8457=DIRECTION('',(0.,1.,0.));
#8458=DIRECTION('',(0.707106781186548,-0.707106781186548,0.));
#8459=DIRECTION('',(0.707106781186548,0.707106781186548,0.));
#8460=DIRECTION('',(0.707106781186548,0.707106781186548,0.));
#8461=DIRECTION('',(0.707106781186548,0.707106781186548,0.));
#8462=DIRECTION('',(0.,0.,-1.));
#8463=DIRECTION('',(-1.,0.,0.));
#8464=DIRECTION('',(0.,0.,-1.));
#8465=DIRECTION('',(-1.,0.,0.));
#8466=DIRECTION('',(-0.707106781186548,0.707106781186548,0.));
#8467=DIRECTION('',(-0.707106781186548,-0.707106781186548,0.));
#8468=DIRECTION('',(0.707106781186548,0.707106781186548,0.));
#8469=DIRECTION('',(0.,0.,-1.));
#8470=DIRECTION('',(0.707106781186548,0.707106781186548,0.));
#8471=DIRECTION('',(-1.,0.,0.));
#8472=DIRECTION('',(0.,0.,1.));
#8473=DIRECTION('',(0.,1.,0.));
#8474=DIRECTION('',(0.,0.,-1.));
#8475=DIRECTION('',(0.,1.,0.));
#8476=DIRECTION('',(0.,1.,0.));
#8477=DIRECTION('',(0.,0.,1.));
#8478=DIRECTION('',(1.,0.,0.));
#8479=DIRECTION('',(1.,0.,0.));
#8480=DIRECTION('',(0.,0.,1.));
#8481=DIRECTION('',(-1.,0.,0.));
#8482=DIRECTION('',(0.,0.,1.));
#8483=DIRECTION('',(-1.,0.,0.));
#8484=DIRECTION('',(0.,0.,1.));
#8485=DIRECTION('',(1.,0.,0.));
#8486=DIRECTION('',(0.,1.,0.));
#8487=DIRECTION('',(0.,0.,1.));
#8488=DIRECTION('',(0.,-1.,0.));
#8489=DIRECTION('',(0.,0.,-1.));
#8490=DIRECTION('',(0.,1.,0.));
#8491=DIRECTION('',(0.,-1.,0.));
#8492=DIRECTION('',(0.,0.,-1.));
#8493=DIRECTION('',(0.,1.,0.));
#8494=DIRECTION('',(1.,0.,0.));
#8495=DIRECTION('',(0.,0.,-1.));
#8496=DIRECTION('',(0.,0.,-1.));
#8497=DIRECTION('',(0.,0.,-1.));
#8498=DIRECTION('',(0.,1.,0.));
#8499=DIRECTION('',(0.,0.,-1.));
#8500=DIRECTION('',(-1.,0.,0.));
#8501=DIRECTION('',(-1.,0.,0.));
#8502=DIRECTION('',(-1.,0.,0.));
#8503=DIRECTION('',(0.,1.,0.));
#8504=DIRECTION('',(0.,1.,0.));
#8505=DIRECTION('',(0.,0.,1.));
#8506=DIRECTION('',(0.,1.,0.));
#8507=DIRECTION('',(0.,-1.,0.));
#8508=DIRECTION('',(0.,0.,-1.));
#8509=DIRECTION('',(0.,-1.,0.));
#8510=DIRECTION('',(0.,0.,-1.));
#8511=DIRECTION('',(1.,0.,0.));
#8512=DIRECTION('',(0.,0.,-1.));
#8513=DIRECTION('',(0.,0.,-1.));
#8514=DIRECTION('',(0.,0.,-1.));
#8515=DIRECTION('',(0.,1.,0.));
#8516=DIRECTION('',(0.,0.,-1.));
#8517=DIRECTION('',(-1.,0.,0.));
#8518=DIRECTION('',(-1.,0.,0.));
#8519=DIRECTION('',(-1.,0.,0.));
#8520=DIRECTION('',(0.,1.,0.));
#8521=DIRECTION('',(-1.,0.,0.));
#8522=DIRECTION('',(0.,0.,1.));
#8523=DIRECTION('',(0.,0.,1.));
#8524=DIRECTION('',(0.,0.,1.));
#8525=DIRECTION('',(0.,1.,0.));
#8526=DIRECTION('',(0.,1.,0.));
#8527=DIRECTION('',(0.,0.,1.));
#8528=DIRECTION('',(0.,-1.,0.));
#8529=DIRECTION('',(0.,0.,-1.));
#8530=DIRECTION('',(0.,-1.,0.));
#8531=DIRECTION('',(0.,0.,-1.));
#8532=DIRECTION('',(0.,1.,0.));
#8533=DIRECTION('',(0.,0.,1.));
#8534=DIRECTION('',(1.,0.,0.));
#8535=DIRECTION('',(0.,1.,0.));
#8536=DIRECTION('',(1.,0.,0.));
#8537=DIRECTION('',(0.,1.,0.));
#8538=DIRECTION('',(1.,0.,0.));
#8539=DIRECTION('',(0.,1.,0.));
#8540=DIRECTION('',(0.,0.,1.));
#8541=DIRECTION('',(0.,1.,0.));
#8542=DIRECTION('',(0.,-1.,0.));
#8543=DIRECTION('',(0.,0.,-1.));
#8544=DIRECTION('',(0.,-1.,0.));
#8545=DIRECTION('',(0.,0.,-1.));
#8546=DIRECTION('',(-1.,0.,0.));
#8547=DIRECTION('',(0.,0.,1.));
#8548=DIRECTION('',(0.,1.,0.));
#8549=DIRECTION('',(0.,0.,1.));
#8550=DIRECTION('',(0.,0.,1.));
#8551=DIRECTION('',(0.,0.,-1.));
#8552=DIRECTION('',(-1.,0.,0.));
#8553=DIRECTION('',(0.,1.,0.));
#8554=DIRECTION('',(-1.,0.,0.));
#8555=DIRECTION('',(-1.,0.,0.));
#8556=DIRECTION('',(1.,0.,0.));
#8557=DIRECTION('',(0.,0.,-1.));
#8558=DIRECTION('',(0.,1.,0.));
#8559=DIRECTION('',(0.,0.,-1.));
#8560=DIRECTION('',(0.,0.,-1.));
#8561=DIRECTION('',(0.,1.,0.));
#8562=DIRECTION('',(0.,0.,1.));
#8563=DIRECTION('',(0.,-1.,0.));
#8564=DIRECTION('',(0.,0.,-1.));
#8565=DIRECTION('',(0.,-1.,0.));
#8566=DIRECTION('',(0.,0.,-1.));
#8567=DIRECTION('',(0.,1.,0.));
#8568=DIRECTION('',(0.,0.,-1.));
#8569=DIRECTION('',(-1.,0.,0.));
#8570=DIRECTION('',(0.,1.,0.));
#8571=DIRECTION('',(-1.,0.,0.));
#8572=DIRECTION('',(-1.,0.,0.));
#8573=DIRECTION('',(1.,0.,0.));
#8574=DIRECTION('',(0.,0.,-1.));
#8575=DIRECTION('',(0.,1.,0.));
#8576=DIRECTION('',(0.,0.,-1.));
#8577=DIRECTION('',(0.,0.,-1.));
#8578=DIRECTION('',(0.,1.,0.));
#8579=DIRECTION('',(0.,0.,1.));
#8580=DIRECTION('',(0.,-1.,0.));
#8581=DIRECTION('',(0.,0.,-1.));
#8582=DIRECTION('',(0.,-1.,0.));
#8583=DIRECTION('',(0.,0.,-1.));
#8584=DIRECTION('',(0.,0.,1.));
#8585=DIRECTION('',(1.,0.,0.));
#8586=DIRECTION('',(1.,0.,0.));
#8587=DIRECTION('',(1.,0.,0.));
#8588=DIRECTION('',(0.,-1.,0.));
#8589=DIRECTION('',(1.,0.,0.));
#8590=DIRECTION('',(0.,-1.,0.));
#8591=DIRECTION('',(1.,0.,0.));
#8592=CARTESIAN_POINT('',(0.,0.,0.));
#8593=CARTESIAN_POINT('',(0.00325,-0.005502,0.0034));
#8594=CARTESIAN_POINT('',(0.00325,-0.005502,0.0024));
#8595=CARTESIAN_POINT('',(0.00325,-0.0055,0.0024));
#8596=CARTESIAN_POINT('',(0.00325,-0.0042,0.0024));
#8597=CARTESIAN_POINT('',(0.00325,-0.0055,0.0034));
#8598=CARTESIAN_POINT('',(0.00325,-0.0055,0.0044));
#8599=CARTESIAN_POINT('',(0.00325,-0.005502,0.0044));
#8600=CARTESIAN_POINT('',(0.00325,-0.0042,0.0044));
#8601=CARTESIAN_POINT('',(0.00325,-0.0042,0.0034));
#8602=CARTESIAN_POINT('',(0.003,-0.005502,0.0024));
#8603=CARTESIAN_POINT('',(0.00275,-0.005502,0.0024));
#8604=CARTESIAN_POINT('',(0.00275,-0.0055,0.0024));
#8605=CARTESIAN_POINT('',(0.00275,-0.0042,0.0024));
#8606=CARTESIAN_POINT('',(0.003,-0.0055,0.0024));
#8607=CARTESIAN_POINT('',(0.003,-0.0042,0.0024));
#8608=CARTESIAN_POINT('',(0.00275,-0.005502,0.0034));
#8609=CARTESIAN_POINT('',(0.00275,-0.005502,0.0044));
#8610=CARTESIAN_POINT('',(0.00275,-0.0055,0.0044));
#8611=CARTESIAN_POINT('',(0.00275,-0.0042,0.0044));
#8612=CARTESIAN_POINT('',(0.00275,-0.0055,0.0034));
#8613=CARTESIAN_POINT('',(0.00275,-0.0042,0.0034));
#8614=CARTESIAN_POINT('',(0.002,-0.005502,0.0044));
#8615=CARTESIAN_POINT('',(0.00125,-0.005502,0.0044));
#8616=CARTESIAN_POINT('',(0.00125,-0.0055,0.0044));
#8617=CARTESIAN_POINT('',(0.00125,-0.0042,0.0044));
#8618=CARTESIAN_POINT('',(0.002,-0.0055,0.0044));
#8619=CARTESIAN_POINT('',(0.002,-0.0042,0.0044));
#8620=CARTESIAN_POINT('',(0.00125,-0.005502,0.00315));
#8621=CARTESIAN_POINT('',(0.00125,-0.005502,0.0019));
#8622=CARTESIAN_POINT('',(0.00125,-0.0055,0.0019));
#8623=CARTESIAN_POINT('',(0.00125,-0.0042,0.0019));
#8624=CARTESIAN_POINT('',(0.00125,-0.0055,0.00315));
#8625=CARTESIAN_POINT('',(0.00125,-0.0042,0.00315));
#8626=CARTESIAN_POINT('',(0.,-0.0042,0.00315));
#8627=CARTESIAN_POINT('',(0.004,-0.0042,0.0044));
#8628=CARTESIAN_POINT('',(0.00475,-0.0042,0.0044));
#8629=CARTESIAN_POINT('',(0.00475,-0.0042,0.00315));
#8630=CARTESIAN_POINT('',(0.00475,-0.0042,0.0019));
#8631=CARTESIAN_POINT('',(0.003,-0.0042,0.0019));
#8632=CARTESIAN_POINT('',(0.003,-0.005502,0.0019));
#8633=CARTESIAN_POINT('',(0.00475,-0.005502,0.0019));
#8634=CARTESIAN_POINT('',(0.00475,-0.0055,0.0019));
#8635=CARTESIAN_POINT('',(0.003,-0.0055,0.0019));
#8636=CARTESIAN_POINT('',(0.004,-0.005502,0.0044));
#8637=CARTESIAN_POINT('',(0.004,-0.0055,0.0044));
#8638=CARTESIAN_POINT('',(0.00475,-0.0055,0.0044));
#8639=CARTESIAN_POINT('',(0.00475,-0.005502,0.0044));
#8640=CARTESIAN_POINT('',(0.00475,-0.005502,0.00315));
#8641=CARTESIAN_POINT('',(0.00475,-0.0055,0.00315));
#8642=CARTESIAN_POINT('',(0.,-0.0055,0.00315));
#8643=CARTESIAN_POINT('',(0.,0.,0.));
#8644=CARTESIAN_POINT('',(0.0127,0.012,0.00515));
#8645=CARTESIAN_POINT('',(0.0127,0.,0.00515));
#8646=CARTESIAN_POINT('',(0.0127,0.,-0.01085));
#8647=CARTESIAN_POINT('',(0.0127,0.,0.01865));
#8648=CARTESIAN_POINT('',(0.0127,-2.00000000000005E-6,0.01865));
#8649=CARTESIAN_POINT('',(0.0127,0.0016,0.01865));
#8650=CARTESIAN_POINT('',(0.0127,0.0016,0.0039));
#8651=CARTESIAN_POINT('',(0.0127,0.0016,-0.01085));
#8652=CARTESIAN_POINT('',(0.0127,0.012,-0.01085));
#8653=CARTESIAN_POINT('',(-0.0127,0.012,0.00115));
#8654=CARTESIAN_POINT('',(-0.0127,0.,0.00115));
#8655=CARTESIAN_POINT('',(-0.0127,0.,0.02265));
#8656=CARTESIAN_POINT('',(-0.0127,0.,0.020603939201417));
#8657=CARTESIAN_POINT('',(-0.0127,0.00525,0.020603939201417));
#8658=CARTESIAN_POINT('',(-0.0127,0.0105,0.020603939201417));
#8659=CARTESIAN_POINT('',(-0.0127,0.0105,0.00315));
#8660=CARTESIAN_POINT('',(-0.0127,0.0105,0.02265));
#8661=CARTESIAN_POINT('',(-0.0127,0.012,0.02265));
#8662=CARTESIAN_POINT('',(0.0127,0.012,0.00515));
#8663=CARTESIAN_POINT('',(0.0127,0.0105,0.00315));
#8664=CARTESIAN_POINT('',(0.0127,0.0105,0.02265));
#8665=CARTESIAN_POINT('',(0.0127,0.0105,0.020603939201417));
#8666=CARTESIAN_POINT('',(0.0127,0.00525,0.020603939201417));
#8667=CARTESIAN_POINT('',(0.0127,0.,0.020603939201417));
#8668=CARTESIAN_POINT('',(0.0127,0.,0.00515));
#8669=CARTESIAN_POINT('',(0.0127,0.,0.02265));
#8670=CARTESIAN_POINT('',(0.0127,0.012,0.02265));
#8671=CARTESIAN_POINT('',(0.,0.0105,0.00315));
#8672=CARTESIAN_POINT('',(-0.012,0.0105,0.01965));
#8673=CARTESIAN_POINT('',(-0.012,0.0105,0.00515));
#8674=CARTESIAN_POINT('',(-0.012,0.0105,0.01965));
#8675=CARTESIAN_POINT('',(0.,0.0105,0.00515));
#8676=CARTESIAN_POINT('',(0.012,0.0105,0.00515));
#8677=CARTESIAN_POINT('',(0.012,0.0105,0.00425));
#8678=CARTESIAN_POINT('',(0.012,0.0105,0.01965));
#8679=CARTESIAN_POINT('',(0.013,0.0105,0.01965));
#8680=CARTESIAN_POINT('',(0.0102,0.0105,0.02265));
#8681=CARTESIAN_POINT('',(0.0102,0.0105,0.02515));
#8682=CARTESIAN_POINT('',(0.,0.0105,0.02515));
#8683=CARTESIAN_POINT('',(-0.0102,0.0105,0.02515));
#8684=CARTESIAN_POINT('',(-0.0102,0.0105,0.02265));
#8685=CARTESIAN_POINT('',(-0.013,0.0105,0.01965));
#8686=CARTESIAN_POINT('',(-0.0127,0.012,0.00115));
#8687=CARTESIAN_POINT('',(-0.0127,-2.00000000000005E-6,0.01865));
#8688=CARTESIAN_POINT('',(-0.0127,0.,0.01865));
#8689=CARTESIAN_POINT('',(-0.0127,0.0016,0.01865));
#8690=CARTESIAN_POINT('',(-0.0127,0.,0.00115));
#8691=CARTESIAN_POINT('',(-0.0127,0.,-0.01885));
#8692=CARTESIAN_POINT('',(-0.0127,0.012,-0.01885));
#8693=CARTESIAN_POINT('',(-0.0127,0.0065,-0.01885));
#8694=CARTESIAN_POINT('',(-0.0127,0.0065,-0.00885));
#8695=CARTESIAN_POINT('',(-0.0127,0.0065,-0.010803939201417));
#8696=CARTESIAN_POINT('',(-0.0127,0.00405,-0.010803939201417));
#8697=CARTESIAN_POINT('',(-0.0127,0.0016,-0.010803939201417));
#8698=CARTESIAN_POINT('',(-0.0127,0.0016,0.01965));
#8699=CARTESIAN_POINT('',(0.014202,0.01,0.00415));
#8700=CARTESIAN_POINT('',(-0.012,0.012002,0.00415));
#8701=CARTESIAN_POINT('',(-0.012,0.0095,0.00415));
#8702=CARTESIAN_POINT('',(-0.012,0.0075,0.00415));
#8703=CARTESIAN_POINT('',(0.012,0.0075,0.00415));
#8704=CARTESIAN_POINT('',(0.012,0.0075,0.00415));
#8705=CARTESIAN_POINT('',(0.012,0.012002,0.00415));
#8706=CARTESIAN_POINT('',(0.012,0.0095,0.00415));
#8707=CARTESIAN_POINT('',(0.014202,0.0095,0.00415));
#8708=CARTESIAN_POINT('',(0.,0.,0.));
#8709=CARTESIAN_POINT('',(0.01005,0.,-0.01235));
#8710=CARTESIAN_POINT('',(0.0069,0.,-0.01235));
#8711=CARTESIAN_POINT('',(0.0132,0.,-0.01235));
#8712=CARTESIAN_POINT('',(0.0132,0.,-0.01135));
#8713=CARTESIAN_POINT('',(0.0142,0.,-0.01135));
#8714=CARTESIAN_POINT('',(0.0142,0.,0.00515));
#8715=CARTESIAN_POINT('',(0.0142,0.,0.02265));
#8716=CARTESIAN_POINT('',(0.0102,0.,0.02265));
#8717=CARTESIAN_POINT('',(0.0102,0.,0.02665));
#8718=CARTESIAN_POINT('',(0.,0.,0.02665));
#8719=CARTESIAN_POINT('',(-0.0102,0.,0.02665));
#8720=CARTESIAN_POINT('',(-0.0102,0.,0.02265));
#8721=CARTESIAN_POINT('',(-0.0142,0.,0.02265));
#8722=CARTESIAN_POINT('',(-0.0142,0.,0.00115));
#8723=CARTESIAN_POINT('',(-0.0142,0.,-0.01935));
#8724=CARTESIAN_POINT('',(-0.0132,0.,-0.01935));
#8725=CARTESIAN_POINT('',(-0.0132,0.,-0.02035));
#8726=CARTESIAN_POINT('',(-0.00415,0.,-0.02035));
#8727=CARTESIAN_POINT('',(0.0049,0.,-0.02035));
#8728=CARTESIAN_POINT('',(0.0049,0.,-0.01935));
#8729=CARTESIAN_POINT('',(0.0059,0.,-0.01935));
#8730=CARTESIAN_POINT('',(0.0059,0.,-0.01635));
#8731=CARTESIAN_POINT('',(0.0059,0.,-0.01335));
#8732=CARTESIAN_POINT('',(0.0069,0.,-0.01335));
#8733=CARTESIAN_POINT('',(0.01005,0.,-0.01085));
#8734=CARTESIAN_POINT('',(0.0054,0.,-0.01085));
#8735=CARTESIAN_POINT('',(0.0054,0.,-0.01185));
#8736=CARTESIAN_POINT('',(0.0044,0.,-0.01185));
#8737=CARTESIAN_POINT('',(0.0044,0.,-0.01635));
#8738=CARTESIAN_POINT('',(0.0044,0.,-0.01885));
#8739=CARTESIAN_POINT('',(-0.00415,0.,-0.01885));
#8740=CARTESIAN_POINT('',(-0.01235,0.,0.01865));
#8741=CARTESIAN_POINT('',(-0.012,-8.470329472543E-22,0.01865));
#8742=CARTESIAN_POINT('',(-0.012,0.,0.01965));
#8743=CARTESIAN_POINT('',(-0.012,0.,0.01965));
#8744=CARTESIAN_POINT('',(-0.013,0.,0.01965));
#8745=CARTESIAN_POINT('',(-0.0102,0.,0.02265));
#8746=CARTESIAN_POINT('',(-0.0102,0.,0.02515));
#8747=CARTESIAN_POINT('',(0.,0.,0.02515));
#8748=CARTESIAN_POINT('',(0.0102,0.,0.02515));
#8749=CARTESIAN_POINT('',(0.0102,0.,0.02265));
#8750=CARTESIAN_POINT('',(0.013,0.,0.01965));
#8751=CARTESIAN_POINT('',(0.012,0.,0.01965));
#8752=CARTESIAN_POINT('',(0.012,0.,0.01965));
#8753=CARTESIAN_POINT('',(0.012,-8.470329472543E-22,0.01865));
#8754=CARTESIAN_POINT('',(0.01235,0.,0.01865));
#8755=CARTESIAN_POINT('',(-0.00415,0.012,-0.02035));
#8756=CARTESIAN_POINT('',(-0.00342,0.0033,-0.02035));
#8757=CARTESIAN_POINT('',(-0.00342,0.0059,-0.02035));
#8758=CARTESIAN_POINT('',(-0.00342,0.0023,-0.02035));
#8759=CARTESIAN_POINT('',(-0.00422,0.0059,-0.02035));
#8760=CARTESIAN_POINT('',(-0.00502,0.0059,-0.02035));
#8761=CARTESIAN_POINT('',(-0.00502,0.0033,-0.02035));
#8762=CARTESIAN_POINT('',(-0.00502,0.0023,-0.02035));
#8763=CARTESIAN_POINT('',(-0.00422,0.0023,-0.02035));
#8764=CARTESIAN_POINT('',(0.00086,0.0023,-0.02035));
#8765=CARTESIAN_POINT('',(5.99999999999984E-5,0.0023,-0.02035));
#8766=CARTESIAN_POINT('',(0.00166,0.0023,-0.02035));
#8767=CARTESIAN_POINT('',(0.00166,0.0033,-0.02035));
#8768=CARTESIAN_POINT('',(0.00166,0.0059,-0.02035));
#8769=CARTESIAN_POINT('',(0.00086,0.0059,-0.02035));
#8770=CARTESIAN_POINT('',(5.99999999999987E-5,0.0059,-0.02035));
#8771=CARTESIAN_POINT('',(5.99999999999987E-5,0.0033,-0.02035));
#8772=CARTESIAN_POINT('',(-0.0085,0.0033,-0.02035));
#8773=CARTESIAN_POINT('',(-0.0085,0.0059,-0.02035));
#8774=CARTESIAN_POINT('',(-0.0085,0.0023,-0.02035));
#8775=CARTESIAN_POINT('',(-0.0093,0.0059,-0.02035));
#8776=CARTESIAN_POINT('',(-0.0101,0.0059,-0.02035));
#8777=CARTESIAN_POINT('',(-0.0101,0.0033,-0.02035));
#8778=CARTESIAN_POINT('',(-0.0101,0.0023,-0.02035));
#8779=CARTESIAN_POINT('',(-0.0093,0.0023,-0.02035));
#8780=CARTESIAN_POINT('',(-0.0132,0.012,-0.02035));
#8781=CARTESIAN_POINT('',(-0.0132,0.007,-0.02035));
#8782=CARTESIAN_POINT('',(-0.00415,0.007,-0.02035));
#8783=CARTESIAN_POINT('',(0.0049,0.007,-0.02035));
#8784=CARTESIAN_POINT('',(0.0049,0.012,-0.02035));
#8785=CARTESIAN_POINT('',(0.0142,0.012,0.00515));
#8786=CARTESIAN_POINT('',(0.0142,0.012,0.00365));
#8787=CARTESIAN_POINT('',(0.0142,0.009,0.00365));
#8788=CARTESIAN_POINT('',(0.0142,0.011,0.00365));
#8789=CARTESIAN_POINT('',(0.0142,0.011,0.00515));
#8790=CARTESIAN_POINT('',(0.0142,0.011,0.02265));
#8791=CARTESIAN_POINT('',(0.0142,0.012,0.02265));
#8792=CARTESIAN_POINT('',(0.0142,0.012,-0.01135));
#8793=CARTESIAN_POINT('',(0.0142,0.007,-0.01135));
#8794=CARTESIAN_POINT('',(0.0142,0.007,0.00515));
#8795=CARTESIAN_POINT('',(0.0142,0.007,0.00165));
#8796=CARTESIAN_POINT('',(0.0142,0.009,0.00165));
#8797=CARTESIAN_POINT('',(0.0102,0.012,0.02265));
#8798=CARTESIAN_POINT('',(0.0102,0.011,0.02265));
#8799=CARTESIAN_POINT('',(0.0102,0.011,0.02665));
#8800=CARTESIAN_POINT('',(0.0102,0.012,0.02665));
#8801=CARTESIAN_POINT('',(0.,0.012,0.02665));
#8802=CARTESIAN_POINT('',(0.,0.011,0.02665));
#8803=CARTESIAN_POINT('',(-0.0102,0.011,0.02665));
#8804=CARTESIAN_POINT('',(-0.0102,0.012,0.02665));
#8805=CARTESIAN_POINT('',(-0.0102,0.012,0.02265));
#8806=CARTESIAN_POINT('',(-0.0102,0.011,0.02265));
#8807=CARTESIAN_POINT('',(-0.0142,0.011,0.02265));
#8808=CARTESIAN_POINT('',(-0.0142,0.012,0.02265));
#8809=CARTESIAN_POINT('',(-0.0142,0.012,0.00115));
#8810=CARTESIAN_POINT('',(-0.0142,0.011,0.00115));
#8811=CARTESIAN_POINT('',(-0.0142,0.011,0.00365));
#8812=CARTESIAN_POINT('',(-0.0142,0.008,0.00365));
#8813=CARTESIAN_POINT('',(-0.0142,0.009,0.00365));
#8814=CARTESIAN_POINT('',(-0.0142,0.009,0.00165));
#8815=CARTESIAN_POINT('',(-0.0142,0.007,0.00165));
#8816=CARTESIAN_POINT('',(-0.0142,0.007,0.00115));
#8817=CARTESIAN_POINT('',(-0.0142,0.007,-0.01935));
#8818=CARTESIAN_POINT('',(-0.0142,0.012,-0.01935));
#8819=CARTESIAN_POINT('',(0.0059,0.012,-0.01635));
#8820=CARTESIAN_POINT('',(0.0059,0.007,-0.01635));
#8821=CARTESIAN_POINT('',(0.0059,0.007,-0.01935));
#8822=CARTESIAN_POINT('',(0.0059,0.007,-0.01335));
#8823=CARTESIAN_POINT('',(0.0059,0.,-0.01335));
#8824=CARTESIAN_POINT('',(0.0059,0.012,-0.01935));
#8825=CARTESIAN_POINT('',(0.01005,0.012,-0.01235));
#8826=CARTESIAN_POINT('',(0.01005,0.007,-0.01235));
#8827=CARTESIAN_POINT('',(0.0069,0.007,-0.01235));
#8828=CARTESIAN_POINT('',(0.0132,0.007,-0.01235));
#8829=CARTESIAN_POINT('',(0.0132,0.012,-0.01235));
#8830=CARTESIAN_POINT('',(0.0069,0.008,-0.01235));
#8831=CARTESIAN_POINT('',(0.,0.012,0.00315));
#8832=CARTESIAN_POINT('',(0.0132,0.012,0.00315));
#8833=CARTESIAN_POINT('',(0.0132,0.012,0.02265));
#8834=CARTESIAN_POINT('',(0.0132,0.012,0.00365));
#8835=CARTESIAN_POINT('',(-0.0142,0.012,0.00365));
#8836=CARTESIAN_POINT('',(-0.0132,0.012,0.00365));
#8837=CARTESIAN_POINT('',(-0.0132,0.012,0.00315));
#8838=CARTESIAN_POINT('',(-0.0132,0.012,0.02265));
#8839=CARTESIAN_POINT('',(-0.0102,0.012,0.02265));
#8840=CARTESIAN_POINT('',(-0.0102,0.012,0.02565));
#8841=CARTESIAN_POINT('',(0.,0.012,0.02565));
#8842=CARTESIAN_POINT('',(0.0102,0.012,0.02565));
#8843=CARTESIAN_POINT('',(0.0102,0.012,0.02265));
#8844=CARTESIAN_POINT('',(0.014202,0.01,0.00265));
#8845=CARTESIAN_POINT('',(-0.0132,0.012,0.00265));
#8846=CARTESIAN_POINT('',(-0.0132,0.009,0.00265));
#8847=CARTESIAN_POINT('',(-0.0132,0.011,0.00265));
#8848=CARTESIAN_POINT('',(0.0142,0.011,0.00265));
#8849=CARTESIAN_POINT('',(0.0132,0.011,0.00265));
#8850=CARTESIAN_POINT('',(0.0132,0.008,0.00265));
#8851=CARTESIAN_POINT('',(0.0132,0.009,0.00265));
#8852=CARTESIAN_POINT('',(0.014202,0.009,0.00265));
#8853=CARTESIAN_POINT('',(0.014202,0.008,-0.00885));
#8854=CARTESIAN_POINT('',(0.0132,0.008,-0.00885));
#8855=CARTESIAN_POINT('',(0.0132,0.008,0.00165));
#8856=CARTESIAN_POINT('',(0.0132,0.008,-0.01135));
#8857=CARTESIAN_POINT('',(0.014202,0.008,-0.01135));
#8858=CARTESIAN_POINT('',(0.0069,0.008,-0.01135));
#8859=CARTESIAN_POINT('',(0.0069,0.008,-0.01335));
#8860=CARTESIAN_POINT('',(0.0049,0.008,-0.01335));
#8861=CARTESIAN_POINT('',(0.0049,0.008,-0.00885));
#8862=CARTESIAN_POINT('',(0.0049,0.008,-0.01935));
#8863=CARTESIAN_POINT('',(0.014202,0.008,-0.01935));
#8864=CARTESIAN_POINT('',(-0.0132,0.008,-0.01935));
#8865=CARTESIAN_POINT('',(-0.0132,0.008,-0.00885));
#8866=CARTESIAN_POINT('',(-0.0132,0.008,0.00165));
#8867=CARTESIAN_POINT('',(0.014202,0.008,0.00165));
#8868=CARTESIAN_POINT('',(-0.00415,0.012,-0.01885));
#8869=CARTESIAN_POINT('',(-0.00422,0.0059,-0.01885));
#8870=CARTESIAN_POINT('',(-0.00502,0.0059,-0.01885));
#8871=CARTESIAN_POINT('',(-0.00342,0.0059,-0.01885));
#8872=CARTESIAN_POINT('',(-0.00342,0.0033,-0.01885));
#8873=CARTESIAN_POINT('',(-0.00342,0.0023,-0.01885));
#8874=CARTESIAN_POINT('',(-0.00422,0.0023,-0.01885));
#8875=CARTESIAN_POINT('',(-0.00502,0.0023,-0.01885));
#8876=CARTESIAN_POINT('',(-0.00502,0.0033,-0.01885));
#8877=CARTESIAN_POINT('',(0.00166,0.0033,-0.01885));
#8878=CARTESIAN_POINT('',(0.00166,0.0059,-0.01885));
#8879=CARTESIAN_POINT('',(0.00166,0.0023,-0.01885));
#8880=CARTESIAN_POINT('',(0.00086,0.0023,-0.01885));
#8881=CARTESIAN_POINT('',(5.9999999999998E-5,0.0023,-0.01885));
#8882=CARTESIAN_POINT('',(5.99999999999987E-5,0.0033,-0.01885));
#8883=CARTESIAN_POINT('',(5.99999999999984E-5,0.0059,-0.01885));
#8884=CARTESIAN_POINT('',(0.00086,0.0059,-0.01885));
#8885=CARTESIAN_POINT('',(-0.0093,0.0059,-0.01885));
#8886=CARTESIAN_POINT('',(-0.0101,0.0059,-0.01885));
#8887=CARTESIAN_POINT('',(-0.0085,0.0059,-0.01885));
#8888=CARTESIAN_POINT('',(-0.0085,0.0033,-0.01885));
#8889=CARTESIAN_POINT('',(-0.0085,0.0023,-0.01885));
#8890=CARTESIAN_POINT('',(-0.0093,0.0023,-0.01885));
#8891=CARTESIAN_POINT('',(-0.0101,0.0023,-0.01885));
#8892=CARTESIAN_POINT('',(-0.0101,0.0033,-0.01885));
#8893=CARTESIAN_POINT('',(0.0044,0.012,-0.01885));
#8894=CARTESIAN_POINT('',(0.0044,0.0065,-0.01885));
#8895=CARTESIAN_POINT('',(0.014202,0.0065,-0.01885));
#8896=CARTESIAN_POINT('',(0.0102,0.012,0.02265));
#8897=CARTESIAN_POINT('',(0.0102,0.012,0.02515));
#8898=CARTESIAN_POINT('',(0.,0.012,0.02515));
#8899=CARTESIAN_POINT('',(-0.0102,0.012,0.02515));
#8900=CARTESIAN_POINT('',(-0.0102,0.012,0.02265));
#8901=CARTESIAN_POINT('',(0.0044,0.012,-0.01635));
#8902=CARTESIAN_POINT('',(0.0044,0.012,-0.01185));
#8903=CARTESIAN_POINT('',(0.0044,0.0016,-0.01185));
#8904=CARTESIAN_POINT('',(0.0044,0.0016,-0.0105));
#8905=CARTESIAN_POINT('',(0.0044,0.0016,-0.01015));
#8906=CARTESIAN_POINT('',(0.0044,0.012002,-0.01015));
#8907=CARTESIAN_POINT('',(0.0044,0.0065,-0.01015));
#8908=CARTESIAN_POINT('',(0.0044,0.0065,-0.00885));
#8909=CARTESIAN_POINT('',(0.01005,0.012,-0.01085));
#8910=CARTESIAN_POINT('',(0.00855,0.0016,-0.01085));
#8911=CARTESIAN_POINT('',(0.0054,0.0016,-0.01085));
#8912=CARTESIAN_POINT('',(0.0054,0.012,-0.01085));
#8913=CARTESIAN_POINT('',(0.014202,0.0065,-0.00885));
#8914=CARTESIAN_POINT('',(0.012,0.0065,0.00425));
#8915=CARTESIAN_POINT('',(0.012,0.0065,0.00315));
#8916=CARTESIAN_POINT('',(0.012,0.0065,-0.01015));
#8917=CARTESIAN_POINT('',(-0.012,0.0065,0.00315));
#8918=CARTESIAN_POINT('',(-0.012,0.0065,0.00315));
#8919=CARTESIAN_POINT('',(-0.012,0.0065,0.01965));
#8920=CARTESIAN_POINT('',(-0.012,0.0065,-0.00985));
#8921=CARTESIAN_POINT('',(-0.013,0.0065,-0.00985));
#8922=CARTESIAN_POINT('',(0.0082,0.0065,-0.01015));
#8923=CARTESIAN_POINT('',(0.,0.0016,0.00315));
#8924=CARTESIAN_POINT('',(-0.013,0.0016,-0.00985));
#8925=CARTESIAN_POINT('',(-0.012,0.0016,-0.00985));
#8926=CARTESIAN_POINT('',(-0.012,0.0016,0.01965));
#8927=CARTESIAN_POINT('',(-0.012,0.0016,0.01865));
#8928=CARTESIAN_POINT('',(-0.01235,0.0016,0.01865));
#8929=CARTESIAN_POINT('',(-0.012,0.012002,0.01965));
#8930=CARTESIAN_POINT('',(-0.012,0.,0.01965));
#8931=CARTESIAN_POINT('',(-0.012,-2.00000000000005E-6,0.01865));
#8932=CARTESIAN_POINT('',(-0.012,0.012002,-0.00985));
#8933=CARTESIAN_POINT('',(-0.012,0.0075,0.00315));
#8934=CARTESIAN_POINT('',(-0.012,0.0095,0.00515));
#8935=CARTESIAN_POINT('',(0.,0.0016,0.00315));
#8936=CARTESIAN_POINT('',(0.01235,0.0016,0.01865));
#8937=CARTESIAN_POINT('',(0.012,0.0016,0.01865));
#8938=CARTESIAN_POINT('',(0.012,0.0016,0.00425));
#8939=CARTESIAN_POINT('',(0.012,0.0016,-0.01015));
#8940=CARTESIAN_POINT('',(0.0082,0.0016,-0.01015));
#8941=CARTESIAN_POINT('',(0.0054,0.0016,-0.01185));
#8942=CARTESIAN_POINT('',(0.012,0.012002,0.00425));
#8943=CARTESIAN_POINT('',(0.012,0.012002,0.01965));
#8944=CARTESIAN_POINT('',(0.012,0.0095,0.00515));
#8945=CARTESIAN_POINT('',(0.012,0.0075,0.00315));
#8946=CARTESIAN_POINT('',(0.012,0.012002,-0.01015));
#8947=CARTESIAN_POINT('',(0.012,-2.00000000000005E-6,0.01865));
#8948=CARTESIAN_POINT('',(0.0082,0.012002,-0.01015));
#8949=CARTESIAN_POINT('',(0.01235,-2.00000000000005E-6,0.01865));
#8950=CARTESIAN_POINT('',(-0.01235,-2.00000000000005E-6,0.01865));
#8951=CARTESIAN_POINT('',(0.0054,0.012,-0.01185));
#8952=CARTESIAN_POINT('',(0.013,0.012002,0.01965));
#8953=CARTESIAN_POINT('',(-0.013,0.012002,0.01965));
#8954=CARTESIAN_POINT('',(-0.013,0.012002,-0.00985));
#8955=CARTESIAN_POINT('',(0.0069,0.012,-0.01335));
#8956=CARTESIAN_POINT('',(0.0069,0.007,-0.01335));
#8957=CARTESIAN_POINT('',(0.0049,0.012,-0.01935));
#8958=CARTESIAN_POINT('',(0.0049,0.007,-0.01935));
#8959=CARTESIAN_POINT('',(0.0049,0.007,-0.00885));
#8960=CARTESIAN_POINT('',(0.0049,0.007,-0.01935));
#8961=CARTESIAN_POINT('',(0.0049,0.007,-0.01335));
#8962=CARTESIAN_POINT('',(0.0069,0.007,-0.01335));
#8963=CARTESIAN_POINT('',(0.0069,0.007,-0.01135));
#8964=CARTESIAN_POINT('',(0.0049,0.007,-0.01935));
#8965=CARTESIAN_POINT('',(0.0049,0.007,-0.01935));
#8966=CARTESIAN_POINT('',(0.014202,0.007,-0.01135));
#8967=CARTESIAN_POINT('',(0.0132,0.007,-0.01135));
#8968=CARTESIAN_POINT('',(0.0132,0.012,-0.01135));
#8969=CARTESIAN_POINT('',(0.0132,0.007,-0.01135));
#8970=CARTESIAN_POINT('',(-0.0132,0.012,-0.01935));
#8971=CARTESIAN_POINT('',(-0.0132,0.007,-0.01935));
#8972=CARTESIAN_POINT('',(0.014202,0.007,-0.01935));
#8973=CARTESIAN_POINT('',(-0.0132,0.007,-0.01935));
#8974=CARTESIAN_POINT('',(0.0132,0.007,-0.01135));
#8975=CARTESIAN_POINT('',(0.0132,0.007,-0.01135));
#8976=CARTESIAN_POINT('',(-0.0132,0.007,-0.01935));
#8977=CARTESIAN_POINT('',(-0.0132,0.007,-0.01935));
#8978=CARTESIAN_POINT('',(0.0132,0.007,-0.00885));
#8979=CARTESIAN_POINT('',(0.0132,0.007,0.00165));
#8980=CARTESIAN_POINT('',(0.,0.011,0.02565));
#8981=CARTESIAN_POINT('',(-0.0102,0.011,0.02565));
#8982=CARTESIAN_POINT('',(0.0102,0.011,0.02565));
#8983=CARTESIAN_POINT('',(-0.0132,0.007,-0.00885));
#8984=CARTESIAN_POINT('',(-0.0132,0.007,0.00165));
#8985=CARTESIAN_POINT('',(0.014202,0.009,0.00165));
#8986=CARTESIAN_POINT('',(0.0132,0.009,0.00165));
#8987=CARTESIAN_POINT('',(-0.0132,0.009,0.00165));
#8988=CARTESIAN_POINT('',(0.0132,0.009,0.00165));
#8989=CARTESIAN_POINT('',(0.0132,0.009,0.00365));
#8990=CARTESIAN_POINT('',(0.0102,0.011,0.02265));
#8991=CARTESIAN_POINT('',(0.0132,0.011,0.02265));
#8992=CARTESIAN_POINT('',(-0.0102,0.011,0.02265));
#8993=CARTESIAN_POINT('',(-0.0132,0.011,0.02265));
#8994=CARTESIAN_POINT('',(-0.0132,0.009,0.00165));
#8995=CARTESIAN_POINT('',(-0.0132,0.009,0.00365));
#8996=CARTESIAN_POINT('',(0.0132,0.012,0.00365));
#8997=CARTESIAN_POINT('',(0.0132,0.011,0.00365));
#8998=CARTESIAN_POINT('',(0.0132,0.011,0.00315));
#8999=CARTESIAN_POINT('',(0.0132,0.011,0.00365));
#9000=CARTESIAN_POINT('',(-0.0132,0.011,0.00315));
#9001=CARTESIAN_POINT('',(-0.0132,0.011,0.00365));
#9002=CARTESIAN_POINT('',(-0.0132,0.012,0.00365));
#9003=CARTESIAN_POINT('',(-0.0132,0.011,0.00365));
#9004=CARTESIAN_POINT('',(0.0132,0.011,0.00365));
#9005=CARTESIAN_POINT('',(0.0132,0.011,0.00365));
#9006=CARTESIAN_POINT('',(-0.0132,0.011,0.00365));
#9007=CARTESIAN_POINT('',(-0.0132,0.011,0.00365));
#9008=CARTESIAN_POINT('',(0.,0.011,0.00365));
#9009=CARTESIAN_POINT('',(0.014202,0.0075,0.00315));
#9010=CARTESIAN_POINT('',(0.014202,0.0095,0.00515));
#9011=CARTESIAN_POINT('',(-0.0093,0.0059,0.026652));
#9012=CARTESIAN_POINT('',(-0.0101,0.0059,0.026652));
#9013=CARTESIAN_POINT('',(-0.0085,0.0059,0.026652));
#9014=CARTESIAN_POINT('',(-0.0085,0.0033,0.026652));
#9015=CARTESIAN_POINT('',(-0.0085,0.0023,0.026652));
#9016=CARTESIAN_POINT('',(-0.0101,0.0033,0.026652));
#9017=CARTESIAN_POINT('',(-0.0101,0.0023,0.026652));
#9018=CARTESIAN_POINT('',(-0.0093,0.0023,0.026652));
#9019=CARTESIAN_POINT('',(0.00166,0.0033,0.026652));
#9020=CARTESIAN_POINT('',(0.00166,0.0059,0.026652));
#9021=CARTESIAN_POINT('',(0.00166,0.0023,0.026652));
#9022=CARTESIAN_POINT('',(0.00086,0.0023,0.026652));
#9023=CARTESIAN_POINT('',(5.9999999999998E-5,0.0023,0.026652));
#9024=CARTESIAN_POINT('',(0.00086,0.0059,0.026652));
#9025=CARTESIAN_POINT('',(5.99999999999987E-5,0.0059,0.026652));
#9026=CARTESIAN_POINT('',(5.99999999999987E-5,0.0033,0.026652));
#9027=CARTESIAN_POINT('',(-0.00422,0.0059,0.026652));
#9028=CARTESIAN_POINT('',(-0.00502,0.0059,0.026652));
#9029=CARTESIAN_POINT('',(-0.00342,0.0059,0.026652));
#9030=CARTESIAN_POINT('',(-0.00342,0.0033,0.026652));
#9031=CARTESIAN_POINT('',(-0.00342,0.0023,0.026652));
#9032=CARTESIAN_POINT('',(-0.00502,0.0033,0.026652));
#9033=CARTESIAN_POINT('',(-0.00502,0.0023,0.026652));
#9034=CARTESIAN_POINT('',(-0.00422,0.0023,0.026652));
#9035=CARTESIAN_POINT('',(0.,0.,0.));
#9036=CARTESIAN_POINT('',(0.0068,-0.005502,-0.00615));
#9037=CARTESIAN_POINT('',(0.0068,-0.0042,-0.00615));
#9038=CARTESIAN_POINT('',(0.0068,-0.0042,-0.00891));
#9039=CARTESIAN_POINT('',(0.0068,-0.0055,-0.00615));
#9040=CARTESIAN_POINT('',(0.0068,-0.0055,-0.00891));
#9041=CARTESIAN_POINT('',(0.0068,-0.005502,-0.00615));
#9042=CARTESIAN_POINT('',(0.0068,-0.0042,-0.00615));
#9043=CARTESIAN_POINT('',(0.0068,-0.0042,-0.00811));
#9044=CARTESIAN_POINT('',(0.0068,-0.0055,-0.00615));
#9045=CARTESIAN_POINT('',(0.0068,-0.0055,-0.00811));
#9046=CARTESIAN_POINT('',(0.,-0.0042,0.00315));
#9047=CARTESIAN_POINT('',(0.,-0.0055,0.00315));
#9048=CARTESIAN_POINT('',(0.,0.,0.));
#9049=CARTESIAN_POINT('',(-4.33680868994202E-19,-0.005502,0.0019));
#9050=CARTESIAN_POINT('',(-4.33680868994202E-19,-0.0055,0.0019));
#9051=CARTESIAN_POINT('',(-0.00075,-0.0055,0.0019));
#9052=CARTESIAN_POINT('',(0.00075,-0.0055,0.0019));
#9053=CARTESIAN_POINT('',(-0.00075,-0.005502,0.0019));
#9054=CARTESIAN_POINT('',(-0.00075,-0.0042,0.0019));
#9055=CARTESIAN_POINT('',(-4.33680868994202E-19,-0.0042,0.0019));
#9056=CARTESIAN_POINT('',(0.00075,-0.0042,0.0019));
#9057=CARTESIAN_POINT('',(0.00075,-0.005502,0.0019));
#9058=CARTESIAN_POINT('',(0.00075,-0.005502,0.00315));
#9059=CARTESIAN_POINT('',(0.00075,-0.005502,0.0044));
#9060=CARTESIAN_POINT('',(0.00075,-0.0055,0.0044));
#9061=CARTESIAN_POINT('',(0.00075,-0.0042,0.0044));
#9062=CARTESIAN_POINT('',(0.00075,-0.0055,0.00315));
#9063=CARTESIAN_POINT('',(0.00075,-0.0042,0.00315));
#9064=CARTESIAN_POINT('',(-5.42101086242752E-19,-0.005502,0.0044));
#9065=CARTESIAN_POINT('',(-0.00075,-0.005502,0.0044));
#9066=CARTESIAN_POINT('',(-0.00075,-0.0055,0.0044));
#9067=CARTESIAN_POINT('',(-0.00075,-0.0042,0.0044));
#9068=CARTESIAN_POINT('',(-5.42101086242752E-19,-0.0055,0.0044));
#9069=CARTESIAN_POINT('',(-5.42101086242752E-19,-0.0042,0.0044));
#9070=CARTESIAN_POINT('',(-0.00075,-0.005502,0.00404565003733524));
#9071=CARTESIAN_POINT('',(-0.00075,-0.005502,0.00369130007467048));
#9072=CARTESIAN_POINT('',(-0.00075,-0.0055,0.00369130007467048));
#9073=CARTESIAN_POINT('',(-0.00075,-0.0042,0.00369130007467048));
#9074=CARTESIAN_POINT('',(-0.00075,-0.0055,0.00404565003733524));
#9075=CARTESIAN_POINT('',(-0.00075,-0.0042,0.00404565003733524));
#9076=CARTESIAN_POINT('',(-0.00143069994497189,-0.005502,0.00404565003733524));
#9077=CARTESIAN_POINT('',(-0.00143069994497189,-0.0055,0.00404565003733524));
#9078=CARTESIAN_POINT('',(-0.00211139988994379,-0.0055,0.0044));
#9079=CARTESIAN_POINT('',(-0.00143069994497189,-0.0042,0.00404565003733524));
#9080=CARTESIAN_POINT('',(-0.00211139988994379,-0.0042,0.0044));
#9081=CARTESIAN_POINT('',(-0.00211139988994379,-0.005502,0.0044));
#9082=CARTESIAN_POINT('',(-0.00243069994497189,-0.005502,0.0044));
#9083=CARTESIAN_POINT('',(-0.00243069994497189,-0.0055,0.0044));
#9084=CARTESIAN_POINT('',(-0.00275,-0.0055,0.0044));
#9085=CARTESIAN_POINT('',(-0.00243069994497189,-0.0042,0.0044));
#9086=CARTESIAN_POINT('',(-0.00275,-0.0042,0.0044));
#9087=CARTESIAN_POINT('',(-0.00275,-0.005502,0.0044));
#9088=CARTESIAN_POINT('',(-0.00275,-0.005502,0.00395321519026111));
#9089=CARTESIAN_POINT('',(-0.00275,-0.0055,0.00395321519026111));
#9090=CARTESIAN_POINT('',(-0.00275,-0.0055,0.00350643038052222));
#9091=CARTESIAN_POINT('',(-0.00275,-0.0042,0.00395321519026111));
#9092=CARTESIAN_POINT('',(-0.00275,-0.0042,0.00350643038052222));
#9093=CARTESIAN_POINT('',(-0.00275,-0.005502,0.00350643038052222));
#9094=CARTESIAN_POINT('',(-0.00240765180475363,-0.005502,0.00332821519026111));
#9095=CARTESIAN_POINT('',(-0.00240765180475363,-0.0055,0.00332821519026111));
#9096=CARTESIAN_POINT('',(-0.00206530360950726,-0.0055,0.00315));
#9097=CARTESIAN_POINT('',(-0.00240765180475363,-0.0042,0.00332821519026111));
#9098=CARTESIAN_POINT('',(-0.00206530360950726,-0.0042,0.00315));
#9099=CARTESIAN_POINT('',(-0.00206530360950726,-0.005502,0.00315));
#9100=CARTESIAN_POINT('',(-0.00240765180475363,-0.005502,0.00297178480973888));
#9101=CARTESIAN_POINT('',(-0.00240765180475363,-0.0055,0.00297178480973888));
#9102=CARTESIAN_POINT('',(-0.00275,-0.0055,0.00279356961947776));
#9103=CARTESIAN_POINT('',(-0.00240765180475363,-0.0042,0.00297178480973888));
#9104=CARTESIAN_POINT('',(-0.00275,-0.0042,0.00279356961947776));
#9105=CARTESIAN_POINT('',(-0.00275,-0.005502,0.00279356961947776));
#9106=CARTESIAN_POINT('',(-0.00275,-0.005502,0.00234678480973888));
#9107=CARTESIAN_POINT('',(-0.00275,-0.0055,0.00234678480973888));
#9108=CARTESIAN_POINT('',(-0.00275,-0.0055,0.0019));
#9109=CARTESIAN_POINT('',(-0.00275,-0.0042,0.00234678480973888));
#9110=CARTESIAN_POINT('',(-0.00275,-0.0042,0.0019));
#9111=CARTESIAN_POINT('',(-0.00275,-0.005502,0.0019));
#9112=CARTESIAN_POINT('',(-0.00243069994497189,-0.005502,0.0019));
#9113=CARTESIAN_POINT('',(-0.00243069994497189,-0.0055,0.0019));
#9114=CARTESIAN_POINT('',(-0.00211139988994379,-0.0055,0.0019));
#9115=CARTESIAN_POINT('',(-0.00243069994497189,-0.0042,0.0019));
#9116=CARTESIAN_POINT('',(-0.00211139988994379,-0.0042,0.0019));
#9117=CARTESIAN_POINT('',(-0.00211139988994379,-0.005502,0.0019));
#9118=CARTESIAN_POINT('',(-0.0014306999449719,-0.005502,0.00225434996266475));
#9119=CARTESIAN_POINT('',(-0.0014306999449719,-0.0055,0.00225434996266475));
#9120=CARTESIAN_POINT('',(-0.00075,-0.0055,0.00260869992532951));
#9121=CARTESIAN_POINT('',(-0.0014306999449719,-0.0042,0.00225434996266475));
#9122=CARTESIAN_POINT('',(-0.00075,-0.0042,0.00260869992532951));
#9123=CARTESIAN_POINT('',(-0.00075,-0.005502,0.00260869992532951));
#9124=CARTESIAN_POINT('',(-0.00075,-0.005502,0.00225434996266475));
#9125=CARTESIAN_POINT('',(-0.00075,-0.0055,0.00225434996266475));
#9126=CARTESIAN_POINT('',(-0.00075,-0.0042,0.00225434996266475));
#9127=CARTESIAN_POINT('',(0.,-0.0042,0.00315));
#9128=CARTESIAN_POINT('',(0.,-0.0055,0.00315));
#9129=CARTESIAN_POINT('',(0.,0.,0.));
#9130=CARTESIAN_POINT('',(0.01,-0.005502,0.000208321026750553));
#9131=CARTESIAN_POINT('',(0.01,-0.0055,0.000208321026750553));
#9132=CARTESIAN_POINT('',(0.00925,-0.0055,0.000208321026750553));
#9133=CARTESIAN_POINT('',(0.01075,-0.0055,0.000208321026750553));
#9134=CARTESIAN_POINT('',(0.00925,-0.005502,0.000208321026750553));
#9135=CARTESIAN_POINT('',(0.00925,-0.0042,0.000208321026750553));
#9136=CARTESIAN_POINT('',(0.01,-0.0042,0.000208321026750553));
#9137=CARTESIAN_POINT('',(0.01075,-0.0042,0.000208321026750553));
#9138=CARTESIAN_POINT('',(0.01075,-0.005502,0.000208321026750553));
#9139=CARTESIAN_POINT('',(0.01075,-0.005502,0.00230416051337527));
#9140=CARTESIAN_POINT('',(0.01075,-0.0055,0.00230416051337527));
#9141=CARTESIAN_POINT('',(0.01075,-0.0055,0.0044));
#9142=CARTESIAN_POINT('',(0.01075,-0.0042,0.00230416051337527));
#9143=CARTESIAN_POINT('',(0.01075,-0.0042,0.0044));
#9144=CARTESIAN_POINT('',(0.01075,-0.005502,0.0044));
#9145=CARTESIAN_POINT('',(0.009,-0.005502,0.0044));
#9146=CARTESIAN_POINT('',(0.009,-0.0055,0.0044));
#9147=CARTESIAN_POINT('',(0.00725,-0.0055,0.0044));
#9148=CARTESIAN_POINT('',(0.009,-0.0042,0.0044));
#9149=CARTESIAN_POINT('',(0.00725,-0.0042,0.0044));
#9150=CARTESIAN_POINT('',(0.00725,-0.005502,0.0044));
#9151=CARTESIAN_POINT('',(0.00725,-0.005502,0.00415));
#9152=CARTESIAN_POINT('',(0.00725,-0.0055,0.00415));
#9153=CARTESIAN_POINT('',(0.00725,-0.0055,0.0039));
#9154=CARTESIAN_POINT('',(0.00725,-0.0042,0.00415));
#9155=CARTESIAN_POINT('',(0.00725,-0.0042,0.0039));
#9156=CARTESIAN_POINT('',(0.00725,-0.005502,0.0039));
#9157=CARTESIAN_POINT('',(0.00825,-0.005502,0.0039));
#9158=CARTESIAN_POINT('',(0.00825,-0.0055,0.0039));
#9159=CARTESIAN_POINT('',(0.00925,-0.0055,0.0039));
#9160=CARTESIAN_POINT('',(0.00825,-0.0042,0.0039));
#9161=CARTESIAN_POINT('',(0.00925,-0.0042,0.0039));
#9162=CARTESIAN_POINT('',(0.00925,-0.005502,0.0039));
#9163=CARTESIAN_POINT('',(0.00925,-0.005502,0.00205416051337527));
#9164=CARTESIAN_POINT('',(0.00925,-0.0055,0.00205416051337527));
#9165=CARTESIAN_POINT('',(0.00925,-0.0042,0.00205416051337527));
#9166=CARTESIAN_POINT('',(0.,-0.0042,0.00315));
#9167=CARTESIAN_POINT('',(0.,-0.0055,0.00315));
#9168=CARTESIAN_POINT('',(0.,0.,0.));
#9169=CARTESIAN_POINT('',(-0.005,-0.005502,0.0019));
#9170=CARTESIAN_POINT('',(-0.005,-0.0055,0.0019));
#9171=CARTESIAN_POINT('',(-0.00675,-0.0055,0.0019));
#9172=CARTESIAN_POINT('',(-0.00325,-0.0055,0.0019));
#9173=CARTESIAN_POINT('',(-0.00675,-0.005502,0.0019));
#9174=CARTESIAN_POINT('',(-0.00675,-0.0042,0.0019));
#9175=CARTESIAN_POINT('',(-0.005,-0.0042,0.0019));
#9176=CARTESIAN_POINT('',(-0.00325,-0.0042,0.0019));
#9177=CARTESIAN_POINT('',(-0.00325,-0.005502,0.0019));
#9178=CARTESIAN_POINT('',(-0.00325,-0.005502,0.00315));
#9179=CARTESIAN_POINT('',(-0.00325,-0.0055,0.00315));
#9180=CARTESIAN_POINT('',(-0.00325,-0.0055,0.0044));
#9181=CARTESIAN_POINT('',(-0.00325,-0.0042,0.00315));
#9182=CARTESIAN_POINT('',(-0.00325,-0.0042,0.0044));
#9183=CARTESIAN_POINT('',(-0.00325,-0.005502,0.0044));
#9184=CARTESIAN_POINT('',(-0.005,-0.005502,0.0044));
#9185=CARTESIAN_POINT('',(-0.005,-0.0055,0.0044));
#9186=CARTESIAN_POINT('',(-0.00675,-0.0055,0.0044));
#9187=CARTESIAN_POINT('',(-0.005,-0.0042,0.0044));
#9188=CARTESIAN_POINT('',(-0.00675,-0.0042,0.0044));
#9189=CARTESIAN_POINT('',(-0.00675,-0.005502,0.0044));
#9190=CARTESIAN_POINT('',(-0.00675,-0.005502,0.00415));
#9191=CARTESIAN_POINT('',(-0.00675,-0.0055,0.00415));
#9192=CARTESIAN_POINT('',(-0.00675,-0.0055,0.0039));
#9193=CARTESIAN_POINT('',(-0.00675,-0.0042,0.00415));
#9194=CARTESIAN_POINT('',(-0.00675,-0.0042,0.0039));
#9195=CARTESIAN_POINT('',(-0.00675,-0.005502,0.0039));
#9196=CARTESIAN_POINT('',(-0.00575,-0.005502,0.0039));
#9197=CARTESIAN_POINT('',(-0.00575,-0.0055,0.0039));
#9198=CARTESIAN_POINT('',(-0.00475,-0.0055,0.0039));
#9199=CARTESIAN_POINT('',(-0.00575,-0.0042,0.0039));
#9200=CARTESIAN_POINT('',(-0.00475,-0.0042,0.0039));
#9201=CARTESIAN_POINT('',(-0.00475,-0.005502,0.0039));
#9202=CARTESIAN_POINT('',(-0.00475,-0.005502,0.00365));
#9203=CARTESIAN_POINT('',(-0.00475,-0.0055,0.00365));
#9204=CARTESIAN_POINT('',(-0.00475,-0.0055,0.0034));
#9205=CARTESIAN_POINT('',(-0.00475,-0.0042,0.00365));
#9206=CARTESIAN_POINT('',(-0.00475,-0.0042,0.0034));
#9207=CARTESIAN_POINT('',(-0.00475,-0.005502,0.0034));
#9208=CARTESIAN_POINT('',(-0.00575,-0.005502,0.0034));
#9209=CARTESIAN_POINT('',(-0.00575,-0.0055,0.0034));
#9210=CARTESIAN_POINT('',(-0.00675,-0.0055,0.0034));
#9211=CARTESIAN_POINT('',(-0.00575,-0.0042,0.0034));
#9212=CARTESIAN_POINT('',(-0.00675,-0.0042,0.0034));
#9213=CARTESIAN_POINT('',(-0.00675,-0.005502,0.0034));
#9214=CARTESIAN_POINT('',(-0.00675,-0.005502,0.00315));
#9215=CARTESIAN_POINT('',(-0.00675,-0.0055,0.00315));
#9216=CARTESIAN_POINT('',(-0.00675,-0.0055,0.0029));
#9217=CARTESIAN_POINT('',(-0.00675,-0.0042,0.00315));
#9218=CARTESIAN_POINT('',(-0.00675,-0.0042,0.0029));
#9219=CARTESIAN_POINT('',(-0.00675,-0.005502,0.0029));
#9220=CARTESIAN_POINT('',(-0.00575,-0.005502,0.0029));
#9221=CARTESIAN_POINT('',(-0.00475,-0.005502,0.0029));
#9222=CARTESIAN_POINT('',(-0.00475,-0.0055,0.0029));
#9223=CARTESIAN_POINT('',(-0.00475,-0.0042,0.0029));
#9224=CARTESIAN_POINT('',(-0.00575,-0.0055,0.0029));
#9225=CARTESIAN_POINT('',(-0.00575,-0.0042,0.0029));
#9226=CARTESIAN_POINT('',(-0.00475,-0.005502,0.00265));
#9227=CARTESIAN_POINT('',(-0.00475,-0.0055,0.00265));
#9228=CARTESIAN_POINT('',(-0.00475,-0.0055,0.0024));
#9229=CARTESIAN_POINT('',(-0.00475,-0.0042,0.00265));
#9230=CARTESIAN_POINT('',(-0.00475,-0.0042,0.0024));
#9231=CARTESIAN_POINT('',(-0.00475,-0.005502,0.0024));
#9232=CARTESIAN_POINT('',(-0.00575,-0.005502,0.0024));
#9233=CARTESIAN_POINT('',(-0.00575,-0.0055,0.0024));
#9234=CARTESIAN_POINT('',(-0.00675,-0.0055,0.0024));
#9235=CARTESIAN_POINT('',(-0.00575,-0.0042,0.0024));
#9236=CARTESIAN_POINT('',(-0.00675,-0.0042,0.0024));
#9237=CARTESIAN_POINT('',(-0.00675,-0.005502,0.0024));
#9238=CARTESIAN_POINT('',(-0.00675,-0.005502,0.00215));
#9239=CARTESIAN_POINT('',(-0.00675,-0.0055,0.00215));
#9240=CARTESIAN_POINT('',(-0.00675,-0.0042,0.00215));
#9241=CARTESIAN_POINT('',(0.,-0.0042,0.00315));
#9242=CARTESIAN_POINT('',(0.,-0.0055,0.00315));
#9243=CARTESIAN_POINT('',(0.,0.,0.));
#9244=CARTESIAN_POINT('',(0.006,-0.005502,0.0019));
#9245=CARTESIAN_POINT('',(0.006,-0.0055,0.0019));
#9246=CARTESIAN_POINT('',(0.00525,-0.0055,0.0019));
#9247=CARTESIAN_POINT('',(0.00675,-0.0055,0.0019));
#9248=CARTESIAN_POINT('',(0.00525,-0.005502,0.0019));
#9249=CARTESIAN_POINT('',(0.00525,-0.0042,0.0019));
#9250=CARTESIAN_POINT('',(0.006,-0.0042,0.0019));
#9251=CARTESIAN_POINT('',(0.00675,-0.0042,0.0019));
#9252=CARTESIAN_POINT('',(0.00675,-0.005502,0.0019));
#9253=CARTESIAN_POINT('',(0.00675,-0.005502,0.00315));
#9254=CARTESIAN_POINT('',(0.00675,-0.0055,0.00315));
#9255=CARTESIAN_POINT('',(0.00675,-0.0055,0.0044));
#9256=CARTESIAN_POINT('',(0.00675,-0.0042,0.00315));
#9257=CARTESIAN_POINT('',(0.00675,-0.0042,0.0044));
#9258=CARTESIAN_POINT('',(0.00675,-0.005502,0.0044));
#9259=CARTESIAN_POINT('',(0.006,-0.005502,0.0044));
#9260=CARTESIAN_POINT('',(0.006,-0.0055,0.0044));
#9261=CARTESIAN_POINT('',(0.00525,-0.0055,0.0044));
#9262=CARTESIAN_POINT('',(0.006,-0.0042,0.0044));
#9263=CARTESIAN_POINT('',(0.00525,-0.0042,0.0044));
#9264=CARTESIAN_POINT('',(0.00525,-0.005502,0.0044));
#9265=CARTESIAN_POINT('',(0.00525,-0.005502,0.00315));
#9266=CARTESIAN_POINT('',(0.00525,-0.0055,0.00315));
#9267=CARTESIAN_POINT('',(0.00525,-0.0042,0.00315));
#9268=CARTESIAN_POINT('',(0.,-0.0042,0.00315));
#9269=CARTESIAN_POINT('',(0.,-0.0055,0.00315));
#9270=CARTESIAN_POINT('',(0.,0.,0.));
#9271=CARTESIAN_POINT('',(-0.009,-0.005502,0.0044));
#9272=CARTESIAN_POINT('',(-0.00975,-0.005502,0.0044));
#9273=CARTESIAN_POINT('',(-0.00975,-0.0055,0.0044));
#9274=CARTESIAN_POINT('',(-0.00975,-0.0042,0.0044));
#9275=CARTESIAN_POINT('',(-0.009,-0.0055,0.0044));
#9276=CARTESIAN_POINT('',(-0.00825,-0.0055,0.0044));
#9277=CARTESIAN_POINT('',(-0.00825,-0.005502,0.0044));
#9278=CARTESIAN_POINT('',(-0.00825,-0.0042,0.0044));
#9279=CARTESIAN_POINT('',(-0.009,-0.0042,0.0044));
#9280=CARTESIAN_POINT('',(-0.00975,-0.005502,0.00407299311667272));
#9281=CARTESIAN_POINT('',(-0.00975,-0.005502,0.00374598623334545));
#9282=CARTESIAN_POINT('',(-0.00975,-0.0055,0.00374598623334545));
#9283=CARTESIAN_POINT('',(-0.00975,-0.0042,0.00374598623334545));
#9284=CARTESIAN_POINT('',(-0.00975,-0.0055,0.00407299311667272));
#9285=CARTESIAN_POINT('',(-0.00975,-0.0042,0.00407299311667272));
#9286=CARTESIAN_POINT('',(-0.01025,-0.005502,0.00326977792641161));
#9287=CARTESIAN_POINT('',(-0.01075,-0.005502,0.00279356961947776));
#9288=CARTESIAN_POINT('',(-0.01075,-0.0055,0.00279356961947776));
#9289=CARTESIAN_POINT('',(-0.01075,-0.0042,0.00279356961947776));
#9290=CARTESIAN_POINT('',(-0.01025,-0.0055,0.00326977792641161));
#9291=CARTESIAN_POINT('',(-0.01025,-0.0042,0.00326977792641161));
#9292=CARTESIAN_POINT('',(-0.01075,-0.005502,0.00234678480973888));
#9293=CARTESIAN_POINT('',(-0.01075,-0.005502,0.0019));
#9294=CARTESIAN_POINT('',(-0.01075,-0.0055,0.0019));
#9295=CARTESIAN_POINT('',(-0.01075,-0.0042,0.0019));
#9296=CARTESIAN_POINT('',(-0.01075,-0.0055,0.00234678480973888));
#9297=CARTESIAN_POINT('',(-0.01075,-0.0042,0.00234678480973888));
#9298=CARTESIAN_POINT('',(-0.0104306999449719,-0.005502,0.0019));
#9299=CARTESIAN_POINT('',(-0.0101113998899438,-0.005502,0.0019));
#9300=CARTESIAN_POINT('',(-0.0101113998899438,-0.0055,0.0019));
#9301=CARTESIAN_POINT('',(-0.0101113998899438,-0.0042,0.0019));
#9302=CARTESIAN_POINT('',(-0.0104306999449719,-0.0055,0.0019));
#9303=CARTESIAN_POINT('',(-0.0104306999449719,-0.0042,0.0019));
#9304=CARTESIAN_POINT('',(-0.0095556999449719,-0.005502,0.00242925785991658));
#9305=CARTESIAN_POINT('',(-0.009,-0.005502,0.00295851571983317));
#9306=CARTESIAN_POINT('',(-0.009,-0.0055,0.00295851571983317));
#9307=CARTESIAN_POINT('',(-0.009,-0.0042,0.00295851571983317));
#9308=CARTESIAN_POINT('',(-0.0095556999449719,-0.0055,0.00242925785991658));
#9309=CARTESIAN_POINT('',(-0.0095556999449719,-0.0042,0.00242925785991658));
#9310=CARTESIAN_POINT('',(-0.00844430005502811,-0.005502,0.00242925785991658));
#9311=CARTESIAN_POINT('',(-0.00788860011005621,-0.005502,0.0019));
#9312=CARTESIAN_POINT('',(-0.00788860011005621,-0.0055,0.0019));
#9313=CARTESIAN_POINT('',(-0.00788860011005621,-0.0042,0.0019));
#9314=CARTESIAN_POINT('',(-0.00844430005502811,-0.0055,0.00242925785991658));
#9315=CARTESIAN_POINT('',(-0.00844430005502811,-0.0042,0.00242925785991658));
#9316=CARTESIAN_POINT('',(-0.00756930005502811,-0.005502,0.0019));
#9317=CARTESIAN_POINT('',(-0.00725,-0.005502,0.0019));
#9318=CARTESIAN_POINT('',(-0.00725,-0.0055,0.0019));
#9319=CARTESIAN_POINT('',(-0.00725,-0.0042,0.0019));
#9320=CARTESIAN_POINT('',(-0.00756930005502811,-0.0055,0.0019));
#9321=CARTESIAN_POINT('',(-0.00756930005502811,-0.0042,0.0019));
#9322=CARTESIAN_POINT('',(0.,-0.0042,0.00315));
#9323=CARTESIAN_POINT('',(-0.00825,-0.0042,0.00407299311667272));
#9324=CARTESIAN_POINT('',(-0.00825,-0.0042,0.00374598623334544));
#9325=CARTESIAN_POINT('',(-0.00775,-0.0042,0.00326977792641161));
#9326=CARTESIAN_POINT('',(-0.00725,-0.0042,0.00279356961947776));
#9327=CARTESIAN_POINT('',(-0.00725,-0.0042,0.00234678480973888));
#9328=CARTESIAN_POINT('',(-0.00725,-0.005502,0.00234678480973888));
#9329=CARTESIAN_POINT('',(-0.00725,-0.005502,0.00279356961947776));
#9330=CARTESIAN_POINT('',(-0.00725,-0.0055,0.00279356961947776));
#9331=CARTESIAN_POINT('',(-0.00725,-0.0055,0.00234678480973888));
#9332=CARTESIAN_POINT('',(-0.00825,-0.005502,0.00407299311667272));
#9333=CARTESIAN_POINT('',(-0.00825,-0.0055,0.00407299311667272));
#9334=CARTESIAN_POINT('',(-0.00825,-0.0055,0.00374598623334544));
#9335=CARTESIAN_POINT('',(-0.00825,-0.005502,0.00374598623334544));
#9336=CARTESIAN_POINT('',(-0.00775,-0.005502,0.00326977792641161));
#9337=CARTESIAN_POINT('',(-0.00775,-0.0055,0.00326977792641161));
#9338=CARTESIAN_POINT('',(0.,-0.0055,0.00315));
#9339=CARTESIAN_POINT('',(0.,0.,0.));
#9340=CARTESIAN_POINT('',(0.0102,-0.0025,0.02265));
#9341=CARTESIAN_POINT('',(0.0102,0.,0.02265));
#9342=CARTESIAN_POINT('',(0.0102,0.,0.02515));
#9343=CARTESIAN_POINT('',(0.0127,0.,0.02265));
#9344=CARTESIAN_POINT('',(0.0127,-0.0025,0.02265));
#9345=CARTESIAN_POINT('',(0.0127,-0.0025,0.02265));
#9346=CARTESIAN_POINT('',(0.0102,-0.0025,0.02265));
#9347=CARTESIAN_POINT('',(0.0102,-0.0025,0.02515));
#9348=CARTESIAN_POINT('',(0.0102,-0.0025,0.02515));
#9349=CARTESIAN_POINT('',(0.,-0.0025,0.02515));
#9350=CARTESIAN_POINT('',(0.,0.,0.02515));
#9351=CARTESIAN_POINT('',(-0.0102,0.,0.02515));
#9352=CARTESIAN_POINT('',(0.,-0.0025,0.02515));
#9353=CARTESIAN_POINT('',(-0.0102,-0.0025,0.02515));
#9354=CARTESIAN_POINT('',(-0.0102,-0.0025,0.02515));
#9355=CARTESIAN_POINT('',(-0.0102,-0.0025,0.02265));
#9356=CARTESIAN_POINT('',(-0.0102,0.,0.02265));
#9357=CARTESIAN_POINT('',(-0.0127,0.,0.02265));
#9358=CARTESIAN_POINT('',(-0.0102,-0.0025,0.02265));
#9359=CARTESIAN_POINT('',(-0.0127,-0.0025,0.02265));
#9360=CARTESIAN_POINT('',(-0.0127,-0.0025,0.02265));
#9361=CARTESIAN_POINT('',(-0.0127,-0.0025,0.00115));
#9362=CARTESIAN_POINT('',(-0.0127,0.,0.00115));
#9363=CARTESIAN_POINT('',(-0.0127,0.,-0.01885));
#9364=CARTESIAN_POINT('',(-0.0127,-0.0025,0.00115));
#9365=CARTESIAN_POINT('',(-0.0127,-0.0025,-0.01885));
#9366=CARTESIAN_POINT('',(-0.0127,-0.0025,-0.01885));
#9367=CARTESIAN_POINT('',(-0.00415,-0.0025,-0.01885));
#9368=CARTESIAN_POINT('',(-0.00415,0.,-0.01885));
#9369=CARTESIAN_POINT('',(0.0044,0.,-0.01885));
#9370=CARTESIAN_POINT('',(-0.00415,-0.0025,-0.01885));
#9371=CARTESIAN_POINT('',(0.0044,-0.0025,-0.01885));
#9372=CARTESIAN_POINT('',(0.0044,-0.0025,-0.01885));
#9373=CARTESIAN_POINT('',(0.0044,-0.0025,-0.01635));
#9374=CARTESIAN_POINT('',(0.0044,-0.0025,-0.01635));
#9375=CARTESIAN_POINT('',(0.0044,-0.0025,-0.01185));
#9376=CARTESIAN_POINT('',(0.0044,-0.0025,-0.01185));
#9377=CARTESIAN_POINT('',(0.0044,0.,-0.01185));
#9378=CARTESIAN_POINT('',(0.0044,0.,-0.01635));
#9379=CARTESIAN_POINT('',(0.01005,-0.0025,-0.01085));
#9380=CARTESIAN_POINT('',(0.01005,0.,-0.01085));
#9381=CARTESIAN_POINT('',(0.0054,0.,-0.01085));
#9382=CARTESIAN_POINT('',(0.0127,0.,-0.01085));
#9383=CARTESIAN_POINT('',(0.0054,-0.0025,-0.01085));
#9384=CARTESIAN_POINT('',(0.0054,-0.0025,-0.01085));
#9385=CARTESIAN_POINT('',(0.01005,-0.0025,-0.01085));
#9386=CARTESIAN_POINT('',(0.0127,-0.0025,-0.01085));
#9387=CARTESIAN_POINT('',(0.0127,-0.0025,-0.01085));
#9388=CARTESIAN_POINT('',(0.0134,-0.0025,0.00555));
#9389=CARTESIAN_POINT('',(0.0134,0.,0.00555));
#9390=CARTESIAN_POINT('',(0.0134,0.,-0.01155));
#9391=CARTESIAN_POINT('',(0.0134,0.,0.02265));
#9392=CARTESIAN_POINT('',(0.0134,-0.0025,0.02265));
#9393=CARTESIAN_POINT('',(0.0134,-0.0025,0.02265));
#9394=CARTESIAN_POINT('',(0.0134,-0.0025,0.00555));
#9395=CARTESIAN_POINT('',(0.0134,-0.0025,-0.01155));
#9396=CARTESIAN_POINT('',(0.0134,-0.0025,-0.01155));
#9397=CARTESIAN_POINT('',(0.00925,-0.0025,-0.01155));
#9398=CARTESIAN_POINT('',(0.00925,0.,-0.01155));
#9399=CARTESIAN_POINT('',(0.0051,0.,-0.01155));
#9400=CARTESIAN_POINT('',(0.00925,-0.0025,-0.01155));
#9401=CARTESIAN_POINT('',(0.0051,-0.0025,-0.01155));
#9402=CARTESIAN_POINT('',(0.0051,-0.0025,-0.01155));
#9403=CARTESIAN_POINT('',(0.0051,-0.0025,-0.01555));
#9404=CARTESIAN_POINT('',(0.0051,0.,-0.01555));
#9405=CARTESIAN_POINT('',(0.0051,0.,-0.01955));
#9406=CARTESIAN_POINT('',(0.0051,-0.0025,-0.01555));
#9407=CARTESIAN_POINT('',(0.0051,-0.0025,-0.01955));
#9408=CARTESIAN_POINT('',(0.0051,-0.0025,-0.01955));
#9409=CARTESIAN_POINT('',(-0.00415,-0.0025,-0.01955));
#9410=CARTESIAN_POINT('',(-0.00415,0.,-0.01955));
#9411=CARTESIAN_POINT('',(-0.0134,0.,-0.01955));
#9412=CARTESIAN_POINT('',(-0.00415,-0.0025,-0.01955));
#9413=CARTESIAN_POINT('',(-0.0134,-0.0025,-0.01955));
#9414=CARTESIAN_POINT('',(-0.0134,-0.0025,-0.01955));
#9415=CARTESIAN_POINT('',(-0.0134,-0.0025,0.00155));
#9416=CARTESIAN_POINT('',(-0.0134,0.,0.00155));
#9417=CARTESIAN_POINT('',(-0.0134,0.,0.02265));
#9418=CARTESIAN_POINT('',(-0.0134,-0.0025,0.00155));
#9419=CARTESIAN_POINT('',(-0.0134,-0.0025,0.02265));
#9420=CARTESIAN_POINT('',(-0.0134,-0.0025,0.02265));
#9421=CARTESIAN_POINT('',(-0.0102,-0.0025,0.02265));
#9422=CARTESIAN_POINT('',(-0.0102,0.,0.02265));
#9423=CARTESIAN_POINT('',(-0.0102,0.,0.02585));
#9424=CARTESIAN_POINT('',(-0.0102,-0.0025,0.02265));
#9425=CARTESIAN_POINT('',(-0.0102,-0.0025,0.02585));
#9426=CARTESIAN_POINT('',(-0.0102,-0.0025,0.02585));
#9427=CARTESIAN_POINT('',(0.,-0.0025,0.02585));
#9428=CARTESIAN_POINT('',(0.,0.,0.02585));
#9429=CARTESIAN_POINT('',(0.0102,0.,0.02585));
#9430=CARTESIAN_POINT('',(0.,-0.0025,0.02585));
#9431=CARTESIAN_POINT('',(0.0102,-0.0025,0.02585));
#9432=CARTESIAN_POINT('',(0.0102,-0.0025,0.02585));
#9433=CARTESIAN_POINT('',(0.0102,-0.0025,0.02265));
#9434=CARTESIAN_POINT('',(0.0102,0.,0.02265));
#9435=CARTESIAN_POINT('',(0.0102,-0.0025,0.02265));
#9436=CARTESIAN_POINT('',(0.0127,-0.0025,0.00515));
#9437=CARTESIAN_POINT('',(0.0127,0.,0.00515));
#9438=CARTESIAN_POINT('',(0.0127,-0.0025,0.00515));
#9439=CARTESIAN_POINT('',(0.,-0.0025,0.00315));
#9440=CARTESIAN_POINT('',(0.0054,-0.0025,-0.01185));
#9441=CARTESIAN_POINT('',(0.,0.,0.00315));
#9442=CARTESIAN_POINT('',(0.0054,0.,-0.01185));
#9443=CARTESIAN_POINT('',(0.0054,-0.0025,-0.01185));
#9444=CARTESIAN_POINT('',(0.,0.,0.));
#9445=CARTESIAN_POINT('',(0.0135,-0.002,0.0055));
#9446=CARTESIAN_POINT('',(0.0135,-0.0004,0.01015));
#9447=CARTESIAN_POINT('',(0.0135,-2.16840434497101E-19,0.01015));
#9448=CARTESIAN_POINT('',(0.0135,-0.0008,0.01015));
#9449=CARTESIAN_POINT('',(0.0135,0.,0.0055));
#9450=CARTESIAN_POINT('',(0.0135,0.,-0.00385));
#9451=CARTESIAN_POINT('',(0.0135,-0.0004,-0.00385));
#9452=CARTESIAN_POINT('',(0.0135,-0.0008,-0.00385));
#9453=CARTESIAN_POINT('',(0.0135,-0.0008,-0.00885));
#9454=CARTESIAN_POINT('',(0.0135,-0.0008,-0.00885));
#9455=CARTESIAN_POINT('',(0.0135,-0.0004,-0.00885));
#9456=CARTESIAN_POINT('',(0.0135,0.,-0.00885));
#9457=CARTESIAN_POINT('',(0.0135,0.,0.0055));
#9458=CARTESIAN_POINT('',(0.0135,0.,-0.01165));
#9459=CARTESIAN_POINT('',(0.0135,-0.002,-0.01165));
#9460=CARTESIAN_POINT('',(0.0135,-0.002,-0.01165));
#9461=CARTESIAN_POINT('',(0.0135,-0.002,0.0055));
#9462=CARTESIAN_POINT('',(0.0135,-0.002,0.02265));
#9463=CARTESIAN_POINT('',(0.0135,-0.002,0.02265));
#9464=CARTESIAN_POINT('',(0.0135,0.,0.02265));
#9465=CARTESIAN_POINT('',(0.0135,0.,0.0055));
#9466=CARTESIAN_POINT('',(0.0135,-2.16840434497101E-19,0.01515));
#9467=CARTESIAN_POINT('',(0.0135,-0.0004,0.01515));
#9468=CARTESIAN_POINT('',(0.0135,-0.0008,0.01515));
#9469=CARTESIAN_POINT('',(0.0135,-0.0008,0.01515));
#9470=CARTESIAN_POINT('',(-0.0135,-0.002,0.0015));
#9471=CARTESIAN_POINT('',(-0.0135,0.,0.0015));
#9472=CARTESIAN_POINT('',(-0.0135,0.,0.01015));
#9473=CARTESIAN_POINT('',(-0.0135,-2.16840434497101E-19,-0.00385));
#9474=CARTESIAN_POINT('',(-0.0135,-0.0004,0.01015));
#9475=CARTESIAN_POINT('',(-0.0135,-0.0008,0.01015));
#9476=CARTESIAN_POINT('',(-0.0135,-0.0008,0.01515));
#9477=CARTESIAN_POINT('',(-0.0135,-0.0008,0.01515));
#9478=CARTESIAN_POINT('',(-0.0135,-0.0004,0.01515));
#9479=CARTESIAN_POINT('',(-0.0135,0.,0.01515));
#9480=CARTESIAN_POINT('',(-0.0135,0.,0.0015));
#9481=CARTESIAN_POINT('',(-0.0135,0.,0.02265));
#9482=CARTESIAN_POINT('',(-0.0135,-0.002,0.02265));
#9483=CARTESIAN_POINT('',(-0.0135,-0.002,0.02265));
#9484=CARTESIAN_POINT('',(-0.0135,-0.002,0.0015));
#9485=CARTESIAN_POINT('',(-0.0135,-0.002,-0.01965));
#9486=CARTESIAN_POINT('',(-0.0135,-0.002,-0.01965));
#9487=CARTESIAN_POINT('',(-0.0135,0.,-0.01965));
#9488=CARTESIAN_POINT('',(-0.0135,0.,0.0015));
#9489=CARTESIAN_POINT('',(-0.0135,-2.16840434497101E-19,-0.00885));
#9490=CARTESIAN_POINT('',(-0.0135,-0.0004,-0.00885));
#9491=CARTESIAN_POINT('',(-0.0135,-0.0008,-0.00885));
#9492=CARTESIAN_POINT('',(-0.0135,-0.0008,-0.00885));
#9493=CARTESIAN_POINT('',(-0.0135,-0.0008,-0.00385));
#9494=CARTESIAN_POINT('',(-0.0135,-0.0004,-0.00385));
#9495=CARTESIAN_POINT('',(0.,-0.0055,0.00315));
#9496=CARTESIAN_POINT('',(0.00475,-0.0055,0.00315));
#9497=CARTESIAN_POINT('',(0.00475,-0.0055,0.0019));
#9498=CARTESIAN_POINT('',(0.00475,-0.0055,0.0044));
#9499=CARTESIAN_POINT('',(0.003,-0.0055,0.0019));
#9500=CARTESIAN_POINT('',(0.00125,-0.0055,0.0019));
#9501=CARTESIAN_POINT('',(0.00125,-0.0055,0.00315));
#9502=CARTESIAN_POINT('',(0.00125,-0.0055,0.0044));
#9503=CARTESIAN_POINT('',(0.002,-0.0055,0.0044));
#9504=CARTESIAN_POINT('',(0.00275,-0.0055,0.0044));
#9505=CARTESIAN_POINT('',(0.00275,-0.0055,0.0034));
#9506=CARTESIAN_POINT('',(0.00275,-0.0055,0.0024));
#9507=CARTESIAN_POINT('',(0.003,-0.0055,0.0024));
#9508=CARTESIAN_POINT('',(0.00325,-0.0055,0.0024));
#9509=CARTESIAN_POINT('',(0.00325,-0.0055,0.0034));
#9510=CARTESIAN_POINT('',(0.00325,-0.0055,0.0044));
#9511=CARTESIAN_POINT('',(0.004,-0.0055,0.0044));
#9512=CARTESIAN_POINT('',(0.00075,-0.0055,0.00315));
#9513=CARTESIAN_POINT('',(0.00075,-0.0055,0.0019));
#9514=CARTESIAN_POINT('',(0.00075,-0.0055,0.0044));
#9515=CARTESIAN_POINT('',(-4.33680868994202E-19,-0.0055,0.0019));
#9516=CARTESIAN_POINT('',(-0.00075,-0.0055,0.0019));
#9517=CARTESIAN_POINT('',(-0.00075,-0.0055,0.00225434996266475));
#9518=CARTESIAN_POINT('',(-0.00075,-0.0055,0.00260869992532951));
#9519=CARTESIAN_POINT('',(-0.0014306999449719,-0.0055,0.00225434996266475));
#9520=CARTESIAN_POINT('',(-0.00211139988994379,-0.0055,0.0019));
#9521=CARTESIAN_POINT('',(-0.00243069994497189,-0.0055,0.0019));
#9522=CARTESIAN_POINT('',(-0.00275,-0.0055,0.0019));
#9523=CARTESIAN_POINT('',(-0.00275,-0.0055,0.00234678480973888));
#9524=CARTESIAN_POINT('',(-0.00275,-0.0055,0.00279356961947776));
#9525=CARTESIAN_POINT('',(-0.00240765180475363,-0.0055,0.00297178480973888));
#9526=CARTESIAN_POINT('',(-0.00206530360950726,-0.0055,0.00315));
#9527=CARTESIAN_POINT('',(-0.00240765180475363,-0.0055,0.00332821519026111));
#9528=CARTESIAN_POINT('',(-0.00275,-0.0055,0.00350643038052222));
#9529=CARTESIAN_POINT('',(-0.00275,-0.0055,0.00395321519026111));
#9530=CARTESIAN_POINT('',(-0.00275,-0.0055,0.0044));
#9531=CARTESIAN_POINT('',(-0.00243069994497189,-0.0055,0.0044));
#9532=CARTESIAN_POINT('',(-0.00211139988994379,-0.0055,0.0044));
#9533=CARTESIAN_POINT('',(-0.00143069994497189,-0.0055,0.00404565003733524));
#9534=CARTESIAN_POINT('',(-0.00075,-0.0055,0.00369130007467048));
#9535=CARTESIAN_POINT('',(-0.00075,-0.0055,0.00404565003733524));
#9536=CARTESIAN_POINT('',(-0.00075,-0.0055,0.0044));
#9537=CARTESIAN_POINT('',(-5.42101086242752E-19,-0.0055,0.0044));
#9538=CARTESIAN_POINT('',(-0.00775,-0.0055,0.00326977792641161));
#9539=CARTESIAN_POINT('',(-0.00725,-0.0055,0.00279356961947776));
#9540=CARTESIAN_POINT('',(-0.00825,-0.0055,0.00374598623334544));
#9541=CARTESIAN_POINT('',(-0.00725,-0.0055,0.00234678480973888));
#9542=CARTESIAN_POINT('',(-0.00725,-0.0055,0.0019));
#9543=CARTESIAN_POINT('',(-0.00756930005502811,-0.0055,0.0019));
#9544=CARTESIAN_POINT('',(-0.00788860011005621,-0.0055,0.0019));
#9545=CARTESIAN_POINT('',(-0.00844430005502811,-0.0055,0.00242925785991658));
#9546=CARTESIAN_POINT('',(-0.009,-0.0055,0.00295851571983317));
#9547=CARTESIAN_POINT('',(-0.0095556999449719,-0.0055,0.00242925785991658));
#9548=CARTESIAN_POINT('',(-0.0101113998899438,-0.0055,0.0019));
#9549=CARTESIAN_POINT('',(-0.0104306999449719,-0.0055,0.0019));
#9550=CARTESIAN_POINT('',(-0.01075,-0.0055,0.0019));
#9551=CARTESIAN_POINT('',(-0.01075,-0.0055,0.00234678480973888));
#9552=CARTESIAN_POINT('',(-0.01075,-0.0055,0.00279356961947776));
#9553=CARTESIAN_POINT('',(-0.01025,-0.0055,0.00326977792641161));
#9554=CARTESIAN_POINT('',(-0.00975,-0.0055,0.00374598623334545));
#9555=CARTESIAN_POINT('',(-0.00975,-0.0055,0.00407299311667272));
#9556=CARTESIAN_POINT('',(-0.00975,-0.0055,0.0044));
#9557=CARTESIAN_POINT('',(-0.009,-0.0055,0.0044));
#9558=CARTESIAN_POINT('',(-0.00825,-0.0055,0.0044));
#9559=CARTESIAN_POINT('',(-0.00825,-0.0055,0.00407299311667272));
#9560=CARTESIAN_POINT('',(0.0068,-0.0055,-0.00615));
#9561=CARTESIAN_POINT('',(0.0068,-0.0055,-0.00891));
#9562=CARTESIAN_POINT('',(0.00955,-0.0055,-0.01035));
#9563=CARTESIAN_POINT('',(0.0069,-0.0055,-0.01035));
#9564=CARTESIAN_POINT('',(0.0122,-0.0055,-0.01035));
#9565=CARTESIAN_POINT('',(0.0122,-0.0055,0.00615));
#9566=CARTESIAN_POINT('',(0.0122,-0.0055,0.02265));
#9567=CARTESIAN_POINT('',(0.0102,-0.0055,0.02265));
#9568=CARTESIAN_POINT('',(0.0102,-0.0055,0.02465));
#9569=CARTESIAN_POINT('',(0.,-0.0055,0.02465));
#9570=CARTESIAN_POINT('',(-0.0102,-0.0055,0.02465));
#9571=CARTESIAN_POINT('',(-0.0102,-0.0055,0.02265));
#9572=CARTESIAN_POINT('',(-0.0122,-0.0055,0.02265));
#9573=CARTESIAN_POINT('',(-0.0122,-0.0055,0.00215));
#9574=CARTESIAN_POINT('',(-0.0122,-0.0055,-0.01835));
#9575=CARTESIAN_POINT('',(-0.00415,-0.0055,-0.01835));
#9576=CARTESIAN_POINT('',(0.0039,-0.0055,-0.01835));
#9577=CARTESIAN_POINT('',(0.0039,-0.0055,-0.01585));
#9578=CARTESIAN_POINT('',(0.0039,-0.0055,-0.01335));
#9579=CARTESIAN_POINT('',(0.0069,-0.0055,-0.01335));
#9580=CARTESIAN_POINT('',(-0.005,-0.0055,0.0044));
#9581=CARTESIAN_POINT('',(-0.00675,-0.0055,0.0044));
#9582=CARTESIAN_POINT('',(-0.00325,-0.0055,0.0044));
#9583=CARTESIAN_POINT('',(-0.00325,-0.0055,0.00315));
#9584=CARTESIAN_POINT('',(-0.00325,-0.0055,0.0019));
#9585=CARTESIAN_POINT('',(-0.005,-0.0055,0.0019));
#9586=CARTESIAN_POINT('',(-0.00675,-0.0055,0.0019));
#9587=CARTESIAN_POINT('',(-0.00675,-0.0055,0.00215));
#9588=CARTESIAN_POINT('',(-0.00675,-0.0055,0.0024));
#9589=CARTESIAN_POINT('',(-0.00575,-0.0055,0.0024));
#9590=CARTESIAN_POINT('',(-0.00475,-0.0055,0.0024));
#9591=CARTESIAN_POINT('',(-0.00475,-0.0055,0.00265));
#9592=CARTESIAN_POINT('',(-0.00475,-0.0055,0.0029));
#9593=CARTESIAN_POINT('',(-0.00575,-0.0055,0.0029));
#9594=CARTESIAN_POINT('',(-0.00675,-0.0055,0.0029));
#9595=CARTESIAN_POINT('',(-0.00675,-0.0055,0.00315));
#9596=CARTESIAN_POINT('',(-0.00675,-0.0055,0.0034));
#9597=CARTESIAN_POINT('',(-0.00575,-0.0055,0.0034));
#9598=CARTESIAN_POINT('',(-0.00475,-0.0055,0.0034));
#9599=CARTESIAN_POINT('',(-0.00475,-0.0055,0.00365));
#9600=CARTESIAN_POINT('',(-0.00475,-0.0055,0.0039));
#9601=CARTESIAN_POINT('',(-0.00575,-0.0055,0.0039));
#9602=CARTESIAN_POINT('',(-0.00675,-0.0055,0.0039));
#9603=CARTESIAN_POINT('',(-0.00675,-0.0055,0.00415));
#9604=CARTESIAN_POINT('',(0.006,-0.0055,0.0044));
#9605=CARTESIAN_POINT('',(0.00525,-0.0055,0.0044));
#9606=CARTESIAN_POINT('',(0.00675,-0.0055,0.0044));
#9607=CARTESIAN_POINT('',(0.00675,-0.0055,0.00315));
#9608=CARTESIAN_POINT('',(0.00675,-0.0055,0.0019));
#9609=CARTESIAN_POINT('',(0.006,-0.0055,0.0019));
#9610=CARTESIAN_POINT('',(0.00525,-0.0055,0.0019));
#9611=CARTESIAN_POINT('',(0.00525,-0.0055,0.00315));
#9612=CARTESIAN_POINT('',(0.009,-0.0055,0.0044));
#9613=CARTESIAN_POINT('',(0.00725,-0.0055,0.0044));
#9614=CARTESIAN_POINT('',(0.01075,-0.0055,0.0044));
#9615=CARTESIAN_POINT('',(0.01075,-0.0055,0.00230416051337527));
#9616=CARTESIAN_POINT('',(0.01075,-0.0055,0.000208321026750553));
#9617=CARTESIAN_POINT('',(0.01,-0.0055,0.000208321026750553));
#9618=CARTESIAN_POINT('',(0.00925,-0.0055,0.000208321026750553));
#9619=CARTESIAN_POINT('',(0.00925,-0.0055,0.00205416051337527));
#9620=CARTESIAN_POINT('',(0.00925,-0.0055,0.0039));
#9621=CARTESIAN_POINT('',(0.00825,-0.0055,0.0039));
#9622=CARTESIAN_POINT('',(0.00725,-0.0055,0.0039));
#9623=CARTESIAN_POINT('',(0.00725,-0.0055,0.00415));
#9624=CARTESIAN_POINT('',(0.,-0.0055,0.00315));
#9625=CARTESIAN_POINT('',(0.0068,-0.0055,-0.00615));
#9626=CARTESIAN_POINT('',(0.0068,-0.0055,-0.00761));
#9627=CARTESIAN_POINT('',(0.0068,-0.0055,-0.00615));
#9628=CARTESIAN_POINT('',(0.0068,-0.0055,-0.00811));
#9629=CARTESIAN_POINT('',(0.,0.012,0.02665));
#9630=CARTESIAN_POINT('',(-0.0102,0.012,0.02665));
#9631=CARTESIAN_POINT('',(-0.0102,0.,0.02665));
#9632=CARTESIAN_POINT('',(-0.0102,-0.0045,0.02665));
#9633=CARTESIAN_POINT('',(0.0102,-0.0045,0.02665));
#9634=CARTESIAN_POINT('',(0.0102,-0.0045,0.02665));
#9635=CARTESIAN_POINT('',(0.0102,0.012,0.02665));
#9636=CARTESIAN_POINT('',(0.0102,0.,0.02665));
#9637=CARTESIAN_POINT('',(0.,0.,0.02665));
#9638=CARTESIAN_POINT('',(0.005,0.,0.02665));
#9639=CARTESIAN_POINT('',(0.005,-0.00035,0.02665));
#9640=CARTESIAN_POINT('',(0.005,-0.0007,0.02665));
#9641=CARTESIAN_POINT('',(0.,-0.0007,0.02665));
#9642=CARTESIAN_POINT('',(-0.005,-0.0007,0.02665));
#9643=CARTESIAN_POINT('',(-0.005,-0.00035,0.02665));
#9644=CARTESIAN_POINT('',(-0.005,0.,0.02665));
#9645=CARTESIAN_POINT('',(0.,0.,0.02665));
#9646=CARTESIAN_POINT('',(0.,0.,0.));
#9647=CARTESIAN_POINT('',(-0.00415,0.,-0.02035));
#9648=CARTESIAN_POINT('',(-0.0132,0.,-0.02035));
#9649=CARTESIAN_POINT('',(0.0049,0.,-0.02035));
#9650=CARTESIAN_POINT('',(-0.0132,0.,-0.01935));
#9651=CARTESIAN_POINT('',(-0.0142,0.,-0.01935));
#9652=CARTESIAN_POINT('',(-0.0142,0.,0.00115));
#9653=CARTESIAN_POINT('',(-0.0142,0.,0.02265));
#9654=CARTESIAN_POINT('',(-0.0102,0.,0.02265));
#9655=CARTESIAN_POINT('',(-0.005,0.,0.02565));
#9656=CARTESIAN_POINT('',(-0.005,0.,0.02595));
#9657=CARTESIAN_POINT('',(0.,0.,0.02595));
#9658=CARTESIAN_POINT('',(-0.0102,0.,0.02595));
#9659=CARTESIAN_POINT('',(-0.0102,0.,0.02265));
#9660=CARTESIAN_POINT('',(-0.0135,-2.16840434497101E-19,0.01515));
#9661=CARTESIAN_POINT('',(-0.0135,-2.16840434497101E-19,-0.00885));
#9662=CARTESIAN_POINT('',(-0.00415,0.,-0.01965));
#9663=CARTESIAN_POINT('',(0.0052,0.,-0.01965));
#9664=CARTESIAN_POINT('',(0.0052,0.,-0.01565));
#9665=CARTESIAN_POINT('',(0.0052,0.,-0.01165));
#9666=CARTESIAN_POINT('',(0.00935,0.,-0.01165));
#9667=CARTESIAN_POINT('',(0.0135,-2.16840434497101E-19,-0.00885));
#9668=CARTESIAN_POINT('',(0.0135,-2.16840434497101E-19,0.01515));
#9669=CARTESIAN_POINT('',(0.0102,0.,0.02265));
#9670=CARTESIAN_POINT('',(0.0102,0.,0.02595));
#9671=CARTESIAN_POINT('',(0.,0.,0.02595));
#9672=CARTESIAN_POINT('',(0.005,0.,0.02595));
#9673=CARTESIAN_POINT('',(0.005,0.,0.02565));
#9674=CARTESIAN_POINT('',(0.0102,0.,0.02265));
#9675=CARTESIAN_POINT('',(0.0142,0.,0.02265));
#9676=CARTESIAN_POINT('',(0.0142,0.,0.00515));
#9677=CARTESIAN_POINT('',(0.0142,0.,-0.01135));
#9678=CARTESIAN_POINT('',(0.0132,0.,-0.01135));
#9679=CARTESIAN_POINT('',(0.0132,0.,-0.01235));
#9680=CARTESIAN_POINT('',(0.01005,0.,-0.01235));
#9681=CARTESIAN_POINT('',(0.0069,0.,-0.01235));
#9682=CARTESIAN_POINT('',(0.0069,0.,-0.01335));
#9683=CARTESIAN_POINT('',(0.0059,0.,-0.01335));
#9684=CARTESIAN_POINT('',(0.0059,0.,-0.01635));
#9685=CARTESIAN_POINT('',(0.0059,0.,-0.01935));
#9686=CARTESIAN_POINT('',(0.0049,0.,-0.01935));
#9687=CARTESIAN_POINT('',(-0.0142,0.012,0.00115));
#9688=CARTESIAN_POINT('',(-0.0142,0.012,-0.01935));
#9689=CARTESIAN_POINT('',(-0.0142,-0.0045,-0.01935));
#9690=CARTESIAN_POINT('',(-0.0142,-0.0045,0.02265));
#9691=CARTESIAN_POINT('',(-0.0142,-0.0045,0.02265));
#9692=CARTESIAN_POINT('',(-0.0142,0.012,0.02265));
#9693=CARTESIAN_POINT('',(-0.0102,0.012,0.02265));
#9694=CARTESIAN_POINT('',(-0.0102,-0.0045,0.02265));
#9695=CARTESIAN_POINT('',(0.0102,0.012,0.02265));
#9696=CARTESIAN_POINT('',(0.0102,-0.0045,0.02265));
#9697=CARTESIAN_POINT('',(0.0142,-0.0045,0.02265));
#9698=CARTESIAN_POINT('',(0.0142,0.012,0.02265));
#9699=CARTESIAN_POINT('',(0.01005,0.012,-0.01235));
#9700=CARTESIAN_POINT('',(0.0132,0.012,-0.01235));
#9701=CARTESIAN_POINT('',(0.0132,-0.0045,-0.01235));
#9702=CARTESIAN_POINT('',(0.0059,-0.0045,-0.01235));
#9703=CARTESIAN_POINT('',(0.0069,-0.0045,-0.01235));
#9704=CARTESIAN_POINT('',(0.0069,0.,-0.01235));
#9705=CARTESIAN_POINT('',(0.0059,0.012,-0.01635));
#9706=CARTESIAN_POINT('',(0.0059,-0.0045,-0.02035));
#9707=CARTESIAN_POINT('',(0.0059,-0.0045,-0.01335));
#9708=CARTESIAN_POINT('',(0.0059,-0.0045,-0.01935));
#9709=CARTESIAN_POINT('',(0.0059,0.012,-0.01935));
#9710=CARTESIAN_POINT('',(0.0059,-0.0055,-0.01335));
#9711=CARTESIAN_POINT('',(0.0142,0.012,0.00515));
#9712=CARTESIAN_POINT('',(0.0142,-0.0045,-0.01235));
#9713=CARTESIAN_POINT('',(0.0142,-0.0045,-0.01135));
#9714=CARTESIAN_POINT('',(0.0142,0.012,-0.01135));
#9715=CARTESIAN_POINT('',(-0.00415,0.012,-0.02035));
#9716=CARTESIAN_POINT('',(-0.0142,-0.0045,-0.02035));
#9717=CARTESIAN_POINT('',(0.0049,-0.0045,-0.02035));
#9718=CARTESIAN_POINT('',(-0.0132,-0.0045,-0.02035));
#9719=CARTESIAN_POINT('',(-0.0132,0.012,-0.02035));
#9720=CARTESIAN_POINT('',(0.0049,0.012,-0.02035));
#9721=CARTESIAN_POINT('',(0.00935,-0.002,-0.01165));
#9722=CARTESIAN_POINT('',(0.0052,-0.002,-0.01165));
#9723=CARTESIAN_POINT('',(0.0052,-0.002,-0.01165));
#9724=CARTESIAN_POINT('',(0.00935,-0.002,-0.01165));
#9725=CARTESIAN_POINT('',(0.0052,-0.002,-0.01565));
#9726=CARTESIAN_POINT('',(0.0052,-0.002,-0.01965));
#9727=CARTESIAN_POINT('',(0.0052,-0.002,-0.01965));
#9728=CARTESIAN_POINT('',(0.0052,-0.002,-0.01565));
#9729=CARTESIAN_POINT('',(-0.00415,-0.002,-0.01965));
#9730=CARTESIAN_POINT('',(-0.00415,-0.002,-0.01965));
#9731=CARTESIAN_POINT('',(-0.0102,-0.002,0.02265));
#9732=CARTESIAN_POINT('',(-0.0102,-0.002,0.02595));
#9733=CARTESIAN_POINT('',(-0.0102,-0.002,0.02595));
#9734=CARTESIAN_POINT('',(-0.0102,-0.002,0.02265));
#9735=CARTESIAN_POINT('',(0.,-0.002,0.02595));
#9736=CARTESIAN_POINT('',(-0.005,-0.002,0.02595));
#9737=CARTESIAN_POINT('',(-0.005,-0.0007,0.02595));
#9738=CARTESIAN_POINT('',(0.,-0.0007,0.02595));
#9739=CARTESIAN_POINT('',(0.005,-0.0007,0.02595));
#9740=CARTESIAN_POINT('',(0.005,-0.002,0.02595));
#9741=CARTESIAN_POINT('',(0.0102,-0.002,0.02595));
#9742=CARTESIAN_POINT('',(0.0102,-0.002,0.02595));
#9743=CARTESIAN_POINT('',(0.,-0.002,0.02595));
#9744=CARTESIAN_POINT('',(0.0102,-0.002,0.02265));
#9745=CARTESIAN_POINT('',(0.0102,-0.002,0.02265));
#9746=CARTESIAN_POINT('',(0.,-0.002,0.00315));
#9747=CARTESIAN_POINT('',(0.0102,-0.002,0.02265));
#9748=CARTESIAN_POINT('',(0.0102,-0.002,0.02515));
#9749=CARTESIAN_POINT('',(0.0127,-0.002,0.02265));
#9750=CARTESIAN_POINT('',(0.,-0.002,0.02515));
#9751=CARTESIAN_POINT('',(-0.0102,-0.002,0.02515));
#9752=CARTESIAN_POINT('',(-0.0102,-0.002,0.02265));
#9753=CARTESIAN_POINT('',(-0.0127,-0.002,0.02265));
#9754=CARTESIAN_POINT('',(-0.0127,-0.002,0.00115));
#9755=CARTESIAN_POINT('',(-0.0127,-0.002,-0.01885));
#9756=CARTESIAN_POINT('',(-0.00415,-0.002,-0.01885));
#9757=CARTESIAN_POINT('',(0.0044,-0.002,-0.01885));
#9758=CARTESIAN_POINT('',(0.0044,-0.002,-0.01635));
#9759=CARTESIAN_POINT('',(0.0044,-0.002,-0.01085));
#9760=CARTESIAN_POINT('',(0.01005,-0.002,-0.01085));
#9761=CARTESIAN_POINT('',(0.0127,-0.002,-0.01085));
#9762=CARTESIAN_POINT('',(0.0127,-0.002,0.00515));
#9763=CARTESIAN_POINT('',(0.,-0.004,0.00315));
#9764=CARTESIAN_POINT('',(0.,-0.004,-0.01785));
#9765=CARTESIAN_POINT('',(0.0034,-0.004,-0.01785));
#9766=CARTESIAN_POINT('',(-0.0117,-0.004,-0.01785));
#9767=CARTESIAN_POINT('',(-0.0117,-0.004,0.00315));
#9768=CARTESIAN_POINT('',(-0.0117,-0.004,0.02265));
#9769=CARTESIAN_POINT('',(-0.0102,-0.004,0.02265));
#9770=CARTESIAN_POINT('',(-0.0102,-0.004,0.02415));
#9771=CARTESIAN_POINT('',(0.,-0.004,0.02415));
#9772=CARTESIAN_POINT('',(0.0102,-0.004,0.02415));
#9773=CARTESIAN_POINT('',(0.0102,-0.004,0.02265));
#9774=CARTESIAN_POINT('',(0.0117,-0.004,0.02265));
#9775=CARTESIAN_POINT('',(0.0117,-0.004,0.00315));
#9776=CARTESIAN_POINT('',(0.0117,-0.004,-0.00985));
#9777=CARTESIAN_POINT('',(0.,-0.004,-0.00985));
#9778=CARTESIAN_POINT('',(0.00349332590941916,-0.004,-0.00985));
#9779=CARTESIAN_POINT('',(0.0005,-0.004,-0.00965));
#9780=CARTESIAN_POINT('',(0.0034,-0.004,-0.0104181145747869));
#9781=CARTESIAN_POINT('',(0.0034,-0.004,0.00315));
#9782=CARTESIAN_POINT('',(0.0068,-0.004,-0.00615));
#9783=CARTESIAN_POINT('',(0.0068,-0.004,-0.00761));
#9784=CARTESIAN_POINT('',(-0.00415,0.012,-0.01885));
#9785=CARTESIAN_POINT('',(-0.0127,0.012,-0.01885));
#9786=CARTESIAN_POINT('',(-0.0127,-0.003,-0.01885));
#9787=CARTESIAN_POINT('',(-0.00415,-0.003,-0.01885));
#9788=CARTESIAN_POINT('',(0.0044,-0.003,-0.01885));
#9789=CARTESIAN_POINT('',(0.0044,0.012,-0.01885));
#9790=CARTESIAN_POINT('',(0.0044,0.012,-0.01635));
#9791=CARTESIAN_POINT('',(0.0044,-0.003,-0.01635));
#9792=CARTESIAN_POINT('',(0.0044,-0.003,-0.01085));
#9793=CARTESIAN_POINT('',(0.0044,0.012,-0.01085));
#9794=CARTESIAN_POINT('',(0.0127,0.012,0.00515));
#9795=CARTESIAN_POINT('',(0.0127,0.012,-0.01085));
#9796=CARTESIAN_POINT('',(0.0127,-0.003,-0.01085));
#9797=CARTESIAN_POINT('',(0.0127,-0.003,0.00515));
#9798=CARTESIAN_POINT('',(0.0127,-0.003,0.02265));
#9799=CARTESIAN_POINT('',(0.0127,0.012,0.02265));
#9800=CARTESIAN_POINT('',(0.01005,0.012,-0.01085));
#9801=CARTESIAN_POINT('',(0.01005,-0.003,-0.01085));
#9802=CARTESIAN_POINT('',(0.0102,0.012,0.02265));
#9803=CARTESIAN_POINT('',(0.0102,-0.003,0.02265));
#9804=CARTESIAN_POINT('',(0.0102,-0.003,0.02515));
#9805=CARTESIAN_POINT('',(0.0102,0.012,0.02515));
#9806=CARTESIAN_POINT('',(0.,0.012,0.02515));
#9807=CARTESIAN_POINT('',(0.,-0.003,0.02515));
#9808=CARTESIAN_POINT('',(-0.0102,-0.003,0.02515));
#9809=CARTESIAN_POINT('',(-0.0102,0.012,0.02515));
#9810=CARTESIAN_POINT('',(-0.0102,0.012,0.02265));
#9811=CARTESIAN_POINT('',(-0.0102,-0.003,0.02265));
#9812=CARTESIAN_POINT('',(-0.0127,-0.003,0.02265));
#9813=CARTESIAN_POINT('',(-0.0127,0.012,0.02265));
#9814=CARTESIAN_POINT('',(-0.0127,0.012,0.00115));
#9815=CARTESIAN_POINT('',(-0.0127,-0.003,0.00115));
#9816=CARTESIAN_POINT('',(0.0068,2.00000000000027E-6,-0.00615));
#9817=CARTESIAN_POINT('',(-0.005,-0.00035,0.02565));
#9818=CARTESIAN_POINT('',(-0.005,-0.0007,0.02565));
#9819=CARTESIAN_POINT('',(0.,-0.0007,0.02565));
#9820=CARTESIAN_POINT('',(0.005,-0.0007,0.02565));
#9821=CARTESIAN_POINT('',(0.005,-0.00035,0.02565));
#9822=CARTESIAN_POINT('',(-0.1538,0.00049,0.08085));
#9823=CARTESIAN_POINT('',(0.0005,0.000489999999999979,-0.00965));
#9824=CARTESIAN_POINT('',(0.0005,0.000489999999999979,-0.01165));
#9825=CARTESIAN_POINT('',(0.0005,0.255717621135332,-0.00965));
#9826=CARTESIAN_POINT('',(0.0005,-0.003,-0.00965));
#9827=CARTESIAN_POINT('',(0.0005,-0.003,-0.01165));
#9828=CARTESIAN_POINT('',(0.,-0.003,0.02415));
#9829=CARTESIAN_POINT('',(-0.0102,-0.003,0.02415));
#9830=CARTESIAN_POINT('',(0.0102,-0.003,0.02415));
#9831=CARTESIAN_POINT('',(0.0102,-0.003,0.02265));
#9832=CARTESIAN_POINT('',(0.0117,-0.003,0.02265));
#9833=CARTESIAN_POINT('',(-0.0102,-0.003,0.02265));
#9834=CARTESIAN_POINT('',(-0.0117,-0.003,0.02265));
#9835=CARTESIAN_POINT('',(0.0117,-0.003,0.00315));
#9836=CARTESIAN_POINT('',(0.0117,-0.003,-0.00985));
#9837=CARTESIAN_POINT('',(-0.0117,-0.003,0.00315));
#9838=CARTESIAN_POINT('',(-0.0117,-0.003,-0.01785));
#9839=CARTESIAN_POINT('',(0.,-0.003,-0.00985));
#9840=CARTESIAN_POINT('',(0.00349332590941916,-0.004,-0.00985));
#9841=CARTESIAN_POINT('',(0.00347724387971217,-0.004,-0.00986503173798191));
#9842=CARTESIAN_POINT('',(0.00346110702745823,-0.00399966066621058,-0.00988001676592719));
#9843=CARTESIAN_POINT('',(0.00344491659829488,-0.00399899074029623,-0.0098949165982949));
#9844=CARTESIAN_POINT('',(0.00344491659829485,-0.00399899074029623,-0.00989491659829487));
#9845=CARTESIAN_POINT('',(0.0034,-0.003,-0.00985));
#9846=CARTESIAN_POINT('',(0.0005,-0.003,-0.00965));
#9847=CARTESIAN_POINT('',(0.00344491659829489,-0.00399899074029623,-0.00989491659829487));
#9848=CARTESIAN_POINT('',(0.00343765095484189,-0.00399931741798719,-0.0100699447371434));
#9849=CARTESIAN_POINT('',(0.00342241871652189,-0.00400000000000005,-0.0102445123144871));
#9850=CARTESIAN_POINT('',(0.0034,-0.00400000000000005,-0.0104181145747869));
#9851=CARTESIAN_POINT('',(0.,-0.003,-0.01785));
#9852=CARTESIAN_POINT('',(0.0034,-0.003,-0.01785));
#9853=CARTESIAN_POINT('',(0.0034,-0.003,0.00315));
#9854=CARTESIAN_POINT('',(0.0132,0.012,-0.01135));
#9855=CARTESIAN_POINT('',(0.0132,-0.0045,-0.01135));
#9856=CARTESIAN_POINT('',(0.0132,-0.0045,-0.01135));
#9857=CARTESIAN_POINT('',(0.0132,-0.0045,-0.01135));
#9858=CARTESIAN_POINT('',(0.0132,-0.0055,-0.01135));
#9859=CARTESIAN_POINT('',(0.0132,-0.0045,-0.01135));
#9860=CARTESIAN_POINT('',(0.0132,-0.0045,0.00515));
#9861=CARTESIAN_POINT('',(0.0132,-0.0045,0.02265));
#9862=CARTESIAN_POINT('',(0.0132,-0.0055,0.02265));
#9863=CARTESIAN_POINT('',(0.0132,-0.0055,0.02265));
#9864=CARTESIAN_POINT('',(0.01005,-0.0045,-0.01135));
#9865=CARTESIAN_POINT('',(0.0142,-0.0055,-0.01135));
#9866=CARTESIAN_POINT('',(0.0069,-0.0055,-0.01135));
#9867=CARTESIAN_POINT('',(0.0069,-0.0045,-0.01135));
#9868=CARTESIAN_POINT('',(0.0069,0.012,-0.01335));
#9869=CARTESIAN_POINT('',(0.0069,-0.0045,-0.01335));
#9870=CARTESIAN_POINT('',(0.0102,-0.0045,0.02265));
#9871=CARTESIAN_POINT('',(0.0102,-0.0045,0.02565));
#9872=CARTESIAN_POINT('',(0.0102,-0.0055,0.02565));
#9873=CARTESIAN_POINT('',(0.0102,-0.0055,0.02265));
#9874=CARTESIAN_POINT('',(0.0069,-0.0045,-0.01335));
#9875=CARTESIAN_POINT('',(0.0069,-0.0055,-0.01335));
#9876=CARTESIAN_POINT('',(0.0049,-0.0055,-0.01335));
#9877=CARTESIAN_POINT('',(0.0049,-0.0045,-0.01335));
#9878=CARTESIAN_POINT('',(0.,-0.0045,0.02565));
#9879=CARTESIAN_POINT('',(-0.0102,-0.0045,0.02565));
#9880=CARTESIAN_POINT('',(-0.0102,-0.0055,0.02565));
#9881=CARTESIAN_POINT('',(-0.0102,-0.0055,0.02565));
#9882=CARTESIAN_POINT('',(0.0049,-0.0045,-0.01635));
#9883=CARTESIAN_POINT('',(0.0049,-0.0055,-0.01235));
#9884=CARTESIAN_POINT('',(0.0049,-0.0055,-0.01935));
#9885=CARTESIAN_POINT('',(0.0049,-0.0045,-0.01935));
#9886=CARTESIAN_POINT('',(0.0049,0.012,-0.01935));
#9887=CARTESIAN_POINT('',(0.0049,-0.0045,-0.01935));
#9888=CARTESIAN_POINT('',(-0.0102,-0.0045,0.02265));
#9889=CARTESIAN_POINT('',(-0.0132,-0.0045,0.02265));
#9890=CARTESIAN_POINT('',(-0.0132,-0.0055,0.02265));
#9891=CARTESIAN_POINT('',(-0.0102,-0.0055,0.02265));
#9892=CARTESIAN_POINT('',(0.0049,-0.0045,-0.01935));
#9893=CARTESIAN_POINT('',(0.0049,-0.0045,-0.01935));
#9894=CARTESIAN_POINT('',(-0.0132,-0.0045,0.00115));
#9895=CARTESIAN_POINT('',(-0.0132,-0.0045,-0.01935));
#9896=CARTESIAN_POINT('',(-0.0132,-0.0055,-0.01935));
#9897=CARTESIAN_POINT('',(-0.0132,-0.0055,-0.02035));
#9898=CARTESIAN_POINT('',(-0.00415,-0.0045,-0.01935));
#9899=CARTESIAN_POINT('',(0.0059,-0.0055,-0.01935));
#9900=CARTESIAN_POINT('',(-0.0132,-0.0045,-0.01935));
#9901=CARTESIAN_POINT('',(-0.0132,-0.0045,-0.01935));
#9902=CARTESIAN_POINT('',(-0.0132,-0.0045,-0.01935));
#9903=CARTESIAN_POINT('',(-0.0132,0.012,-0.01935));
#9904=CARTESIAN_POINT('',(0.,-0.0042,0.00315));
#9905=CARTESIAN_POINT('',(-0.0102,-0.0042,0.02565));
#9906=CARTESIAN_POINT('',(-0.0102,-0.0042,0.02565));
#9907=CARTESIAN_POINT('',(0.0102,-0.0042,0.02565));
#9908=CARTESIAN_POINT('',(-0.0102,-0.0042,0.02265));
#9909=CARTESIAN_POINT('',(-0.0132,-0.0042,0.02265));
#9910=CARTESIAN_POINT('',(-0.0132,-0.0042,-0.02035));
#9911=CARTESIAN_POINT('',(-0.0132,-0.0042,-0.01935));
#9912=CARTESIAN_POINT('',(0.0059,-0.0042,-0.01935));
#9913=CARTESIAN_POINT('',(0.0049,-0.0042,-0.01935));
#9914=CARTESIAN_POINT('',(0.0049,-0.0042,-0.01235));
#9915=CARTESIAN_POINT('',(0.0049,-0.0042,-0.01335));
#9916=CARTESIAN_POINT('',(0.0069,-0.0042,-0.01335));
#9917=CARTESIAN_POINT('',(0.0069,-0.0042,-0.01135));
#9918=CARTESIAN_POINT('',(0.0142,-0.0042,-0.01135));
#9919=CARTESIAN_POINT('',(0.0132,-0.0042,-0.01135));
#9920=CARTESIAN_POINT('',(0.0132,-0.0042,0.02265));
#9921=CARTESIAN_POINT('',(0.0132,-0.0042,0.02265));
#9922=CARTESIAN_POINT('',(0.0102,-0.0042,0.02265));
#9923=CARTESIAN_POINT('',(0.0102,-0.0042,0.02265));
#9924=CARTESIAN_POINT('',(0.0102,-0.0042,0.02465));
#9925=CARTESIAN_POINT('',(0.0122,-0.0042,0.02265));
#9926=CARTESIAN_POINT('',(0.0122,-0.0042,0.00615));
#9927=CARTESIAN_POINT('',(0.0122,-0.0042,-0.01035));
#9928=CARTESIAN_POINT('',(0.00955,-0.0042,-0.01035));
#9929=CARTESIAN_POINT('',(0.0069,-0.0042,-0.01035));
#9930=CARTESIAN_POINT('',(0.0069,-0.0042,-0.01335));
#9931=CARTESIAN_POINT('',(0.0039,-0.0042,-0.01335));
#9932=CARTESIAN_POINT('',(0.0039,-0.0042,-0.01585));
#9933=CARTESIAN_POINT('',(0.0039,-0.0042,-0.01835));
#9934=CARTESIAN_POINT('',(-0.00415,-0.0042,-0.01835));
#9935=CARTESIAN_POINT('',(-0.0122,-0.0042,-0.01835));
#9936=CARTESIAN_POINT('',(-0.0122,-0.0042,0.00215));
#9937=CARTESIAN_POINT('',(-0.0122,-0.0042,0.02265));
#9938=CARTESIAN_POINT('',(-0.0102,-0.0042,0.02265));
#9939=CARTESIAN_POINT('',(-0.0102,-0.0042,0.02465));
#9940=CARTESIAN_POINT('',(0.,-0.0042,0.02465));
#9941=CARTESIAN_POINT('',(0.0102,0.254117621135332,0.02265));
#9942=CARTESIAN_POINT('',(0.0132,0.254117621135332,0.02265));
#9943=CARTESIAN_POINT('',(0.0102,0.254117621135332,0.02565));
#9944=CARTESIAN_POINT('',(0.0102,0.254117621135332,0.02265));
#9945=CARTESIAN_POINT('',(0.0102,0.254117621135332,0.02465));
#9946=CARTESIAN_POINT('',(0.0122,0.254117621135332,0.02265));
#9947=CARTESIAN_POINT('',(0.,0.254117621135332,0.02465));
#9948=CARTESIAN_POINT('',(-0.0102,0.254117621135332,0.02465));
#9949=CARTESIAN_POINT('',(-0.0102,0.254117621135332,0.02265));
#9950=CARTESIAN_POINT('',(-0.0122,0.254117621135332,0.02265));
#9951=CARTESIAN_POINT('',(-0.0122,0.254117621135332,0.00215));
#9952=CARTESIAN_POINT('',(-0.0122,0.254117621135332,-0.01835));
#9953=CARTESIAN_POINT('',(-0.00415,0.254117621135332,-0.01835));
#9954=CARTESIAN_POINT('',(0.0039,0.254117621135332,-0.01835));
#9955=CARTESIAN_POINT('',(0.0039,0.254117621135332,-0.01585));
#9956=CARTESIAN_POINT('',(0.0039,0.254117621135332,-0.01335));
#9957=CARTESIAN_POINT('',(0.0069,0.254117621135332,-0.01335));
#9958=CARTESIAN_POINT('',(0.0069,0.254117621135332,-0.01035));
#9959=CARTESIAN_POINT('',(0.00955,0.254117621135332,-0.01035));
#9960=CARTESIAN_POINT('',(0.0122,0.254117621135332,-0.01035));
#9961=CARTESIAN_POINT('',(0.0122,0.254117621135332,0.00615));
#9962=CARTESIAN_POINT('',(0.0132,0.254117621135332,0.02265));
#9963=CARTESIAN_POINT('',(0.0132,0.254117621135332,-0.01135));
#9964=CARTESIAN_POINT('',(0.0142,0.254117621135332,-0.01135));
#9965=CARTESIAN_POINT('',(0.0069,0.254117621135332,-0.01135));
#9966=CARTESIAN_POINT('',(0.0069,0.254117621135332,-0.01335));
#9967=CARTESIAN_POINT('',(0.0049,0.254117621135332,-0.01335));
#9968=CARTESIAN_POINT('',(0.0049,0.254117621135332,-0.01235));
#9969=CARTESIAN_POINT('',(0.0049,0.254117621135332,-0.01935));
#9970=CARTESIAN_POINT('',(0.0059,0.254117621135332,-0.01935));
#9971=CARTESIAN_POINT('',(-0.0132,0.254117621135332,-0.01935));
#9972=CARTESIAN_POINT('',(-0.0132,0.254117621135332,-0.02035));
#9973=CARTESIAN_POINT('',(-0.0132,0.254117621135332,0.02265));
#9974=CARTESIAN_POINT('',(-0.0102,0.254117621135332,0.02265));
#9975=CARTESIAN_POINT('',(-0.0102,0.254117621135332,0.02565));
#9976=CARTESIAN_POINT('',(-0.0102,0.254117621135332,0.02565));
#9977=CARTESIAN_POINT('',(0.,-0.0042,0.00315));
#9978=CARTESIAN_POINT('',(0.0068,-0.0042,-0.00615));
#9979=CARTESIAN_POINT('',(0.0068,-0.0042,-0.00891));
#9980=CARTESIAN_POINT('',(0.0068,-0.0042,-0.00615));
#9981=CARTESIAN_POINT('',(0.0068,-0.0042,-0.00811));
#9982=CARTESIAN_POINT('',(0.0068,0.254117621135332,-0.00615));
#9983=CARTESIAN_POINT('',(0.0068,0.254117621135332,-0.00615));
#9984=CARTESIAN_POINT('',(-0.00775,0.254117621135332,0.00326977792641161));
#9985=CARTESIAN_POINT('',(-0.00775,-0.0042,0.00326977792641161));
#9986=CARTESIAN_POINT('',(-0.00825,-0.0042,0.00374598623334544));
#9987=CARTESIAN_POINT('',(-0.00725,-0.0042,0.00279356961947776));
#9988=CARTESIAN_POINT('',(-0.00725,0.254117621135332,0.00279356961947776));
#9989=CARTESIAN_POINT('',(-0.00825,0.254117621135332,0.00374598623334544));
#9990=CARTESIAN_POINT('',(-0.00825,0.254117621135332,0.00407299311667272));
#9991=CARTESIAN_POINT('',(-0.00825,-0.0042,0.00407299311667272));
#9992=CARTESIAN_POINT('',(-0.00825,-0.0042,0.0044));
#9993=CARTESIAN_POINT('',(-0.00825,0.254117621135332,0.0044));
#9994=CARTESIAN_POINT('',(-0.009,0.254117621135332,0.0044));
#9995=CARTESIAN_POINT('',(-0.009,-0.0042,0.0044));
#9996=CARTESIAN_POINT('',(-0.00975,-0.0042,0.0044));
#9997=CARTESIAN_POINT('',(-0.00975,0.254117621135332,0.0044));
#9998=CARTESIAN_POINT('',(-0.00975,0.254117621135332,0.00407299311667272));
#9999=CARTESIAN_POINT('',(-0.00975,-0.0042,0.00407299311667272));
#10000=CARTESIAN_POINT('',(-0.00975,-0.0042,0.00374598623334545));
#10001=CARTESIAN_POINT('',(-0.00975,0.254117621135332,0.00374598623334545));
#10002=CARTESIAN_POINT('',(-0.01025,0.254117621135332,0.00326977792641161));
#10003=CARTESIAN_POINT('',(-0.01025,-0.0042,0.00326977792641161));
#10004=CARTESIAN_POINT('',(-0.01075,-0.0042,0.00279356961947776));
#10005=CARTESIAN_POINT('',(-0.01075,0.254117621135332,0.00279356961947776));
#10006=CARTESIAN_POINT('',(-0.01075,0.254117621135332,0.00234678480973888));
#10007=CARTESIAN_POINT('',(-0.01075,-0.0042,0.00234678480973888));
#10008=CARTESIAN_POINT('',(-0.01075,-0.0042,0.0019));
#10009=CARTESIAN_POINT('',(-0.01075,0.254117621135332,0.0019));
#10010=CARTESIAN_POINT('',(-0.0104306999449719,0.254117621135332,0.0019));
#10011=CARTESIAN_POINT('',(-0.0104306999449719,-0.0042,0.0019));
#10012=CARTESIAN_POINT('',(-0.0101113998899438,-0.0042,0.0019));
#10013=CARTESIAN_POINT('',(-0.0101113998899438,0.254117621135332,0.0019));
#10014=CARTESIAN_POINT('',(-0.0095556999449719,0.254117621135332,0.00242925785991658));
#10015=CARTESIAN_POINT('',(-0.0095556999449719,-0.0042,0.00242925785991658));
#10016=CARTESIAN_POINT('',(-0.009,-0.0042,0.00295851571983317));
#10017=CARTESIAN_POINT('',(-0.009,0.254117621135332,0.00295851571983317));
#10018=CARTESIAN_POINT('',(-0.00844430005502811,0.254117621135332,0.00242925785991658));
#10019=CARTESIAN_POINT('',(-0.00844430005502811,-0.0042,0.00242925785991658));
#10020=CARTESIAN_POINT('',(-0.00788860011005621,-0.0042,0.0019));
#10021=CARTESIAN_POINT('',(-0.00788860011005621,0.254117621135332,0.0019));
#10022=CARTESIAN_POINT('',(-0.00756930005502811,0.254117621135332,0.0019));
#10023=CARTESIAN_POINT('',(-0.00756930005502811,-0.0042,0.0019));
#10024=CARTESIAN_POINT('',(-0.00725,-0.0042,0.0019));
#10025=CARTESIAN_POINT('',(-0.00725,0.254117621135332,0.0019));
#10026=CARTESIAN_POINT('',(-0.00725,0.254117621135332,0.00234678480973888));
#10027=CARTESIAN_POINT('',(-0.00725,-0.0042,0.00234678480973888));
#10028=CARTESIAN_POINT('',(0.,-0.0042,0.00315));
#10029=CARTESIAN_POINT('',(-0.00325,0.254117621135332,0.00315));
#10030=CARTESIAN_POINT('',(-0.00325,0.254117621135332,0.0019));
#10031=CARTESIAN_POINT('',(-0.00325,-0.0042,0.0019));
#10032=CARTESIAN_POINT('',(-0.00325,0.254117621135332,0.0044));
#10033=CARTESIAN_POINT('',(-0.00325,-0.0042,0.0044));
#10034=CARTESIAN_POINT('',(-0.00325,-0.0042,0.00315));
#10035=CARTESIAN_POINT('',(-0.005,0.254117621135332,0.0044));
#10036=CARTESIAN_POINT('',(-0.00675,0.254117621135332,0.0044));
#10037=CARTESIAN_POINT('',(-0.00675,-0.0042,0.0044));
#10038=CARTESIAN_POINT('',(-0.005,-0.0042,0.0044));
#10039=CARTESIAN_POINT('',(-0.00675,0.254117621135332,0.00415));
#10040=CARTESIAN_POINT('',(-0.00675,0.254117621135332,0.0039));
#10041=CARTESIAN_POINT('',(-0.00675,-0.0042,0.0039));
#10042=CARTESIAN_POINT('',(-0.00675,-0.0042,0.00415));
#10043=CARTESIAN_POINT('',(-0.00575,0.254117621135332,0.0039));
#10044=CARTESIAN_POINT('',(-0.00475,0.254117621135332,0.0039));
#10045=CARTESIAN_POINT('',(-0.00475,-0.0042,0.0039));
#10046=CARTESIAN_POINT('',(-0.00575,-0.0042,0.0039));
#10047=CARTESIAN_POINT('',(-0.00475,0.254117621135332,0.00365));
#10048=CARTESIAN_POINT('',(-0.00475,0.254117621135332,0.0034));
#10049=CARTESIAN_POINT('',(-0.00475,-0.0042,0.0034));
#10050=CARTESIAN_POINT('',(-0.00475,-0.0042,0.00365));
#10051=CARTESIAN_POINT('',(-0.00575,0.254117621135332,0.0034));
#10052=CARTESIAN_POINT('',(-0.00675,0.254117621135332,0.0034));
#10053=CARTESIAN_POINT('',(-0.00675,-0.0042,0.0034));
#10054=CARTESIAN_POINT('',(-0.00575,-0.0042,0.0034));
#10055=CARTESIAN_POINT('',(-0.00675,0.254117621135332,0.00315));
#10056=CARTESIAN_POINT('',(-0.00675,0.254117621135332,0.0029));
#10057=CARTESIAN_POINT('',(-0.00675,-0.0042,0.0029));
#10058=CARTESIAN_POINT('',(-0.00675,-0.0042,0.00315));
#10059=CARTESIAN_POINT('',(-0.00575,0.254117621135332,0.0029));
#10060=CARTESIAN_POINT('',(-0.00575,-0.0042,0.0029));
#10061=CARTESIAN_POINT('',(-0.00475,-0.0042,0.0029));
#10062=CARTESIAN_POINT('',(-0.00475,0.254117621135332,0.0029));
#10063=CARTESIAN_POINT('',(-0.00475,0.254117621135332,0.00265));
#10064=CARTESIAN_POINT('',(-0.00475,0.254117621135332,0.0024));
#10065=CARTESIAN_POINT('',(-0.00475,-0.0042,0.0024));
#10066=CARTESIAN_POINT('',(-0.00475,-0.0042,0.00265));
#10067=CARTESIAN_POINT('',(-0.005,0.254117621135332,0.0019));
#10068=CARTESIAN_POINT('',(-0.00675,0.254117621135332,0.0019));
#10069=CARTESIAN_POINT('',(-0.00675,-0.0042,0.0019));
#10070=CARTESIAN_POINT('',(-0.005,-0.0042,0.0019));
#10071=CARTESIAN_POINT('',(-0.00575,0.254117621135332,0.0024));
#10072=CARTESIAN_POINT('',(-0.00675,0.254117621135332,0.0024));
#10073=CARTESIAN_POINT('',(-0.00675,-0.0042,0.0024));
#10074=CARTESIAN_POINT('',(-0.00575,-0.0042,0.0024));
#10075=CARTESIAN_POINT('',(-0.00675,0.254117621135332,0.00215));
#10076=CARTESIAN_POINT('',(-0.00675,-0.0042,0.00215));
#10077=CARTESIAN_POINT('',(0.,-0.0042,0.00315));
#10078=CARTESIAN_POINT('',(0.00075,0.254117621135332,0.00315));
#10079=CARTESIAN_POINT('',(0.00075,-0.0042,0.00315));
#10080=CARTESIAN_POINT('',(0.00075,-0.0042,0.0044));
#10081=CARTESIAN_POINT('',(0.00075,-0.0042,0.0019));
#10082=CARTESIAN_POINT('',(0.00075,0.254117621135332,0.0019));
#10083=CARTESIAN_POINT('',(0.00075,0.254117621135332,0.0044));
#10084=CARTESIAN_POINT('',(-5.42101086242752E-19,0.254117621135332,0.0044));
#10085=CARTESIAN_POINT('',(-5.42101086242752E-19,-0.0042,0.0044));
#10086=CARTESIAN_POINT('',(-0.00075,-0.0042,0.0044));
#10087=CARTESIAN_POINT('',(-0.00075,0.254117621135332,0.0044));
#10088=CARTESIAN_POINT('',(-0.00075,0.254117621135332,0.00404565003733524));
#10089=CARTESIAN_POINT('',(-0.00075,-0.0042,0.00404565003733524));
#10090=CARTESIAN_POINT('',(-0.00075,-0.0042,0.00369130007467048));
#10091=CARTESIAN_POINT('',(-0.00075,0.254117621135332,0.00369130007467048));
#10092=CARTESIAN_POINT('',(-0.00143069994497189,0.254117621135332,0.00404565003733524));
#10093=CARTESIAN_POINT('',(-0.00211139988994379,0.254117621135332,0.0044));
#10094=CARTESIAN_POINT('',(-0.00211139988994379,-0.0042,0.0044));
#10095=CARTESIAN_POINT('',(-0.00143069994497189,-0.0042,0.00404565003733524));
#10096=CARTESIAN_POINT('',(-0.00243069994497189,0.254117621135332,0.0044));
#10097=CARTESIAN_POINT('',(-0.00275,0.254117621135332,0.0044));
#10098=CARTESIAN_POINT('',(-0.00275,-0.0042,0.0044));
#10099=CARTESIAN_POINT('',(-0.00243069994497189,-0.0042,0.0044));
#10100=CARTESIAN_POINT('',(-0.00275,0.254117621135332,0.00395321519026111));
#10101=CARTESIAN_POINT('',(-0.00275,0.254117621135332,0.00350643038052222));
#10102=CARTESIAN_POINT('',(-0.00275,-0.0042,0.00350643038052222));
#10103=CARTESIAN_POINT('',(-0.00275,-0.0042,0.00395321519026111));
#10104=CARTESIAN_POINT('',(-0.00240765180475363,0.254117621135332,0.00332821519026111));
#10105=CARTESIAN_POINT('',(-0.00206530360950726,0.254117621135332,0.00315));
#10106=CARTESIAN_POINT('',(-0.00206530360950726,-0.0042,0.00315));
#10107=CARTESIAN_POINT('',(-0.00240765180475363,-0.0042,0.00332821519026111));
#10108=CARTESIAN_POINT('',(-0.00240765180475363,0.254117621135332,0.00297178480973888));
#10109=CARTESIAN_POINT('',(-0.00275,0.254117621135332,0.00279356961947776));
#10110=CARTESIAN_POINT('',(-0.00275,-0.0042,0.00279356961947776));
#10111=CARTESIAN_POINT('',(-0.00240765180475363,-0.0042,0.00297178480973888));
#10112=CARTESIAN_POINT('',(-0.00275,0.254117621135332,0.00234678480973888));
#10113=CARTESIAN_POINT('',(-0.00275,0.254117621135332,0.0019));
#10114=CARTESIAN_POINT('',(-0.00275,-0.0042,0.0019));
#10115=CARTESIAN_POINT('',(-0.00275,-0.0042,0.00234678480973888));
#10116=CARTESIAN_POINT('',(-0.00243069994497189,0.254117621135332,0.0019));
#10117=CARTESIAN_POINT('',(-0.00211139988994379,0.254117621135332,0.0019));
#10118=CARTESIAN_POINT('',(-0.00211139988994379,-0.0042,0.0019));
#10119=CARTESIAN_POINT('',(-0.00243069994497189,-0.0042,0.0019));
#10120=CARTESIAN_POINT('',(-4.33680868994202E-19,0.254117621135332,0.0019));
#10121=CARTESIAN_POINT('',(-0.00075,0.254117621135332,0.0019));
#10122=CARTESIAN_POINT('',(-0.00075,-0.0042,0.0019));
#10123=CARTESIAN_POINT('',(-4.33680868994202E-19,-0.0042,0.0019));
#10124=CARTESIAN_POINT('',(-0.0014306999449719,0.254117621135332,0.00225434996266475));
#10125=CARTESIAN_POINT('',(-0.00075,0.254117621135332,0.00260869992532951));
#10126=CARTESIAN_POINT('',(-0.00075,-0.0042,0.00260869992532951));
#10127=CARTESIAN_POINT('',(-0.0014306999449719,-0.0042,0.00225434996266475));
#10128=CARTESIAN_POINT('',(-0.00075,0.254117621135332,0.00225434996266475));
#10129=CARTESIAN_POINT('',(-0.00075,-0.0042,0.00225434996266475));
#10130=CARTESIAN_POINT('',(0.,-0.0042,0.00315));
#10131=CARTESIAN_POINT('',(0.00475,0.254117621135332,0.00315));
#10132=CARTESIAN_POINT('',(0.00475,-0.0042,0.00315));
#10133=CARTESIAN_POINT('',(0.00475,-0.0042,0.0044));
#10134=CARTESIAN_POINT('',(0.00475,-0.0042,0.0019));
#10135=CARTESIAN_POINT('',(0.00475,0.254117621135332,0.0019));
#10136=CARTESIAN_POINT('',(0.00475,0.254117621135332,0.0044));
#10137=CARTESIAN_POINT('',(0.004,0.254117621135332,0.0044));
#10138=CARTESIAN_POINT('',(0.004,-0.0042,0.0044));
#10139=CARTESIAN_POINT('',(0.00325,-0.0042,0.0044));
#10140=CARTESIAN_POINT('',(0.00325,0.254117621135332,0.0044));
#10141=CARTESIAN_POINT('',(0.00325,0.254117621135332,0.0034));
#10142=CARTESIAN_POINT('',(0.00325,-0.0042,0.0034));
#10143=CARTESIAN_POINT('',(0.00325,-0.0042,0.0024));
#10144=CARTESIAN_POINT('',(0.00325,0.254117621135332,0.0024));
#10145=CARTESIAN_POINT('',(0.003,0.254117621135332,0.0024));
#10146=CARTESIAN_POINT('',(0.003,-0.0042,0.0024));
#10147=CARTESIAN_POINT('',(0.00275,-0.0042,0.0024));
#10148=CARTESIAN_POINT('',(0.00275,0.254117621135332,0.0024));
#10149=CARTESIAN_POINT('',(0.00275,0.254117621135332,0.0034));
#10150=CARTESIAN_POINT('',(0.00275,-0.0042,0.0034));
#10151=CARTESIAN_POINT('',(0.00275,-0.0042,0.0044));
#10152=CARTESIAN_POINT('',(0.00275,0.254117621135332,0.0044));
#10153=CARTESIAN_POINT('',(0.002,0.254117621135332,0.0044));
#10154=CARTESIAN_POINT('',(0.002,-0.0042,0.0044));
#10155=CARTESIAN_POINT('',(0.00125,-0.0042,0.0044));
#10156=CARTESIAN_POINT('',(0.00125,0.254117621135332,0.0044));
#10157=CARTESIAN_POINT('',(0.00125,0.254117621135332,0.00315));
#10158=CARTESIAN_POINT('',(0.00125,-0.0042,0.00315));
#10159=CARTESIAN_POINT('',(0.00125,-0.0042,0.0019));
#10160=CARTESIAN_POINT('',(0.00125,0.254117621135332,0.0019));
#10161=CARTESIAN_POINT('',(0.003,0.254117621135332,0.0019));
#10162=CARTESIAN_POINT('',(0.003,-0.0042,0.0019));
#10163=CARTESIAN_POINT('',(0.,-0.0042,0.00315));
#10164=CARTESIAN_POINT('',(0.00675,0.254117621135332,0.00315));
#10165=CARTESIAN_POINT('',(0.00675,0.254117621135332,0.0019));
#10166=CARTESIAN_POINT('',(0.00675,-0.0042,0.0019));
#10167=CARTESIAN_POINT('',(0.00675,0.254117621135332,0.0044));
#10168=CARTESIAN_POINT('',(0.00675,-0.0042,0.0044));
#10169=CARTESIAN_POINT('',(0.00675,-0.0042,0.00315));
#10170=CARTESIAN_POINT('',(0.006,0.254117621135332,0.0019));
#10171=CARTESIAN_POINT('',(0.00525,0.254117621135332,0.0019));
#10172=CARTESIAN_POINT('',(0.00525,-0.0042,0.0019));
#10173=CARTESIAN_POINT('',(0.006,-0.0042,0.0019));
#10174=CARTESIAN_POINT('',(0.006,0.254117621135332,0.0044));
#10175=CARTESIAN_POINT('',(0.00525,0.254117621135332,0.0044));
#10176=CARTESIAN_POINT('',(0.00525,-0.0042,0.0044));
#10177=CARTESIAN_POINT('',(0.006,-0.0042,0.0044));
#10178=CARTESIAN_POINT('',(0.00525,0.254117621135332,0.00315));
#10179=CARTESIAN_POINT('',(0.00525,-0.0042,0.00315));
#10180=CARTESIAN_POINT('',(0.,-0.0042,0.00315));
#10181=CARTESIAN_POINT('',(0.01075,0.254117621135332,0.00230416051337527));
#10182=CARTESIAN_POINT('',(0.01075,0.254117621135332,0.000208321026750553));
#10183=CARTESIAN_POINT('',(0.01075,-0.0042,0.000208321026750553));
#10184=CARTESIAN_POINT('',(0.01075,0.254117621135332,0.0044));
#10185=CARTESIAN_POINT('',(0.01075,-0.0042,0.0044));
#10186=CARTESIAN_POINT('',(0.01075,-0.0042,0.00230416051337527));
#10187=CARTESIAN_POINT('',(0.009,0.254117621135332,0.0044));
#10188=CARTESIAN_POINT('',(0.00725,0.254117621135332,0.0044));
#10189=CARTESIAN_POINT('',(0.00725,-0.0042,0.0044));
#10190=CARTESIAN_POINT('',(0.009,-0.0042,0.0044));
#10191=CARTESIAN_POINT('',(0.00725,0.254117621135332,0.00415));
#10192=CARTESIAN_POINT('',(0.00725,0.254117621135332,0.0039));
#10193=CARTESIAN_POINT('',(0.00725,-0.0042,0.0039));
#10194=CARTESIAN_POINT('',(0.00725,-0.0042,0.00415));
#10195=CARTESIAN_POINT('',(0.01,0.254117621135332,0.000208321026750553));
#10196=CARTESIAN_POINT('',(0.00925,0.254117621135332,0.000208321026750553));
#10197=CARTESIAN_POINT('',(0.00925,-0.0042,0.000208321026750553));
#10198=CARTESIAN_POINT('',(0.01,-0.0042,0.000208321026750553));
#10199=CARTESIAN_POINT('',(0.00825,0.254117621135332,0.0039));
#10200=CARTESIAN_POINT('',(0.00925,0.254117621135332,0.0039));
#10201=CARTESIAN_POINT('',(0.00925,-0.0042,0.0039));
#10202=CARTESIAN_POINT('',(0.00825,-0.0042,0.0039));
#10203=CARTESIAN_POINT('',(0.00925,0.254117621135332,0.00205416051337527));
#10204=CARTESIAN_POINT('',(0.00925,-0.0042,0.00205416051337527));
#10205=CARTESIAN_POINT('',(0.,-0.0042,0.00315));
#10206=CARTESIAN_POINT('',(-0.01335,-0.00015,-0.00885));
#10207=CARTESIAN_POINT('',(-0.01335,-0.00015,-0.00385));
#10208=CARTESIAN_POINT('',(-0.0132,-0.0003,-0.00385));
#10209=CARTESIAN_POINT('',(-0.0132,-0.0003,-0.00885));
#10210=CARTESIAN_POINT('',(-0.0132,-0.0003,-0.00885));
#10211=CARTESIAN_POINT('',(-0.01335,-0.00015,-0.00885));
#10212=CARTESIAN_POINT('',(-0.0132,-0.00055,-0.00885));
#10213=CARTESIAN_POINT('',(-0.0132,-0.00055,-0.00385));
#10214=CARTESIAN_POINT('',(-0.0132,-0.0008,-0.00385));
#10215=CARTESIAN_POINT('',(-0.0132,-0.0008,-0.00885));
#10216=CARTESIAN_POINT('',(-0.0132,-0.0008,-0.00885));
#10217=CARTESIAN_POINT('',(-0.0132,-0.00055,-0.00885));
#10218=CARTESIAN_POINT('',(-0.01335,-0.0008,-0.00885));
#10219=CARTESIAN_POINT('',(-0.01335,-0.0008,-0.00385));
#10220=CARTESIAN_POINT('',(-0.01335,-0.0008,-0.00885));
#10221=CARTESIAN_POINT('',(-0.01335,-0.001,-0.00885));
#10222=CARTESIAN_POINT('',(-0.01335,-0.001,-0.00385));
#10223=CARTESIAN_POINT('',(-0.01335,-0.0008,0.01515));
#10224=CARTESIAN_POINT('',(-0.01335,-0.0008,0.01015));
#10225=CARTESIAN_POINT('',(-0.0132,-0.0008,0.01015));
#10226=CARTESIAN_POINT('',(-0.0132,-0.0008,0.01515));
#10227=CARTESIAN_POINT('',(-0.0132,-0.0008,0.01515));
#10228=CARTESIAN_POINT('',(-0.01335,-0.0008,0.01515));
#10229=CARTESIAN_POINT('',(-0.0132,-0.00055,0.01515));
#10230=CARTESIAN_POINT('',(-0.0132,-0.00055,0.01015));
#10231=CARTESIAN_POINT('',(-0.0132,-0.0003,0.01015));
#10232=CARTESIAN_POINT('',(-0.0132,-0.0003,0.01515));
#10233=CARTESIAN_POINT('',(-0.0132,-0.0003,0.01515));
#10234=CARTESIAN_POINT('',(-0.0132,-0.00055,0.01515));
#10235=CARTESIAN_POINT('',(-0.01335,-0.00015,0.01515));
#10236=CARTESIAN_POINT('',(-0.01335,-0.00015,0.01015));
#10237=CARTESIAN_POINT('',(-0.01335,-0.00015,0.01515));
#10238=CARTESIAN_POINT('',(-0.01335,-0.001,0.01515));
#10239=CARTESIAN_POINT('',(-0.01335,-0.001,0.01015));
#10240=CARTESIAN_POINT('',(0.01335,-0.0008,-0.00885));
#10241=CARTESIAN_POINT('',(0.01335,-0.0008,-0.00385));
#10242=CARTESIAN_POINT('',(0.0132,-0.0008,-0.00385));
#10243=CARTESIAN_POINT('',(0.0132,-0.0008,-0.00885));
#10244=CARTESIAN_POINT('',(0.0132,-0.0008,-0.00885));
#10245=CARTESIAN_POINT('',(0.01335,-0.0008,-0.00885));
#10246=CARTESIAN_POINT('',(0.0132,-0.00055,-0.00885));
#10247=CARTESIAN_POINT('',(0.0132,-0.00055,-0.00385));
#10248=CARTESIAN_POINT('',(0.0132,-0.0003,-0.00385));
#10249=CARTESIAN_POINT('',(0.0132,-0.0003,-0.00885));
#10250=CARTESIAN_POINT('',(0.0132,-0.0003,-0.00885));
#10251=CARTESIAN_POINT('',(0.0132,-0.00055,-0.00885));
#10252=CARTESIAN_POINT('',(0.01335,-0.00015,-0.00885));
#10253=CARTESIAN_POINT('',(0.01335,-0.00015,-0.00385));
#10254=CARTESIAN_POINT('',(0.01335,-0.00015,-0.00885));
#10255=CARTESIAN_POINT('',(0.01335,-0.001,-0.00885));
#10256=CARTESIAN_POINT('',(0.01335,-0.001,-0.00385));
#10257=CARTESIAN_POINT('',(0.01335,-0.00015,0.01515));
#10258=CARTESIAN_POINT('',(0.01335,-0.00015,0.01015));
#10259=CARTESIAN_POINT('',(0.0132,-0.0003,0.01015));
#10260=CARTESIAN_POINT('',(0.0132,-0.0003,0.01515));
#10261=CARTESIAN_POINT('',(0.0132,-0.0003,0.01515));
#10262=CARTESIAN_POINT('',(0.01335,-0.00015,0.01515));
#10263=CARTESIAN_POINT('',(0.0132,-0.00055,0.01515));
#10264=CARTESIAN_POINT('',(0.0132,-0.00055,0.01015));
#10265=CARTESIAN_POINT('',(0.0132,-0.0008,0.01015));
#10266=CARTESIAN_POINT('',(0.0132,-0.0008,0.01515));
#10267=CARTESIAN_POINT('',(0.0132,-0.0008,0.01515));
#10268=CARTESIAN_POINT('',(0.0132,-0.00055,0.01515));
#10269=CARTESIAN_POINT('',(0.01335,-0.0008,0.01515));
#10270=CARTESIAN_POINT('',(0.01335,-0.0008,0.01015));
#10271=CARTESIAN_POINT('',(0.01335,-0.0008,0.01515));
#10272=CARTESIAN_POINT('',(0.01335,-0.001,0.01515));
#10273=CARTESIAN_POINT('',(0.01335,-0.001,0.01015));
#10274=CARTESIAN_POINT('',(0.,0.,0.));
#10275=CARTESIAN_POINT('',(0.0102,-0.005502,0.02265));
#10276=CARTESIAN_POINT('',(0.0102,-0.0055,0.02265));
#10277=CARTESIAN_POINT('',(0.0102,-0.0055,0.02465));
#10278=CARTESIAN_POINT('',(0.0122,-0.0055,0.02265));
#10279=CARTESIAN_POINT('',(0.0102,-0.005502,0.02465));
#10280=CARTESIAN_POINT('',(0.0102,-0.0042,0.02465));
#10281=CARTESIAN_POINT('',(0.0102,-0.0042,0.02265));
#10282=CARTESIAN_POINT('',(0.0122,-0.0042,0.02265));
#10283=CARTESIAN_POINT('',(0.0122,-0.005502,0.02265));
#10284=CARTESIAN_POINT('',(0.0122,-0.005502,0.00615));
#10285=CARTESIAN_POINT('',(0.0122,-0.0055,0.00615));
#10286=CARTESIAN_POINT('',(0.0122,-0.0055,-0.01035));
#10287=CARTESIAN_POINT('',(0.0122,-0.0042,0.00615));
#10288=CARTESIAN_POINT('',(0.0122,-0.0042,-0.01035));
#10289=CARTESIAN_POINT('',(0.0122,-0.005502,-0.01035));
#10290=CARTESIAN_POINT('',(0.00955,-0.005502,-0.01035));
#10291=CARTESIAN_POINT('',(0.00955,-0.0055,-0.01035));
#10292=CARTESIAN_POINT('',(0.0069,-0.0055,-0.01035));
#10293=CARTESIAN_POINT('',(0.00955,-0.0042,-0.01035));
#10294=CARTESIAN_POINT('',(0.0069,-0.0042,-0.01035));
#10295=CARTESIAN_POINT('',(0.0069,-0.005502,-0.01035));
#10296=CARTESIAN_POINT('',(0.0069,-0.005502,-0.01335));
#10297=CARTESIAN_POINT('',(0.0039,-0.005502,-0.01335));
#10298=CARTESIAN_POINT('',(0.0039,-0.0055,-0.01335));
#10299=CARTESIAN_POINT('',(0.0039,-0.0042,-0.01335));
#10300=CARTESIAN_POINT('',(0.0069,-0.0055,-0.01335));
#10301=CARTESIAN_POINT('',(0.0069,-0.0042,-0.01335));
#10302=CARTESIAN_POINT('',(0.0039,-0.005502,-0.01585));
#10303=CARTESIAN_POINT('',(0.0039,-0.0055,-0.01585));
#10304=CARTESIAN_POINT('',(0.0039,-0.0055,-0.01835));
#10305=CARTESIAN_POINT('',(0.0039,-0.0042,-0.01585));
#10306=CARTESIAN_POINT('',(0.0039,-0.0042,-0.01835));
#10307=CARTESIAN_POINT('',(0.0039,-0.005502,-0.01835));
#10308=CARTESIAN_POINT('',(-0.00415,-0.005502,-0.01835));
#10309=CARTESIAN_POINT('',(-0.00415,-0.0055,-0.01835));
#10310=CARTESIAN_POINT('',(-0.0122,-0.0055,-0.01835));
#10311=CARTESIAN_POINT('',(-0.00415,-0.0042,-0.01835));
#10312=CARTESIAN_POINT('',(-0.0122,-0.0042,-0.01835));
#10313=CARTESIAN_POINT('',(-0.0122,-0.005502,-0.01835));
#10314=CARTESIAN_POINT('',(-0.0122,-0.005502,0.00215));
#10315=CARTESIAN_POINT('',(-0.0122,-0.0055,0.00215));
#10316=CARTESIAN_POINT('',(-0.0122,-0.0055,0.02265));
#10317=CARTESIAN_POINT('',(-0.0122,-0.0042,0.00215));
#10318=CARTESIAN_POINT('',(-0.0122,-0.0042,0.02265));
#10319=CARTESIAN_POINT('',(-0.0122,-0.005502,0.02265));
#10320=CARTESIAN_POINT('',(-0.0102,-0.005502,0.02265));
#10321=CARTESIAN_POINT('',(-0.0102,-0.0055,0.02265));
#10322=CARTESIAN_POINT('',(-0.0102,-0.0055,0.02465));
#10323=CARTESIAN_POINT('',(-0.0102,-0.0042,0.02265));
#10324=CARTESIAN_POINT('',(-0.0102,-0.0042,0.02465));
#10325=CARTESIAN_POINT('',(-0.0102,-0.005502,0.02465));
#10326=CARTESIAN_POINT('',(-0.0102,-0.005502,0.02565));
#10327=CARTESIAN_POINT('',(-0.0102,-0.005502,0.02565));
#10328=CARTESIAN_POINT('',(-0.0102,-0.0055,0.02565));
#10329=CARTESIAN_POINT('',(-0.0102,-0.0042,0.02565));
#10330=CARTESIAN_POINT('',(-0.0102,-0.0055,0.02565));
#10331=CARTESIAN_POINT('',(0.0102,-0.0055,0.02565));
#10332=CARTESIAN_POINT('',(0.0102,-0.005502,0.02565));
#10333=CARTESIAN_POINT('',(0.0102,-0.0042,0.02565));
#10334=CARTESIAN_POINT('',(-0.0102,-0.0042,0.02565));
#10335=CARTESIAN_POINT('',(-0.0102,-0.005502,0.02265));
#10336=CARTESIAN_POINT('',(-0.0132,-0.005502,0.02265));
#10337=CARTESIAN_POINT('',(-0.0132,-0.0055,0.02265));
#10338=CARTESIAN_POINT('',(-0.0132,-0.0042,0.02265));
#10339=CARTESIAN_POINT('',(-0.0102,-0.0055,0.02265));
#10340=CARTESIAN_POINT('',(-0.0102,-0.0042,0.02265));
#10341=CARTESIAN_POINT('',(-0.0132,-0.005502,-0.02035));
#10342=CARTESIAN_POINT('',(-0.0132,-0.005502,-0.01935));
#10343=CARTESIAN_POINT('',(-0.0132,-0.0055,-0.01935));
#10344=CARTESIAN_POINT('',(-0.0132,-0.0042,-0.01935));
#10345=CARTESIAN_POINT('',(-0.0132,-0.0055,-0.02035));
#10346=CARTESIAN_POINT('',(-0.0132,-0.0042,-0.02035));
#10347=CARTESIAN_POINT('',(0.0059,-0.005502,-0.01935));
#10348=CARTESIAN_POINT('',(0.0049,-0.005502,-0.01935));
#10349=CARTESIAN_POINT('',(0.0049,-0.0055,-0.01935));
#10350=CARTESIAN_POINT('',(0.0049,-0.0042,-0.01935));
#10351=CARTESIAN_POINT('',(0.0059,-0.0055,-0.01935));
#10352=CARTESIAN_POINT('',(0.0059,-0.0042,-0.01935));
#10353=CARTESIAN_POINT('',(0.0049,-0.005502,-0.01235));
#10354=CARTESIAN_POINT('',(0.0049,-0.005502,-0.01335));
#10355=CARTESIAN_POINT('',(0.0049,-0.0055,-0.01335));
#10356=CARTESIAN_POINT('',(0.0049,-0.0042,-0.01335));
#10357=CARTESIAN_POINT('',(0.0049,-0.0055,-0.01235));
#10358=CARTESIAN_POINT('',(0.0049,-0.0042,-0.01235));
#10359=CARTESIAN_POINT('',(0.0069,-0.005502,-0.01335));
#10360=CARTESIAN_POINT('',(0.0069,-0.0055,-0.01335));
#10361=CARTESIAN_POINT('',(0.0069,-0.0055,-0.01135));
#10362=CARTESIAN_POINT('',(0.0069,-0.0042,-0.01335));
#10363=CARTESIAN_POINT('',(0.0069,-0.0042,-0.01135));
#10364=CARTESIAN_POINT('',(0.0069,-0.005502,-0.01135));
#10365=CARTESIAN_POINT('',(0.0142,-0.005502,-0.01135));
#10366=CARTESIAN_POINT('',(0.0132,-0.005502,-0.01135));
#10367=CARTESIAN_POINT('',(0.0132,-0.0055,-0.01135));
#10368=CARTESIAN_POINT('',(0.0132,-0.0042,-0.01135));
#10369=CARTESIAN_POINT('',(0.0142,-0.0055,-0.01135));
#10370=CARTESIAN_POINT('',(0.0142,-0.0042,-0.01135));
#10371=CARTESIAN_POINT('',(0.0132,-0.005502,0.02265));
#10372=CARTESIAN_POINT('',(0.0132,-0.005502,0.02265));
#10373=CARTESIAN_POINT('',(0.0132,-0.0055,0.02265));
#10374=CARTESIAN_POINT('',(0.0132,-0.0042,0.02265));
#10375=CARTESIAN_POINT('',(0.0132,-0.0055,0.02265));
#10376=CARTESIAN_POINT('',(0.0132,-0.0042,0.02265));
#10377=CARTESIAN_POINT('',(0.0102,-0.005502,0.02265));
#10378=CARTESIAN_POINT('',(0.0102,-0.0055,0.02265));
#10379=CARTESIAN_POINT('',(0.0102,-0.0042,0.02265));
#10380=CARTESIAN_POINT('',(0.,-0.005502,0.02465));
#10381=CARTESIAN_POINT('',(0.,-0.0055,0.02465));
#10382=CARTESIAN_POINT('',(0.,-0.0042,0.02465));
#10383=CARTESIAN_POINT('',(0.,-0.0042,0.00315));
#10384=CARTESIAN_POINT('',(0.,-0.0055,0.00315));
#10385=MECHANICAL_DESIGN_GEOMETRIC_PRESENTATION_REPRESENTATION('',(#6248),
#10396);
#10386=MECHANICAL_DESIGN_GEOMETRIC_PRESENTATION_REPRESENTATION('',(#6249),
#10397);
#10387=MECHANICAL_DESIGN_GEOMETRIC_PRESENTATION_REPRESENTATION('',(#6250),
#10398);
#10388=MECHANICAL_DESIGN_GEOMETRIC_PRESENTATION_REPRESENTATION('',(#6251),
#10399);
#10389=MECHANICAL_DESIGN_GEOMETRIC_PRESENTATION_REPRESENTATION('',(#6252),
#10400);
#10390=MECHANICAL_DESIGN_GEOMETRIC_PRESENTATION_REPRESENTATION('',(#6253),
#10401);
#10391=MECHANICAL_DESIGN_GEOMETRIC_PRESENTATION_REPRESENTATION('',(#6254),
#10402);
#10392=MECHANICAL_DESIGN_GEOMETRIC_PRESENTATION_REPRESENTATION('',(#6255),
#10403);
#10393=MECHANICAL_DESIGN_GEOMETRIC_PRESENTATION_REPRESENTATION('',(#6256),
#10404);
#10394=MECHANICAL_DESIGN_GEOMETRIC_PRESENTATION_REPRESENTATION('',(#6257),
#10405);
#10395=MECHANICAL_DESIGN_GEOMETRIC_PRESENTATION_REPRESENTATION('',(#6258),
#10406);
#10396=(
GEOMETRIC_REPRESENTATION_CONTEXT(3)
GLOBAL_UNCERTAINTY_ASSIGNED_CONTEXT((#10407))
GLOBAL_UNIT_ASSIGNED_CONTEXT((#10440,#10429,#10418))
REPRESENTATION_CONTEXT('n','TOP_LEVEL_ASSEMBLY_PART')
);
#10397=(
GEOMETRIC_REPRESENTATION_CONTEXT(3)
GLOBAL_UNCERTAINTY_ASSIGNED_CONTEXT((#10408))
GLOBAL_UNIT_ASSIGNED_CONTEXT((#10441,#10430,#10419))
REPRESENTATION_CONTEXT('bottom','TOP_LEVEL_ASSEMBLY_PART')
);
#10398=(
GEOMETRIC_REPRESENTATION_CONTEXT(3)
GLOBAL_UNCERTAINTY_ASSIGNED_CONTEXT((#10409))
GLOBAL_UNIT_ASSIGNED_CONTEXT((#10442,#10431,#10420))
REPRESENTATION_CONTEXT('top_ring_green','TOP_LEVEL_ASSEMBLY_PART')
);
#10399=(
GEOMETRIC_REPRESENTATION_CONTEXT(3)
GLOBAL_UNCERTAINTY_ASSIGNED_CONTEXT((#10410))
GLOBAL_UNIT_ASSIGNED_CONTEXT((#10443,#10432,#10421))
REPRESENTATION_CONTEXT('k','TOP_LEVEL_ASSEMBLY_PART')
);
#10400=(
GEOMETRIC_REPRESENTATION_CONTEXT(3)
GLOBAL_UNCERTAINTY_ASSIGNED_CONTEXT((#10411))
GLOBAL_UNIT_ASSIGNED_CONTEXT((#10444,#10433,#10422))
REPRESENTATION_CONTEXT('L','TOP_LEVEL_ASSEMBLY_PART')
);
#10401=(
GEOMETRIC_REPRESENTATION_CONTEXT(3)
GLOBAL_UNCERTAINTY_ASSIGNED_CONTEXT((#10412))
GLOBAL_UNIT_ASSIGNED_CONTEXT((#10445,#10434,#10423))
REPRESENTATION_CONTEXT('e','TOP_LEVEL_ASSEMBLY_PART')
);
#10402=(
GEOMETRIC_REPRESENTATION_CONTEXT(3)
GLOBAL_UNCERTAINTY_ASSIGNED_CONTEXT((#10413))
GLOBAL_UNIT_ASSIGNED_CONTEXT((#10446,#10435,#10424))
REPRESENTATION_CONTEXT('i','TOP_LEVEL_ASSEMBLY_PART')
);
#10403=(
GEOMETRIC_REPRESENTATION_CONTEXT(3)
GLOBAL_UNCERTAINTY_ASSIGNED_CONTEXT((#10414))
GLOBAL_UNIT_ASSIGNED_CONTEXT((#10447,#10436,#10425))
REPRESENTATION_CONTEXT('y','TOP_LEVEL_ASSEMBLY_PART')
);
#10404=(
GEOMETRIC_REPRESENTATION_CONTEXT(3)
GLOBAL_UNCERTAINTY_ASSIGNED_CONTEXT((#10415))
GLOBAL_UNIT_ASSIGNED_CONTEXT((#10448,#10437,#10426))
REPRESENTATION_CONTEXT('bottom_assembly','TOP_LEVEL_ASSEMBLY_PART')
);
#10405=(
GEOMETRIC_REPRESENTATION_CONTEXT(3)
GLOBAL_UNCERTAINTY_ASSIGNED_CONTEXT((#10416))
GLOBAL_UNIT_ASSIGNED_CONTEXT((#10449,#10438,#10427))
REPRESENTATION_CONTEXT('top','TOP_LEVEL_ASSEMBLY_PART')
);
#10406=(
GEOMETRIC_REPRESENTATION_CONTEXT(3)
GLOBAL_UNCERTAINTY_ASSIGNED_CONTEXT((#10417))
GLOBAL_UNIT_ASSIGNED_CONTEXT((#10450,#10439,#10428))
REPRESENTATION_CONTEXT('top_outline_green','TOP_LEVEL_ASSEMBLY_PART')
);
#10407=UNCERTAINTY_MEASURE_WITH_UNIT(LENGTH_MEASURE(1.E-8),#10440,
'DISTANCE_ACCURACY_VALUE','Maximum Tolerance applied to model');
#10408=UNCERTAINTY_MEASURE_WITH_UNIT(LENGTH_MEASURE(1.E-8),#10441,
'DISTANCE_ACCURACY_VALUE','Maximum Tolerance applied to model');
#10409=UNCERTAINTY_MEASURE_WITH_UNIT(LENGTH_MEASURE(1.E-8),#10442,
'DISTANCE_ACCURACY_VALUE','Maximum Tolerance applied to model');
#10410=UNCERTAINTY_MEASURE_WITH_UNIT(LENGTH_MEASURE(1.E-8),#10443,
'DISTANCE_ACCURACY_VALUE','Maximum Tolerance applied to model');
#10411=UNCERTAINTY_MEASURE_WITH_UNIT(LENGTH_MEASURE(1.E-8),#10444,
'DISTANCE_ACCURACY_VALUE','Maximum Tolerance applied to model');
#10412=UNCERTAINTY_MEASURE_WITH_UNIT(LENGTH_MEASURE(1.E-8),#10445,
'DISTANCE_ACCURACY_VALUE','Maximum Tolerance applied to model');
#10413=UNCERTAINTY_MEASURE_WITH_UNIT(LENGTH_MEASURE(1.E-8),#10446,
'DISTANCE_ACCURACY_VALUE','Maximum Tolerance applied to model');
#10414=UNCERTAINTY_MEASURE_WITH_UNIT(LENGTH_MEASURE(1.E-8),#10447,
'DISTANCE_ACCURACY_VALUE','Maximum Tolerance applied to model');
#10415=UNCERTAINTY_MEASURE_WITH_UNIT(LENGTH_MEASURE(1.E-8),#10448,
'DISTANCE_ACCURACY_VALUE','Maximum Tolerance applied to model');
#10416=UNCERTAINTY_MEASURE_WITH_UNIT(LENGTH_MEASURE(2.E-5),#10449,
'DISTANCE_ACCURACY_VALUE','Maximum Tolerance applied to model');
#10417=UNCERTAINTY_MEASURE_WITH_UNIT(LENGTH_MEASURE(1.E-8),#10450,
'DISTANCE_ACCURACY_VALUE','Maximum Tolerance applied to model');
#10418=(
NAMED_UNIT(*)
SI_UNIT($,.STERADIAN.)
SOLID_ANGLE_UNIT()
);
#10419=(
NAMED_UNIT(*)
SI_UNIT($,.STERADIAN.)
SOLID_ANGLE_UNIT()
);
#10420=(
NAMED_UNIT(*)
SI_UNIT($,.STERADIAN.)
SOLID_ANGLE_UNIT()
);
#10421=(
NAMED_UNIT(*)
SI_UNIT($,.STERADIAN.)
SOLID_ANGLE_UNIT()
);
#10422=(
NAMED_UNIT(*)
SI_UNIT($,.STERADIAN.)
SOLID_ANGLE_UNIT()
);
#10423=(
NAMED_UNIT(*)
SI_UNIT($,.STERADIAN.)
SOLID_ANGLE_UNIT()
);
#10424=(
NAMED_UNIT(*)
SI_UNIT($,.STERADIAN.)
SOLID_ANGLE_UNIT()
);
#10425=(
NAMED_UNIT(*)
SI_UNIT($,.STERADIAN.)
SOLID_ANGLE_UNIT()
);
#10426=(
NAMED_UNIT(*)
SI_UNIT($,.STERADIAN.)
SOLID_ANGLE_UNIT()
);
#10427=(
NAMED_UNIT(*)
SI_UNIT($,.STERADIAN.)
SOLID_ANGLE_UNIT()
);
#10428=(
NAMED_UNIT(*)
SI_UNIT($,.STERADIAN.)
SOLID_ANGLE_UNIT()
);
#10429=(
NAMED_UNIT(*)
PLANE_ANGLE_UNIT()
SI_UNIT($,.RADIAN.)
);
#10430=(
NAMED_UNIT(*)
PLANE_ANGLE_UNIT()
SI_UNIT($,.RADIAN.)
);
#10431=(
NAMED_UNIT(*)
PLANE_ANGLE_UNIT()
SI_UNIT($,.RADIAN.)
);
#10432=(
NAMED_UNIT(*)
PLANE_ANGLE_UNIT()
SI_UNIT($,.RADIAN.)
);
#10433=(
NAMED_UNIT(*)
PLANE_ANGLE_UNIT()
SI_UNIT($,.RADIAN.)
);
#10434=(
NAMED_UNIT(*)
PLANE_ANGLE_UNIT()
SI_UNIT($,.RADIAN.)
);
#10435=(
NAMED_UNIT(*)
PLANE_ANGLE_UNIT()
SI_UNIT($,.RADIAN.)
);
#10436=(
NAMED_UNIT(*)
PLANE_ANGLE_UNIT()
SI_UNIT($,.RADIAN.)
);
#10437=(
NAMED_UNIT(*)
PLANE_ANGLE_UNIT()
SI_UNIT($,.RADIAN.)
);
#10438=(
NAMED_UNIT(*)
PLANE_ANGLE_UNIT()
SI_UNIT($,.RADIAN.)
);
#10439=(
NAMED_UNIT(*)
PLANE_ANGLE_UNIT()
SI_UNIT($,.RADIAN.)
);
#10440=(
LENGTH_UNIT()
NAMED_UNIT(*)
SI_UNIT($,.METRE.)
);
#10441=(
LENGTH_UNIT()
NAMED_UNIT(*)
SI_UNIT($,.METRE.)
);
#10442=(
LENGTH_UNIT()
NAMED_UNIT(*)
SI_UNIT($,.METRE.)
);
#10443=(
LENGTH_UNIT()
NAMED_UNIT(*)
SI_UNIT($,.METRE.)
);
#10444=(
LENGTH_UNIT()
NAMED_UNIT(*)
SI_UNIT($,.METRE.)
);
#10445=(
LENGTH_UNIT()
NAMED_UNIT(*)
SI_UNIT($,.METRE.)
);
#10446=(
LENGTH_UNIT()
NAMED_UNIT(*)
SI_UNIT($,.METRE.)
);
#10447=(
LENGTH_UNIT()
NAMED_UNIT(*)
SI_UNIT($,.METRE.)
);
#10448=(
LENGTH_UNIT()
NAMED_UNIT(*)
SI_UNIT($,.METRE.)
);
#10449=(
LENGTH_UNIT()
NAMED_UNIT(*)
SI_UNIT($,.METRE.)
);
#10450=(
LENGTH_UNIT()
NAMED_UNIT(*)
SI_UNIT($,.METRE.)
);
#10451=PRODUCT_DEFINITION_SHAPE('','',#10462);
#10452=PRODUCT_DEFINITION_SHAPE('','',#10463);
#10453=PRODUCT_DEFINITION_SHAPE('','',#10464);
#10454=PRODUCT_DEFINITION_SHAPE('','',#10465);
#10455=PRODUCT_DEFINITION_SHAPE('','',#10466);
#10456=PRODUCT_DEFINITION_SHAPE('','',#10467);
#10457=PRODUCT_DEFINITION_SHAPE('','',#10468);
#10458=PRODUCT_DEFINITION_SHAPE('','',#10469);
#10459=PRODUCT_DEFINITION_SHAPE('','',#10470);
#10460=PRODUCT_DEFINITION_SHAPE('','',#10471);
#10461=PRODUCT_DEFINITION_SHAPE('','',#10472);
#10462=PRODUCT_DEFINITION('','',#10484,#10473);
#10463=PRODUCT_DEFINITION('','',#10485,#10474);
#10464=PRODUCT_DEFINITION('','',#10486,#10475);
#10465=PRODUCT_DEFINITION('','',#10487,#10476);
#10466=PRODUCT_DEFINITION('','',#10488,#10477);
#10467=PRODUCT_DEFINITION('','',#10489,#10478);
#10468=PRODUCT_DEFINITION('','',#10490,#10479);
#10469=PRODUCT_DEFINITION('','',#10491,#10480);
#10470=PRODUCT_DEFINITION('','',#10492,#10481);
#10471=PRODUCT_DEFINITION('','',#10493,#10482);
#10472=PRODUCT_DEFINITION('','',#10494,#10483);
#10473=PRODUCT_DEFINITION_CONTEXT('',#10550,'design');
#10474=PRODUCT_DEFINITION_CONTEXT('',#10551,'design');
#10475=PRODUCT_DEFINITION_CONTEXT('',#10552,'design');
#10476=PRODUCT_DEFINITION_CONTEXT('',#10553,'design');
#10477=PRODUCT_DEFINITION_CONTEXT('',#10554,'design');
#10478=PRODUCT_DEFINITION_CONTEXT('',#10555,'design');
#10479=PRODUCT_DEFINITION_CONTEXT('',#10556,'design');
#10480=PRODUCT_DEFINITION_CONTEXT('',#10557,'design');
#10481=PRODUCT_DEFINITION_CONTEXT('',#10558,'design');
#10482=PRODUCT_DEFINITION_CONTEXT('',#10559,'design');
#10483=PRODUCT_DEFINITION_CONTEXT('',#10560,'design');
#10484=PRODUCT_DEFINITION_FORMATION_WITH_SPECIFIED_SOURCE('','',#10506,
 .NOT_KNOWN.);
#10485=PRODUCT_DEFINITION_FORMATION_WITH_SPECIFIED_SOURCE('','',#10507,
 .NOT_KNOWN.);
#10486=PRODUCT_DEFINITION_FORMATION_WITH_SPECIFIED_SOURCE('','',#10508,
 .NOT_KNOWN.);
#10487=PRODUCT_DEFINITION_FORMATION_WITH_SPECIFIED_SOURCE('','',#10509,
 .NOT_KNOWN.);
#10488=PRODUCT_DEFINITION_FORMATION_WITH_SPECIFIED_SOURCE('','',#10510,
 .NOT_KNOWN.);
#10489=PRODUCT_DEFINITION_FORMATION_WITH_SPECIFIED_SOURCE('','',#10511,
 .NOT_KNOWN.);
#10490=PRODUCT_DEFINITION_FORMATION_WITH_SPECIFIED_SOURCE('','',#10512,
 .NOT_KNOWN.);
#10491=PRODUCT_DEFINITION_FORMATION_WITH_SPECIFIED_SOURCE('','',#10513,
 .NOT_KNOWN.);
#10492=PRODUCT_DEFINITION_FORMATION_WITH_SPECIFIED_SOURCE('','',#10514,
 .NOT_KNOWN.);
#10493=PRODUCT_DEFINITION_FORMATION_WITH_SPECIFIED_SOURCE('','',#10515,
 .NOT_KNOWN.);
#10494=PRODUCT_DEFINITION_FORMATION_WITH_SPECIFIED_SOURCE('','',#10516,
 .NOT_KNOWN.);
#10495=PRODUCT_RELATED_PRODUCT_CATEGORY('','',(#10506));
#10496=PRODUCT_RELATED_PRODUCT_CATEGORY('','',(#10507));
#10497=PRODUCT_RELATED_PRODUCT_CATEGORY('','',(#10508));
#10498=PRODUCT_RELATED_PRODUCT_CATEGORY('','',(#10509));
#10499=PRODUCT_RELATED_PRODUCT_CATEGORY('','',(#10510));
#10500=PRODUCT_RELATED_PRODUCT_CATEGORY('','',(#10511));
#10501=PRODUCT_RELATED_PRODUCT_CATEGORY('','',(#10512));
#10502=PRODUCT_RELATED_PRODUCT_CATEGORY('','',(#10513));
#10503=PRODUCT_RELATED_PRODUCT_CATEGORY('','',(#10514));
#10504=PRODUCT_RELATED_PRODUCT_CATEGORY('','',(#10515));
#10505=PRODUCT_RELATED_PRODUCT_CATEGORY('','',(#10516));
#10506=PRODUCT('n','n','n',(#10528));
#10507=PRODUCT('bottom','bottom','bottom',(#10529));
#10508=PRODUCT('top_ring_green','top_ring_green','top_ring_green',(#10530));
#10509=PRODUCT('k','k','k',(#10531));
#10510=PRODUCT('L','L','L',(#10532));
#10511=PRODUCT('e','e','e',(#10533));
#10512=PRODUCT('i','i','i',(#10534));
#10513=PRODUCT('y','y','y',(#10535));
#10514=PRODUCT('bottom_assembly','bottom_assembly','bottom_assembly',(#10536));
#10515=PRODUCT('top','top','top',(#10537));
#10516=PRODUCT('top_outline_green','top_outline_green',
'top_outline_green',(#10538));
#10517=PRODUCT_CATEGORY('','');
#10518=PRODUCT_CATEGORY('','');
#10519=PRODUCT_CATEGORY('','');
#10520=PRODUCT_CATEGORY('','');
#10521=PRODUCT_CATEGORY('','');
#10522=PRODUCT_CATEGORY('','');
#10523=PRODUCT_CATEGORY('','');
#10524=PRODUCT_CATEGORY('','');
#10525=PRODUCT_CATEGORY('','');
#10526=PRODUCT_CATEGORY('','');
#10527=PRODUCT_CATEGORY('','');
#10528=PRODUCT_CONTEXT('',#10550,'mechanical');
#10529=PRODUCT_CONTEXT('',#10551,'mechanical');
#10530=PRODUCT_CONTEXT('',#10552,'mechanical');
#10531=PRODUCT_CONTEXT('',#10553,'mechanical');
#10532=PRODUCT_CONTEXT('',#10554,'mechanical');
#10533=PRODUCT_CONTEXT('',#10555,'mechanical');
#10534=PRODUCT_CONTEXT('',#10556,'mechanical');
#10535=PRODUCT_CONTEXT('',#10557,'mechanical');
#10536=PRODUCT_CONTEXT('',#10558,'mechanical');
#10537=PRODUCT_CONTEXT('',#10559,'mechanical');
#10538=PRODUCT_CONTEXT('',#10560,'mechanical');
#10539=APPLICATION_PROTOCOL_DEFINITION('international standard',
'ap242_managed_model_based_3d_engineering',2020,#10550);
#10540=APPLICATION_PROTOCOL_DEFINITION('international standard',
'ap242_managed_model_based_3d_engineering',2020,#10551);
#10541=APPLICATION_PROTOCOL_DEFINITION('international standard',
'ap242_managed_model_based_3d_engineering',2020,#10552);
#10542=APPLICATION_PROTOCOL_DEFINITION('international standard',
'ap242_managed_model_based_3d_engineering',2020,#10553);
#10543=APPLICATION_PROTOCOL_DEFINITION('international standard',
'ap242_managed_model_based_3d_engineering',2020,#10554);
#10544=APPLICATION_PROTOCOL_DEFINITION('international standard',
'ap242_managed_model_based_3d_engineering',2020,#10555);
#10545=APPLICATION_PROTOCOL_DEFINITION('international standard',
'ap242_managed_model_based_3d_engineering',2020,#10556);
#10546=APPLICATION_PROTOCOL_DEFINITION('international standard',
'ap242_managed_model_based_3d_engineering',2020,#10557);
#10547=APPLICATION_PROTOCOL_DEFINITION('international standard',
'ap242_managed_model_based_3d_engineering',2020,#10558);
#10548=APPLICATION_PROTOCOL_DEFINITION('international standard',
'ap242_managed_model_based_3d_engineering',2020,#10559);
#10549=APPLICATION_PROTOCOL_DEFINITION('international standard',
'ap242_managed_model_based_3d_engineering',2020,#10560);
#10550=APPLICATION_CONTEXT('managed model based 3d engineering');
#10551=APPLICATION_CONTEXT('managed model based 3d engineering');
#10552=APPLICATION_CONTEXT('managed model based 3d engineering');
#10553=APPLICATION_CONTEXT('managed model based 3d engineering');
#10554=APPLICATION_CONTEXT('managed model based 3d engineering');
#10555=APPLICATION_CONTEXT('managed model based 3d engineering');
#10556=APPLICATION_CONTEXT('managed model based 3d engineering');
#10557=APPLICATION_CONTEXT('managed model based 3d engineering');
#10558=APPLICATION_CONTEXT('managed model based 3d engineering');
#10559=APPLICATION_CONTEXT('managed model based 3d engineering');
#10560=APPLICATION_CONTEXT('managed model based 3d engineering');
ENDSEC;
END-ISO-10303-21;
